0 verbose cli /usr/local/bin/node /usr/local/bin/npm
1 info using npm@11.6.2
2 info using node@v24.13.0
3 silly config load:file:/usr/local/lib/node_modules/npm/npmrc
4 silly config load:file:/Users/neosoft/StudioProjects/vibe coding/travel_expense_backend/.npmrc
5 silly config load:file:/Users/neosoft/.npmrc
6 silly config load:file:/usr/local/etc/npmrc
7 verbose title npm install
8 verbose argv "install" "--loglevel" "silent"
9 verbose logfile logs-max:10 dir:/Users/neosoft/StudioProjects/vibe coding/.npm-cache/_logs/2026-06-05T03_55_24_376Z-
10 verbose logfile /Users/neosoft/StudioProjects/vibe coding/.npm-cache/_logs/2026-06-05T03_55_24_376Z-debug-0.log
11 silly logfile done cleaning log files
12 silly packumentCache heap:4496293888 maxSize:1124073472 maxEntrySize:562036736
13 silly idealTree buildDeps
14 silly fetch manifest @nestjs/common@^11.0.1
15 silly packumentCache full:https://registry.npmjs.org/@nestjs%2fcommon cache-miss
16 http fetch GET 200 https://registry.npmjs.org/@nestjs%2fcommon 485ms (cache miss)
17 silly packumentCache full:https://registry.npmjs.org/@nestjs%2fcommon set size:undefined disposed:false
18 silly fetch manifest class-transformer@>=0.4.1
19 silly packumentCache full:https://registry.npmjs.org/class-transformer cache-miss
20 http fetch GET 200 https://registry.npmjs.org/class-transformer 264ms (cache miss)
21 silly packumentCache full:https://registry.npmjs.org/class-transformer set size:undefined disposed:false
22 silly fetch manifest class-validator@>=0.13.2
23 silly packumentCache full:https://registry.npmjs.org/class-validator cache-miss
24 http fetch GET 200 https://registry.npmjs.org/class-validator 39ms (cache miss)
25 silly packumentCache full:https://registry.npmjs.org/class-validator set size:undefined disposed:false
26 silly fetch manifest reflect-metadata@^0.2.2
27 silly packumentCache full:https://registry.npmjs.org/reflect-metadata cache-miss
28 http fetch GET 200 https://registry.npmjs.org/reflect-metadata 257ms (cache miss)
29 silly packumentCache full:https://registry.npmjs.org/reflect-metadata set size:undefined disposed:false
30 silly fetch manifest rxjs@^7.8.1
31 silly packumentCache full:https://registry.npmjs.org/rxjs cache-miss
32 http cache https://registry.npmjs.org/rxjs 6ms (cache hit)
33 silly packumentCache full:https://registry.npmjs.org/rxjs set size:980097 disposed:false
34 silly fetch manifest @nestjs/core@^11.0.1
35 silly packumentCache full:https://registry.npmjs.org/@nestjs%2fcore cache-miss
36 http fetch GET 200 https://registry.npmjs.org/@nestjs%2fcore 310ms (cache miss)
37 silly packumentCache full:https://registry.npmjs.org/@nestjs%2fcore set size:undefined disposed:false
38 silly fetch manifest @nestjs/microservices@^11.0.0
39 silly packumentCache full:https://registry.npmjs.org/@nestjs%2fmicroservices cache-miss
40 http fetch GET 200 https://registry.npmjs.org/@nestjs%2fmicroservices 549ms (cache miss)
41 silly packumentCache full:https://registry.npmjs.org/@nestjs%2fmicroservices set size:undefined disposed:false
42 silly fetch manifest @grpc/grpc-js@*
43 silly packumentCache full:https://registry.npmjs.org/@grpc%2fgrpc-js cache-miss
44 http fetch GET 200 https://registry.npmjs.org/@grpc%2fgrpc-js 59ms (cache miss)
45 silly packumentCache full:https://registry.npmjs.org/@grpc%2fgrpc-js set size:undefined disposed:false
46 silly fetch manifest @nestjs/websockets@^11.0.0
47 silly packumentCache full:https://registry.npmjs.org/@nestjs%2fwebsockets cache-miss
48 http fetch GET 200 https://registry.npmjs.org/@nestjs%2fwebsockets 530ms (cache miss)
49 silly packumentCache full:https://registry.npmjs.org/@nestjs%2fwebsockets set size:undefined disposed:false
50 silly fetch manifest @nestjs/platform-socket.io@^11.0.0
51 silly packumentCache full:https://registry.npmjs.org/@nestjs%2fplatform-socket.io cache-miss
52 http fetch GET 200 https://registry.npmjs.org/@nestjs%2fplatform-socket.io 477ms (cache miss)
53 silly packumentCache full:https://registry.npmjs.org/@nestjs%2fplatform-socket.io set size:undefined disposed:false
54 silly fetch manifest amqp-connection-manager@*
55 silly packumentCache full:https://registry.npmjs.org/amqp-connection-manager cache-miss
56 http fetch GET 200 https://registry.npmjs.org/amqp-connection-manager 41ms (cache miss)
57 silly packumentCache full:https://registry.npmjs.org/amqp-connection-manager set size:undefined disposed:false
58 silly fetch manifest amqplib@*
59 silly packumentCache full:https://registry.npmjs.org/amqplib cache-miss
60 http fetch GET 200 https://registry.npmjs.org/amqplib 261ms (cache miss)
61 silly packumentCache full:https://registry.npmjs.org/amqplib set size:undefined disposed:false
62 silly fetch manifest cache-manager@*
63 silly packumentCache full:https://registry.npmjs.org/cache-manager cache-miss
64 http fetch GET 200 https://registry.npmjs.org/cache-manager 44ms (cache miss)
65 silly packumentCache full:https://registry.npmjs.org/cache-manager set size:undefined disposed:false
66 silly fetch manifest ioredis@*
67 silly packumentCache full:https://registry.npmjs.org/ioredis cache-miss
68 http fetch GET 200 https://registry.npmjs.org/ioredis 54ms (cache miss)
69 silly packumentCache full:https://registry.npmjs.org/ioredis set size:undefined disposed:false
70 silly fetch manifest kafkajs@*
71 silly packumentCache full:https://registry.npmjs.org/kafkajs cache-miss
72 http fetch GET 200 https://registry.npmjs.org/kafkajs 86ms (cache miss)
73 silly packumentCache full:https://registry.npmjs.org/kafkajs set size:undefined disposed:false
74 silly fetch manifest mqtt@*
75 silly packumentCache full:https://registry.npmjs.org/mqtt cache-miss
76 http fetch GET 200 https://registry.npmjs.org/mqtt 292ms (cache miss)
77 silly packumentCache full:https://registry.npmjs.org/mqtt set size:undefined disposed:false
78 silly fetch manifest nats@*
79 silly packumentCache full:https://registry.npmjs.org/nats cache-miss
80 http fetch GET 200 https://registry.npmjs.org/nats 56ms (cache miss)
81 silly packumentCache full:https://registry.npmjs.org/nats set size:undefined disposed:false
82 silly fetch manifest @nestjs/platform-express@^11.0.1
83 silly packumentCache full:https://registry.npmjs.org/@nestjs%2fplatform-express cache-miss
84 http fetch GET 200 https://registry.npmjs.org/@nestjs%2fplatform-express 454ms (cache miss)
85 silly packumentCache full:https://registry.npmjs.org/@nestjs%2fplatform-express set size:undefined disposed:false
86 silly fetch manifest @eslint/eslintrc@^3.2.0
87 silly packumentCache full:https://registry.npmjs.org/@eslint%2feslintrc cache-miss
88 http fetch GET 200 https://registry.npmjs.org/@eslint%2feslintrc 46ms (cache miss)
89 silly packumentCache full:https://registry.npmjs.org/@eslint%2feslintrc set size:undefined disposed:false
90 silly fetch manifest @eslint/js@^9.18.0
91 silly packumentCache full:https://registry.npmjs.org/@eslint%2fjs cache-miss
92 http fetch GET 200 https://registry.npmjs.org/@eslint%2fjs 47ms (cache miss)
93 silly packumentCache full:https://registry.npmjs.org/@eslint%2fjs set size:undefined disposed:false
94 silly fetch manifest @nestjs/cli@^11.0.0
95 silly packumentCache full:https://registry.npmjs.org/@nestjs%2fcli cache-miss
96 http cache https://registry.npmjs.org/@nestjs%2fcli 4ms (cache hit)
97 silly packumentCache full:https://registry.npmjs.org/@nestjs%2fcli set size:949792 disposed:false
98 silly fetch manifest @swc/cli@^0.1.62 || ^0.3.0 || ^0.4.0 || ^0.5.0 || ^0.6.0 || ^0.7.0 || ^0.8.0
99 silly packumentCache full:https://registry.npmjs.org/@swc%2fcli cache-miss
100 http cache https://registry.npmjs.org/@swc%2fcli 4ms (cache hit)
101 silly packumentCache full:https://registry.npmjs.org/@swc%2fcli set size:245613 disposed:false
102 silly fetch manifest @swc/core@^1.2.66
103 silly packumentCache full:https://registry.npmjs.org/@swc%2fcore cache-miss
104 http cache https://registry.npmjs.org/@swc%2fcore 9ms (cache hit)
105 silly packumentCache full:https://registry.npmjs.org/@swc%2fcore set size:4033515 disposed:false
106 silly fetch manifest @swc/helpers@>=0.5.17
107 silly packumentCache full:https://registry.npmjs.org/@swc%2fhelpers cache-miss
108 http cache https://registry.npmjs.org/@swc%2fhelpers 4ms (cache hit)
109 silly packumentCache full:https://registry.npmjs.org/@swc%2fhelpers set size:775458 disposed:false
110 silly fetch manifest chokidar@^5.0.0
111 silly packumentCache full:https://registry.npmjs.org/chokidar cache-miss
112 http cache https://registry.npmjs.org/chokidar 5ms (cache hit)
113 silly packumentCache full:https://registry.npmjs.org/chokidar set size:255902 disposed:false
114 silly fetch manifest @nestjs/schematics@^11.0.0
115 silly packumentCache full:https://registry.npmjs.org/@nestjs%2fschematics cache-miss
116 http cache https://registry.npmjs.org/@nestjs%2fschematics 2ms (cache hit)
117 silly packumentCache full:https://registry.npmjs.org/@nestjs%2fschematics set size:544066 disposed:false
118 silly fetch manifest prettier@^3.4.2
119 silly packumentCache full:https://registry.npmjs.org/prettier cache-miss
120 http cache https://registry.npmjs.org/prettier 3ms (cache hit)
121 silly packumentCache full:https://registry.npmjs.org/prettier set size:665088 disposed:false
122 silly fetch manifest typescript@^5.7.3
123 silly packumentCache full:https://registry.npmjs.org/typescript cache-miss
124 http cache https://registry.npmjs.org/typescript 16ms (cache hit)
125 silly packumentCache full:https://registry.npmjs.org/typescript set size:15409943 disposed:false
126 silly fetch manifest @nestjs/testing@^11.0.1
127 silly packumentCache full:https://registry.npmjs.org/@nestjs%2ftesting cache-miss
128 http fetch GET 200 https://registry.npmjs.org/@nestjs%2ftesting 521ms (cache miss)
129 silly packumentCache full:https://registry.npmjs.org/@nestjs%2ftesting set size:undefined disposed:false
130 silly fetch manifest @types/express@^5.0.0
131 silly packumentCache full:https://registry.npmjs.org/@types%2fexpress cache-miss
132 http fetch GET 200 https://registry.npmjs.org/@types%2fexpress 46ms (cache miss)
133 silly packumentCache full:https://registry.npmjs.org/@types%2fexpress set size:undefined disposed:false
134 silly fetch manifest @types/jest@^30.0.0
135 silly packumentCache full:https://registry.npmjs.org/@types%2fjest cache-miss
136 http fetch GET 200 https://registry.npmjs.org/@types%2fjest 74ms (cache miss)
137 silly packumentCache full:https://registry.npmjs.org/@types%2fjest set size:undefined disposed:false
138 silly fetch manifest @types/node@^24.0.0
139 silly packumentCache full:https://registry.npmjs.org/@types%2fnode cache-miss
140 http cache https://registry.npmjs.org/@types%2fnode 20ms (cache hit)
141 silly packumentCache full:https://registry.npmjs.org/@types%2fnode set size:11019425 disposed:false
142 silly fetch manifest @types/supertest@^7.0.0
143 silly packumentCache full:https://registry.npmjs.org/@types%2fsupertest cache-miss
144 http fetch GET 200 https://registry.npmjs.org/@types%2fsupertest 496ms (cache miss)
145 silly packumentCache full:https://registry.npmjs.org/@types%2fsupertest set size:undefined disposed:false
146 silly fetch manifest eslint@^9.18.0
147 silly packumentCache full:https://registry.npmjs.org/eslint cache-miss
148 http fetch GET 200 https://registry.npmjs.org/eslint 77ms (cache miss)
149 silly packumentCache full:https://registry.npmjs.org/eslint set size:undefined disposed:false
150 silly fetch manifest jiti@*
151 silly packumentCache full:https://registry.npmjs.org/jiti cache-miss
152 http fetch GET 200 https://registry.npmjs.org/jiti 43ms (cache miss)
153 silly packumentCache full:https://registry.npmjs.org/jiti set size:undefined disposed:false
154 silly fetch manifest eslint-config-prettier@^10.0.1
155 silly packumentCache full:https://registry.npmjs.org/eslint-config-prettier cache-miss
156 http fetch GET 200 https://registry.npmjs.org/eslint-config-prettier 331ms (cache miss)
157 silly packumentCache full:https://registry.npmjs.org/eslint-config-prettier set size:undefined disposed:false
158 silly fetch manifest eslint-plugin-prettier@^5.2.2
159 silly packumentCache full:https://registry.npmjs.org/eslint-plugin-prettier cache-miss
160 http fetch GET 200 https://registry.npmjs.org/eslint-plugin-prettier 57ms (cache miss)
161 silly packumentCache full:https://registry.npmjs.org/eslint-plugin-prettier set size:undefined disposed:false
162 silly fetch manifest @types/eslint@>=8.0.0
163 silly packumentCache full:https://registry.npmjs.org/@types%2feslint cache-miss
164 http cache https://registry.npmjs.org/@types%2feslint 2ms (cache hit)
165 silly packumentCache full:https://registry.npmjs.org/@types%2feslint set size:220085 disposed:false
166 silly fetch manifest globals@^17.0.0
167 silly packumentCache full:https://registry.npmjs.org/globals cache-miss
168 http fetch GET 200 https://registry.npmjs.org/globals 39ms (cache miss)
169 silly packumentCache full:https://registry.npmjs.org/globals set size:undefined disposed:false
170 silly fetch manifest jest@^30.0.0
171 silly packumentCache full:https://registry.npmjs.org/jest cache-miss
172 http fetch GET 200 https://registry.npmjs.org/jest 279ms (cache miss)
173 silly packumentCache full:https://registry.npmjs.org/jest set size:undefined disposed:false
174 silly fetch manifest node-notifier@^8.0.1 || ^9.0.0 || ^10.0.0
175 silly packumentCache full:https://registry.npmjs.org/node-notifier cache-miss
176 http fetch GET 200 https://registry.npmjs.org/node-notifier 279ms (cache miss)
177 silly packumentCache full:https://registry.npmjs.org/node-notifier set size:undefined disposed:false
178 silly fetch manifest source-map-support@^0.5.21
179 silly packumentCache full:https://registry.npmjs.org/source-map-support cache-miss
180 http cache https://registry.npmjs.org/source-map-support 4ms (cache hit)
181 silly packumentCache full:https://registry.npmjs.org/source-map-support set size:125488 disposed:false
182 silly fetch manifest supertest@^7.0.0
183 silly packumentCache full:https://registry.npmjs.org/supertest cache-miss
184 http fetch GET 200 https://registry.npmjs.org/supertest 273ms (cache miss)
185 silly packumentCache full:https://registry.npmjs.org/supertest set size:undefined disposed:false
186 silly fetch manifest ts-jest@^29.2.5
187 silly packumentCache full:https://registry.npmjs.org/ts-jest cache-miss
188 http fetch GET 200 https://registry.npmjs.org/ts-jest 339ms (cache miss)
189 silly packumentCache full:https://registry.npmjs.org/ts-jest set size:undefined disposed:false
190 silly fetch manifest @babel/core@>=7.0.0-beta.0 <8
191 silly packumentCache full:https://registry.npmjs.org/@babel%2fcore cache-miss
192 http fetch GET 200 https://registry.npmjs.org/@babel%2fcore 80ms (cache miss)
193 silly packumentCache full:https://registry.npmjs.org/@babel%2fcore set size:undefined disposed:false
194 silly fetch manifest @jest/transform@^29.0.0 || ^30.0.0
195 silly packumentCache full:https://registry.npmjs.org/@jest%2ftransform cache-miss
196 http fetch GET 200 https://registry.npmjs.org/@jest%2ftransform 63ms (cache miss)
197 silly packumentCache full:https://registry.npmjs.org/@jest%2ftransform set size:undefined disposed:false
198 silly fetch manifest @jest/types@^29.0.0 || ^30.0.0
199 silly packumentCache full:https://registry.npmjs.org/@jest%2ftypes cache-miss
200 http fetch GET 200 https://registry.npmjs.org/@jest%2ftypes 53ms (cache miss)
201 silly packumentCache full:https://registry.npmjs.org/@jest%2ftypes set size:undefined disposed:false
202 silly fetch manifest babel-jest@^29.0.0 || ^30.0.0
203 silly packumentCache full:https://registry.npmjs.org/babel-jest cache-miss
204 http fetch GET 200 https://registry.npmjs.org/babel-jest 73ms (cache miss)
205 silly packumentCache full:https://registry.npmjs.org/babel-jest set size:undefined disposed:false
206 silly fetch manifest jest-util@^29.0.0 || ^30.0.0
207 silly packumentCache full:https://registry.npmjs.org/jest-util cache-miss
208 http fetch GET 200 https://registry.npmjs.org/jest-util 54ms (cache miss)
209 silly packumentCache full:https://registry.npmjs.org/jest-util set size:undefined disposed:false
210 silly fetch manifest ts-loader@^9.5.2
211 silly packumentCache full:https://registry.npmjs.org/ts-loader cache-miss
212 http fetch GET 200 https://registry.npmjs.org/ts-loader 48ms (cache miss)
213 silly packumentCache full:https://registry.npmjs.org/ts-loader set size:undefined disposed:false
214 silly fetch manifest loader-utils@*
215 silly packumentCache full:https://registry.npmjs.org/loader-utils cache-miss
216 http fetch GET 200 https://registry.npmjs.org/loader-utils 38ms (cache miss)
217 silly packumentCache full:https://registry.npmjs.org/loader-utils set size:undefined disposed:false
218 silly fetch manifest webpack@^4.0.0 || ^5.0.0
219 silly packumentCache full:https://registry.npmjs.org/webpack cache-miss
220 http cache https://registry.npmjs.org/webpack 13ms (cache hit)
221 silly packumentCache full:https://registry.npmjs.org/webpack set size:5034153 disposed:false
222 silly fetch manifest ts-node@^10.9.2
223 silly packumentCache full:https://registry.npmjs.org/ts-node cache-miss
224 http fetch GET 200 https://registry.npmjs.org/ts-node 45ms (cache miss)
225 silly packumentCache full:https://registry.npmjs.org/ts-node set size:undefined disposed:false
226 silly fetch manifest @swc/core@>=1.2.50
227 silly packumentCache full:https://registry.npmjs.org/@swc%2fcore cache-miss
228 http cache https://registry.npmjs.org/@swc%2fcore 5ms (cache hit)
229 silly packumentCache full:https://registry.npmjs.org/@swc%2fcore set size:4033515 disposed:false
230 silly fetch manifest @swc/wasm@>=1.2.50
231 silly packumentCache full:https://registry.npmjs.org/@swc%2fwasm cache-miss
232 http fetch GET 200 https://registry.npmjs.org/@swc%2fwasm 89ms (cache miss)
233 silly packumentCache full:https://registry.npmjs.org/@swc%2fwasm set size:undefined disposed:false
234 silly fetch manifest tsconfig-paths@^4.2.0
235 silly packumentCache full:https://registry.npmjs.org/tsconfig-paths cache-miss
236 http cache https://registry.npmjs.org/tsconfig-paths 3ms (cache hit)
237 silly packumentCache full:https://registry.npmjs.org/tsconfig-paths set size:192565 disposed:false
238 silly fetch manifest typescript-eslint@^8.20.0
239 silly packumentCache full:https://registry.npmjs.org/typescript-eslint cache-miss
240 http fetch GET 200 https://registry.npmjs.org/typescript-eslint 111ms (cache miss)
241 silly packumentCache full:https://registry.npmjs.org/typescript-eslint set size:undefined disposed:false
242 silly placeDep ROOT @eslint/eslintrc@3.3.5 OK for: travel_expense_backend@0.0.1 want: ^3.2.0
243 silly placeDep ROOT @eslint/js@9.39.4 OK for: travel_expense_backend@0.0.1 want: ^9.18.0
244 silly placeDep ROOT @nestjs/cli@11.0.21 OK for: travel_expense_backend@0.0.1 want: ^11.0.0
245 silly placeDep ROOT @nestjs/common@11.1.24 OK for: travel_expense_backend@0.0.1 want: ^11.0.1
246 silly placeDep ROOT rxjs@7.8.2 OK for: @nestjs/common@11.1.24 want: ^7.1.0
247 silly placeDep ROOT reflect-metadata@0.2.2 OK for: @nestjs/common@11.1.24 want: ^0.1.12 || ^0.2.0
248 silly placeDep ROOT @nestjs/core@11.1.24 OK for: travel_expense_backend@0.0.1 want: ^11.0.1
249 silly placeDep ROOT @nestjs/platform-express@11.1.24 OK for: travel_expense_backend@0.0.1 want: ^11.0.1
250 silly placeDep ROOT @nestjs/schematics@11.1.0 OK for: travel_expense_backend@0.0.1 want: ^11.0.0
251 silly placeDep ROOT typescript@5.9.3 OK for: @nestjs/schematics@11.1.0 want: >=4.8.2
252 silly placeDep ROOT @nestjs/testing@11.1.24 OK for: travel_expense_backend@0.0.1 want: ^11.0.1
253 silly placeDep ROOT @types/express@5.0.6 OK for: travel_expense_backend@0.0.1 want: ^5.0.0
254 silly placeDep ROOT @types/jest@30.0.0 OK for: travel_expense_backend@0.0.1 want: ^30.0.0
255 silly placeDep ROOT @types/node@24.13.0 OK for: travel_expense_backend@0.0.1 want: ^24.0.0
256 silly placeDep ROOT @types/supertest@7.2.0 OK for: travel_expense_backend@0.0.1 want: ^7.0.0
257 silly placeDep ROOT eslint@9.39.4 OK for: travel_expense_backend@0.0.1 want: ^9.18.0
258 silly placeDep ROOT eslint-config-prettier@10.1.8 OK for: travel_expense_backend@0.0.1 want: ^10.0.1
259 silly placeDep ROOT eslint-plugin-prettier@5.5.6 OK for: travel_expense_backend@0.0.1 want: ^5.2.2
260 silly placeDep ROOT prettier@3.8.3 OK for: eslint-plugin-prettier@5.5.6 want: >=3.0.0
261 silly placeDep ROOT globals@17.6.0 OK for: travel_expense_backend@0.0.1 want: ^17.0.0
262 silly placeDep ROOT jest@30.4.2 OK for: travel_expense_backend@0.0.1 want: ^30.0.0
263 silly placeDep ROOT source-map-support@0.5.21 OK for: travel_expense_backend@0.0.1 want: ^0.5.21
264 silly placeDep ROOT supertest@7.2.2 OK for: travel_expense_backend@0.0.1 want: ^7.0.0
265 silly placeDep ROOT ts-jest@29.4.11 OK for: travel_expense_backend@0.0.1 want: ^29.2.5
266 silly placeDep ROOT ts-loader@9.6.0 OK for: travel_expense_backend@0.0.1 want: ^9.5.2
267 silly placeDep ROOT webpack@5.107.2 OK for: ts-loader@9.6.0 want: ^4.0.0 || ^5.0.0
268 silly placeDep ROOT ts-node@10.9.2 OK for: travel_expense_backend@0.0.1 want: ^10.9.2
269 silly placeDep ROOT tsconfig-paths@4.2.0 OK for: travel_expense_backend@0.0.1 want: ^4.2.0
270 silly placeDep ROOT typescript-eslint@8.60.1 OK for: travel_expense_backend@0.0.1 want: ^8.20.0
271 silly fetch manifest ajv@^6.14.0
272 silly packumentCache full:https://registry.npmjs.org/ajv cache-miss
273 silly fetch manifest debug@^4.3.2
274 silly packumentCache full:https://registry.npmjs.org/debug cache-miss
275 silly fetch manifest espree@^10.0.1
276 silly packumentCache full:https://registry.npmjs.org/espree cache-miss
277 silly fetch manifest globals@^14.0.0
278 silly packumentCache full:https://registry.npmjs.org/globals cache-miss
279 silly fetch manifest ignore@^5.2.0
280 silly packumentCache full:https://registry.npmjs.org/ignore cache-miss
281 silly fetch manifest import-fresh@^3.2.1
282 silly packumentCache full:https://registry.npmjs.org/import-fresh cache-miss
283 silly fetch manifest js-yaml@^4.1.1
284 silly packumentCache full:https://registry.npmjs.org/js-yaml cache-miss
285 http cache https://registry.npmjs.org/globals 6ms (cache hit)
286 silly packumentCache full:https://registry.npmjs.org/globals set size:315985 disposed:false
287 silly fetch manifest minimatch@^3.1.5
288 silly packumentCache full:https://registry.npmjs.org/minimatch cache-miss
289 http cache https://registry.npmjs.org/ajv 9ms (cache hit)
290 silly packumentCache full:https://registry.npmjs.org/ajv set size:1142658 disposed:false
291 silly fetch manifest strip-json-comments@^3.1.1
292 silly packumentCache full:https://registry.npmjs.org/strip-json-comments cache-miss
293 http cache https://registry.npmjs.org/import-fresh 15ms (cache hit)
294 silly packumentCache full:https://registry.npmjs.org/import-fresh set size:24604 disposed:false
295 silly fetch manifest ora@5.4.1
296 silly packumentCache full:https://registry.npmjs.org/ora cache-miss
297 http cache https://registry.npmjs.org/js-yaml 15ms (cache hit)
298 silly packumentCache full:https://registry.npmjs.org/js-yaml set size:152841 disposed:false
299 silly fetch manifest glob@13.0.6
300 silly packumentCache full:https://registry.npmjs.org/glob cache-miss
301 http cache https://registry.npmjs.org/minimatch 10ms (cache hit)
302 silly packumentCache full:https://registry.npmjs.org/minimatch set size:375282 disposed:false
303 silly fetch manifest ansis@4.2.0
304 silly packumentCache full:https://registry.npmjs.org/ansis cache-miss
305 http cache https://registry.npmjs.org/ora 5ms (cache hit)
306 silly packumentCache full:https://registry.npmjs.org/ora set size:144913 disposed:false
307 silly fetch manifest webpack@5.106.0
308 silly packumentCache full:https://registry.npmjs.org/webpack cache-miss
309 http cache https://registry.npmjs.org/glob 6ms (cache hit)
310 silly packumentCache full:https://registry.npmjs.org/glob set size:469465 disposed:false
311 silly fetch manifest chokidar@4.0.3
312 silly packumentCache full:https://registry.npmjs.org/chokidar cache-hit
313 silly fetch manifest commander@4.1.1
314 silly packumentCache full:https://registry.npmjs.org/commander cache-miss
315 http cache https://registry.npmjs.org/ansis 6ms (cache hit)
316 silly packumentCache full:https://registry.npmjs.org/ansis set size:228409 disposed:false
317 silly fetch manifest cli-table3@0.6.5
318 silly packumentCache full:https://registry.npmjs.org/cli-table3 cache-miss
319 http cache https://registry.npmjs.org/webpack 10ms (cache hit)
320 silly packumentCache full:https://registry.npmjs.org/webpack set size:5034153 disposed:false
321 silly fetch manifest node-emoji@1.11.0
322 silly packumentCache full:https://registry.npmjs.org/node-emoji cache-miss
323 http cache https://registry.npmjs.org/commander 24ms (cache hit)
324 silly packumentCache full:https://registry.npmjs.org/commander set size:353115 disposed:false
325 silly fetch manifest typescript@5.9.3
326 silly packumentCache full:https://registry.npmjs.org/typescript cache-miss
327 http cache https://registry.npmjs.org/cli-table3 24ms (cache hit)
328 silly packumentCache full:https://registry.npmjs.org/cli-table3 set size:40139 disposed:false
329 silly fetch manifest tsconfig-paths@4.2.0
330 silly packumentCache full:https://registry.npmjs.org/tsconfig-paths cache-hit
331 silly fetch manifest @inquirer/prompts@7.10.1
332 silly packumentCache full:https://registry.npmjs.org/@inquirer%2fprompts cache-miss
333 http cache https://registry.npmjs.org/node-emoji 8ms (cache hit)
334 silly packumentCache full:https://registry.npmjs.org/node-emoji set size:88366 disposed:false
335 silly fetch manifest @nestjs/schematics@^11.0.1
336 silly packumentCache full:https://registry.npmjs.org/@nestjs%2fschematics cache-hit
337 silly fetch manifest @angular-devkit/core@19.2.24
338 silly packumentCache full:https://registry.npmjs.org/@angular-devkit%2fcore cache-miss
339 http fetch GET 200 https://registry.npmjs.org/debug 53ms (cache miss)
340 silly packumentCache full:https://registry.npmjs.org/debug set size:undefined disposed:false
341 silly fetch manifest webpack-node-externals@3.0.0
342 silly packumentCache full:https://registry.npmjs.org/webpack-node-externals cache-miss
343 http cache https://registry.npmjs.org/@angular-devkit%2fcore 6ms (cache hit)
344 silly packumentCache full:https://registry.npmjs.org/@angular-devkit%2fcore set size:2371476 disposed:false
345 silly fetch manifest @angular-devkit/schematics@19.2.24
346 silly packumentCache full:https://registry.npmjs.org/@angular-devkit%2fschematics cache-miss
347 http cache https://registry.npmjs.org/@inquirer%2fprompts 16ms (cache hit)
348 silly packumentCache full:https://registry.npmjs.org/@inquirer%2fprompts set size:331361 disposed:false
349 silly fetch manifest tsconfig-paths-webpack-plugin@4.2.0
350 silly packumentCache full:https://registry.npmjs.org/tsconfig-paths-webpack-plugin cache-miss
351 http cache https://registry.npmjs.org/typescript 30ms (cache hit)
352 silly packumentCache full:https://registry.npmjs.org/typescript set size:15409943 disposed:false
353 silly fetch manifest @angular-devkit/schematics-cli@19.2.24
354 silly packumentCache full:https://registry.npmjs.org/@angular-devkit%2fschematics-cli cache-miss
355 http cache https://registry.npmjs.org/webpack-node-externals 86ms (cache hit)
356 silly packumentCache full:https://registry.npmjs.org/webpack-node-externals set size:62285 disposed:false
357 silly fetch manifest fork-ts-checker-webpack-plugin@9.1.0
358 silly packumentCache full:https://registry.npmjs.org/fork-ts-checker-webpack-plugin cache-miss
359 http cache https://registry.npmjs.org/@angular-devkit%2fschematics 77ms (cache hit)
360 silly packumentCache full:https://registry.npmjs.org/@angular-devkit%2fschematics set size:2320552 disposed:false
361 silly fetch manifest uid@2.0.2
362 silly packumentCache full:https://registry.npmjs.org/uid cache-miss
363 http cache https://registry.npmjs.org/tsconfig-paths-webpack-plugin 81ms (cache hit)
364 silly packumentCache full:https://registry.npmjs.org/tsconfig-paths-webpack-plugin set size:117412 disposed:false
365 silly fetch manifest tslib@2.8.1
366 silly packumentCache full:https://registry.npmjs.org/tslib cache-miss
367 http cache https://registry.npmjs.org/@angular-devkit%2fschematics-cli 19ms (cache hit)
368 silly packumentCache full:https://registry.npmjs.org/@angular-devkit%2fschematics-cli set size:2362957 disposed:false
369 silly fetch manifest iterare@1.2.1
370 silly packumentCache full:https://registry.npmjs.org/iterare cache-miss
371 http cache https://registry.npmjs.org/fork-ts-checker-webpack-plugin 22ms (cache hit)
372 silly packumentCache full:https://registry.npmjs.org/fork-ts-checker-webpack-plugin set size:1092702 disposed:false
373 silly fetch manifest load-esm@1.0.3
374 silly packumentCache full:https://registry.npmjs.org/load-esm cache-miss
375 http cache https://registry.npmjs.org/tslib 25ms (cache hit)
376 silly packumentCache full:https://registry.npmjs.org/tslib set size:108760 disposed:false
377 silly fetch manifest file-type@21.3.4
378 silly packumentCache full:https://registry.npmjs.org/file-type cache-miss
379 http fetch GET 200 https://registry.npmjs.org/ignore 180ms (cache miss)
380 silly packumentCache full:https://registry.npmjs.org/ignore set size:undefined disposed:false
381 silly fetch manifest tslib@^2.1.0
382 silly packumentCache full:https://registry.npmjs.org/tslib cache-hit
383 silly fetch manifest uid@2.0.2
384 silly packumentCache full:https://registry.npmjs.org/uid cache-miss
385 http fetch GET 200 https://registry.npmjs.org/espree 202ms (cache miss)
386 silly packumentCache full:https://registry.npmjs.org/espree set size:undefined disposed:false
387 silly fetch manifest iterare@1.2.1
388 silly packumentCache full:https://registry.npmjs.org/iterare cache-miss
389 http fetch GET 200 https://registry.npmjs.org/strip-json-comments 204ms (cache miss)
390 silly packumentCache full:https://registry.npmjs.org/strip-json-comments set size:undefined disposed:false
391 silly fetch manifest path-to-regexp@8.4.2
392 silly packumentCache full:https://registry.npmjs.org/path-to-regexp cache-miss
393 http fetch GET 200 https://registry.npmjs.org/file-type 47ms (cache miss)
394 silly packumentCache full:https://registry.npmjs.org/file-type set size:undefined disposed:false
395 silly fetch manifest fast-safe-stringify@2.1.1
396 silly packumentCache full:https://registry.npmjs.org/fast-safe-stringify cache-miss
397 http fetch GET 200 https://registry.npmjs.org/fast-safe-stringify 33ms (cache miss)
398 silly packumentCache full:https://registry.npmjs.org/fast-safe-stringify set size:undefined disposed:false
399 silly fetch manifest @nuxt/opencollective@0.4.1
400 silly packumentCache full:https://registry.npmjs.org/@nuxt%2fopencollective cache-miss
401 http fetch GET 200 https://registry.npmjs.org/path-to-regexp 56ms (cache miss)
402 silly packumentCache full:https://registry.npmjs.org/path-to-regexp set size:undefined disposed:false
403 silly fetch manifest cors@2.8.6
404 silly packumentCache full:https://registry.npmjs.org/cors cache-miss
405 http fetch GET 200 https://registry.npmjs.org/load-esm 134ms (cache miss)
406 silly packumentCache full:https://registry.npmjs.org/load-esm set size:undefined disposed:false
407 silly fetch manifest multer@2.1.1
408 silly packumentCache full:https://registry.npmjs.org/multer cache-miss
409 http fetch GET 200 https://registry.npmjs.org/cors 41ms (cache miss)
410 silly packumentCache full:https://registry.npmjs.org/cors set size:undefined disposed:false
411 silly fetch manifest express@5.2.1
412 silly packumentCache full:https://registry.npmjs.org/express cache-miss
413 http fetch GET 200 https://registry.npmjs.org/multer 44ms (cache miss)
414 silly packumentCache full:https://registry.npmjs.org/multer set size:undefined disposed:false
415 silly fetch manifest pluralize@8.0.0
416 silly packumentCache full:https://registry.npmjs.org/pluralize cache-miss
417 http cache https://registry.npmjs.org/pluralize 2ms (cache hit)
418 silly packumentCache full:https://registry.npmjs.org/pluralize set size:55503 disposed:false
419 silly fetch manifest comment-json@5.0.0
420 silly packumentCache full:https://registry.npmjs.org/comment-json cache-miss
421 http cache https://registry.npmjs.org/comment-json 2ms (cache hit)
422 silly packumentCache full:https://registry.npmjs.org/comment-json set size:185550 disposed:false
423 silly fetch manifest jsonc-parser@3.3.1
424 silly packumentCache full:https://registry.npmjs.org/jsonc-parser cache-miss
425 http cache https://registry.npmjs.org/jsonc-parser 2ms (cache hit)
426 silly packumentCache full:https://registry.npmjs.org/jsonc-parser set size:99919 disposed:false
427 silly fetch manifest @types/body-parser@*
428 silly packumentCache full:https://registry.npmjs.org/@types%2fbody-parser cache-miss
429 http fetch GET 200 https://registry.npmjs.org/express 63ms (cache miss)
430 silly packumentCache full:https://registry.npmjs.org/express set size:undefined disposed:false
431 silly fetch manifest @types/serve-static@^2
432 silly packumentCache full:https://registry.npmjs.org/@types%2fserve-static cache-miss
433 http fetch GET 200 https://registry.npmjs.org/@types%2fbody-parser 52ms (cache miss)
434 silly packumentCache full:https://registry.npmjs.org/@types%2fbody-parser set size:undefined disposed:false
435 silly fetch manifest @types/express-serve-static-core@^5.0.0
436 silly packumentCache full:https://registry.npmjs.org/@types%2fexpress-serve-static-core cache-miss
437 http fetch GET 200 https://registry.npmjs.org/uid 274ms (cache miss)
438 silly packumentCache full:https://registry.npmjs.org/uid set size:undefined disposed:false
439 silly fetch manifest expect@^30.0.0
440 silly packumentCache full:https://registry.npmjs.org/expect cache-miss
441 http fetch GET 200 https://registry.npmjs.org/@types%2fserve-static 52ms (cache miss)
442 silly packumentCache full:https://registry.npmjs.org/@types%2fserve-static set size:undefined disposed:false
443 silly fetch manifest pretty-format@^30.0.0
444 silly packumentCache full:https://registry.npmjs.org/pretty-format cache-miss
445 http fetch GET 200 https://registry.npmjs.org/iterare 255ms (cache miss)
446 silly packumentCache full:https://registry.npmjs.org/iterare set size:undefined disposed:false
447 silly fetch manifest undici-types@~7.18.0
448 silly packumentCache full:https://registry.npmjs.org/undici-types cache-miss
449 http cache https://registry.npmjs.org/undici-types 1ms (cache hit)
450 silly packumentCache full:https://registry.npmjs.org/undici-types set size:222552 disposed:false
451 silly fetch manifest @types/methods@^1.1.4
452 silly packumentCache full:https://registry.npmjs.org/@types%2fmethods cache-miss
453 http fetch GET 200 https://registry.npmjs.org/@types%2fexpress-serve-static-core 56ms (cache miss)
454 silly packumentCache full:https://registry.npmjs.org/@types%2fexpress-serve-static-core set size:undefined disposed:false
455 silly fetch manifest @types/superagent@^8.1.0
456 silly packumentCache full:https://registry.npmjs.org/@types%2fsuperagent cache-miss
457 http fetch GET 200 https://registry.npmjs.org/expect 54ms (cache miss)
458 silly packumentCache full:https://registry.npmjs.org/expect set size:undefined disposed:false
459 silly fetch manifest chalk@^4.0.0
460 silly packumentCache full:https://registry.npmjs.org/chalk cache-miss
461 http cache https://registry.npmjs.org/chalk 2ms (cache hit)
462 silly packumentCache full:https://registry.npmjs.org/chalk set size:117861 disposed:false
463 silly fetch manifest espree@^10.4.0
464 silly packumentCache full:https://registry.npmjs.org/espree cache-miss
465 http cache https://registry.npmjs.org/espree 1ms (cache hit)
466 silly packumentCache full:https://registry.npmjs.org/espree set size:326080 disposed:false
467 silly fetch manifest esquery@^1.5.0
468 silly packumentCache full:https://registry.npmjs.org/esquery cache-miss
469 http fetch GET 200 https://registry.npmjs.org/@types%2fmethods 46ms (cache miss)
470 silly packumentCache full:https://registry.npmjs.org/@types%2fmethods set size:undefined disposed:false
471 silly fetch manifest esutils@^2.0.2
472 silly packumentCache full:https://registry.npmjs.org/esutils cache-miss
473 http fetch GET 200 https://registry.npmjs.org/uid 330ms (cache miss)
474 silly packumentCache full:https://registry.npmjs.org/uid set size:undefined disposed:false
475 silly fetch manifest find-up@^5.0.0
476 silly packumentCache full:https://registry.npmjs.org/find-up cache-miss
477 http fetch GET 200 https://registry.npmjs.org/iterare 350ms (cache miss)
478 silly packumentCache full:https://registry.npmjs.org/iterare set size:undefined disposed:false
479 silly fetch manifest is-glob@^4.0.0
480 silly packumentCache full:https://registry.npmjs.org/is-glob cache-miss
481 http fetch GET 200 https://registry.npmjs.org/pretty-format 73ms (cache miss)
482 silly packumentCache full:https://registry.npmjs.org/pretty-format set size:undefined disposed:false
483 silly fetch manifest optionator@^0.9.3
484 silly packumentCache full:https://registry.npmjs.org/optionator cache-miss
485 http fetch GET 200 https://registry.npmjs.org/esquery 35ms (cache miss)
486 silly packumentCache full:https://registry.npmjs.org/esquery set size:undefined disposed:false
487 silly fetch manifest cross-spawn@^7.0.6
488 silly packumentCache full:https://registry.npmjs.org/cross-spawn cache-miss
489 http fetch GET 200 https://registry.npmjs.org/find-up 34ms (cache miss)
490 silly packumentCache full:https://registry.npmjs.org/find-up set size:undefined disposed:false
491 silly fetch manifest glob-parent@^6.0.2
492 silly packumentCache full:https://registry.npmjs.org/glob-parent cache-miss
493 http fetch GET 200 https://registry.npmjs.org/esutils 36ms (cache miss)
494 silly packumentCache full:https://registry.npmjs.org/esutils set size:undefined disposed:false
495 silly fetch manifest imurmurhash@^0.1.4
496 silly packumentCache full:https://registry.npmjs.org/imurmurhash cache-miss
497 http fetch GET 200 https://registry.npmjs.org/is-glob 50ms (cache miss)
498 silly packumentCache full:https://registry.npmjs.org/is-glob set size:undefined disposed:false
499 silly fetch manifest @eslint/core@^0.17.0
500 silly packumentCache full:https://registry.npmjs.org/@eslint%2fcore cache-miss
501 http fetch GET 200 https://registry.npmjs.org/cross-spawn 43ms (cache miss)
502 silly packumentCache full:https://registry.npmjs.org/cross-spawn set size:undefined disposed:false
503 silly fetch manifest eslint-scope@^8.4.0
504 silly packumentCache full:https://registry.npmjs.org/eslint-scope cache-miss
505 http cache https://registry.npmjs.org/eslint-scope 2ms (cache hit)
506 silly packumentCache full:https://registry.npmjs.org/eslint-scope set size:98867 disposed:false
507 silly fetch manifest lodash.merge@^4.6.2
508 silly packumentCache full:https://registry.npmjs.org/lodash.merge cache-miss
509 http fetch GET 200 https://registry.npmjs.org/imurmurhash 259ms (cache miss)
510 silly packumentCache full:https://registry.npmjs.org/imurmurhash set size:undefined disposed:false
511 silly fetch manifest @humanfs/node@^0.16.6
512 silly packumentCache full:https://registry.npmjs.org/@humanfs%2fnode cache-miss
513 http fetch GET 200 https://registry.npmjs.org/lodash.merge 239ms (cache miss)
514 silly packumentCache full:https://registry.npmjs.org/lodash.merge set size:undefined disposed:false
515 silly fetch manifest @types/estree@^1.0.6
516 silly packumentCache full:https://registry.npmjs.org/@types%2festree cache-miss
517 http fetch GET 200 https://registry.npmjs.org/@nuxt%2fopencollective 548ms (cache miss)
518 silly packumentCache full:https://registry.npmjs.org/@nuxt%2fopencollective set size:undefined disposed:false
519 silly fetch manifest fast-deep-equal@^3.1.3
520 silly packumentCache full:https://registry.npmjs.org/fast-deep-equal cache-miss
521 http fetch GET 200 https://registry.npmjs.org/@types%2fsuperagent 345ms (cache miss)
522 silly packumentCache full:https://registry.npmjs.org/@types%2fsuperagent set size:undefined disposed:false
523 silly fetch manifest natural-compare@^1.4.0
524 silly packumentCache full:https://registry.npmjs.org/natural-compare cache-miss
525 http cache https://registry.npmjs.org/@types%2festree 8ms (cache hit)
526 silly packumentCache full:https://registry.npmjs.org/@types%2festree set size:76072 disposed:false
527 silly fetch manifest file-entry-cache@^8.0.0
528 silly packumentCache full:https://registry.npmjs.org/file-entry-cache cache-miss
529 http cache https://registry.npmjs.org/fast-deep-equal 8ms (cache hit)
530 silly packumentCache full:https://registry.npmjs.org/fast-deep-equal set size:48634 disposed:false
531 silly fetch manifest @eslint/plugin-kit@^0.4.1
532 silly packumentCache full:https://registry.npmjs.org/@eslint%2fplugin-kit cache-miss
533 http fetch GET 200 https://registry.npmjs.org/optionator 304ms (cache miss)
534 silly packumentCache full:https://registry.npmjs.org/optionator set size:undefined disposed:false
535 silly fetch manifest eslint-visitor-keys@^4.2.1
536 silly packumentCache full:https://registry.npmjs.org/eslint-visitor-keys cache-miss
537 http fetch GET 200 https://registry.npmjs.org/glob-parent 276ms (cache miss)
538 silly packumentCache full:https://registry.npmjs.org/glob-parent set size:undefined disposed:false
539 silly fetch manifest @eslint/config-array@^0.21.2
540 silly packumentCache full:https://registry.npmjs.org/@eslint%2fconfig-array cache-miss
541 http fetch GET 200 https://registry.npmjs.org/natural-compare 30ms (cache miss)
542 silly packumentCache full:https://registry.npmjs.org/natural-compare set size:undefined disposed:false
543 silly fetch manifest @humanwhocodes/retry@^0.4.2
544 silly packumentCache full:https://registry.npmjs.org/@humanwhocodes%2fretry cache-miss
545 http fetch GET 200 https://registry.npmjs.org/eslint-visitor-keys 33ms (cache miss)
546 silly packumentCache full:https://registry.npmjs.org/eslint-visitor-keys set size:undefined disposed:false
547 silly fetch manifest escape-string-regexp@^4.0.0
548 silly packumentCache full:https://registry.npmjs.org/escape-string-regexp cache-miss
549 http fetch GET 200 https://registry.npmjs.org/file-entry-cache 37ms (cache miss)
550 silly packumentCache full:https://registry.npmjs.org/file-entry-cache set size:undefined disposed:false
551 silly fetch manifest @eslint/config-helpers@^0.4.2
552 silly packumentCache full:https://registry.npmjs.org/@eslint%2fconfig-helpers cache-miss
553 http fetch GET 200 https://registry.npmjs.org/escape-string-regexp 31ms (cache miss)
554 silly packumentCache full:https://registry.npmjs.org/escape-string-regexp set size:undefined disposed:false
555 silly fetch manifest @eslint-community/regexpp@^4.12.1
556 silly packumentCache full:https://registry.npmjs.org/@eslint-community%2fregexpp cache-miss
557 http fetch GET 200 https://registry.npmjs.org/@humanwhocodes%2fretry 44ms (cache miss)
558 silly packumentCache full:https://registry.npmjs.org/@humanwhocodes%2fretry set size:undefined disposed:false
559 silly fetch manifest @eslint-community/eslint-utils@^4.8.0
560 silly packumentCache full:https://registry.npmjs.org/@eslint-community%2feslint-utils cache-miss
561 http fetch GET 200 https://registry.npmjs.org/@eslint%2fconfig-array 66ms (cache miss)
562 silly packumentCache full:https://registry.npmjs.org/@eslint%2fconfig-array set size:undefined disposed:false
563 silly fetch manifest @humanwhocodes/module-importer@^1.0.1
564 silly packumentCache full:https://registry.npmjs.org/@humanwhocodes%2fmodule-importer cache-miss
565 http fetch GET 200 https://registry.npmjs.org/@humanwhocodes%2fmodule-importer 46ms (cache miss)
566 silly packumentCache full:https://registry.npmjs.org/@humanwhocodes%2fmodule-importer set size:undefined disposed:false
567 silly fetch manifest json-stable-stringify-without-jsonify@^1.0.1
568 silly packumentCache full:https://registry.npmjs.org/json-stable-stringify-without-jsonify cache-miss
569 http fetch GET 200 https://registry.npmjs.org/@eslint-community%2feslint-utils 49ms (cache miss)
570 silly packumentCache full:https://registry.npmjs.org/@eslint-community%2feslint-utils set size:undefined disposed:false
571 silly fetch manifest prettier-linter-helpers@^1.0.1
572 silly packumentCache full:https://registry.npmjs.org/prettier-linter-helpers cache-miss
573 http fetch GET 200 https://registry.npmjs.org/json-stable-stringify-without-jsonify 32ms (cache miss)
574 silly packumentCache full:https://registry.npmjs.org/json-stable-stringify-without-jsonify set size:undefined disposed:false
575 silly fetch manifest synckit@^0.11.13
576 silly packumentCache full:https://registry.npmjs.org/synckit cache-miss
577 http fetch GET 200 https://registry.npmjs.org/@humanfs%2fnode 186ms (cache miss)
578 silly packumentCache full:https://registry.npmjs.org/@humanfs%2fnode set size:undefined disposed:false
579 silly fetch manifest @jest/core@30.4.2
580 silly packumentCache full:https://registry.npmjs.org/@jest%2fcore cache-miss
581 http fetch GET 200 https://registry.npmjs.org/@eslint%2fcore 458ms (cache miss)
582 silly packumentCache full:https://registry.npmjs.org/@eslint%2fcore set size:undefined disposed:false
583 silly fetch manifest @jest/types@30.4.1
584 silly packumentCache full:https://registry.npmjs.org/@jest%2ftypes cache-miss
585 http fetch GET 200 https://registry.npmjs.org/synckit 53ms (cache miss)
586 silly packumentCache full:https://registry.npmjs.org/synckit set size:undefined disposed:false
587 silly fetch manifest import-local@^3.2.0
588 silly packumentCache full:https://registry.npmjs.org/import-local cache-miss
589 http cache https://registry.npmjs.org/@jest%2ftypes 4ms (cache hit)
590 silly packumentCache full:https://registry.npmjs.org/@jest%2ftypes set size:292365 disposed:false
591 silly fetch manifest jest-cli@30.4.2
592 silly packumentCache full:https://registry.npmjs.org/jest-cli cache-miss
593 http fetch GET 200 https://registry.npmjs.org/import-local 35ms (cache miss)
594 silly packumentCache full:https://registry.npmjs.org/import-local set size:undefined disposed:false
595 silly fetch manifest buffer-from@^1.0.0
596 silly packumentCache full:https://registry.npmjs.org/buffer-from cache-miss
597 http cache https://registry.npmjs.org/buffer-from 2ms (cache hit)
598 silly packumentCache full:https://registry.npmjs.org/buffer-from set size:15463 disposed:false
599 silly fetch manifest source-map@^0.6.0
600 silly packumentCache full:https://registry.npmjs.org/source-map cache-miss
601 http cache https://registry.npmjs.org/source-map 2ms (cache hit)
602 silly packumentCache full:https://registry.npmjs.org/source-map set size:226212 disposed:false
603 silly fetch manifest methods@^1.1.2
604 silly packumentCache full:https://registry.npmjs.org/methods cache-miss
605 http fetch GET 200 https://registry.npmjs.org/@eslint%2fconfig-helpers 233ms (cache miss)
606 silly packumentCache full:https://registry.npmjs.org/@eslint%2fconfig-helpers set size:undefined disposed:false
607 silly fetch manifest superagent@^10.3.0
608 silly packumentCache full:https://registry.npmjs.org/superagent cache-miss
609 http fetch GET 200 https://registry.npmjs.org/methods 32ms (cache miss)
610 silly packumentCache full:https://registry.npmjs.org/methods set size:undefined disposed:false
611 silly fetch manifest cookie-signature@^1.2.2
612 silly packumentCache full:https://registry.npmjs.org/cookie-signature cache-miss
613 http fetch GET 200 https://registry.npmjs.org/jest-cli 98ms (cache miss)
614 silly packumentCache full:https://registry.npmjs.org/jest-cli set size:undefined disposed:false
615 silly fetch manifest bs-logger@^0.2.6
616 silly packumentCache full:https://registry.npmjs.org/bs-logger cache-miss
617 http fetch GET 200 https://registry.npmjs.org/cookie-signature 36ms (cache miss)
618 silly packumentCache full:https://registry.npmjs.org/cookie-signature set size:undefined disposed:false
619 silly fetch manifest fast-json-stable-stringify@^2.1.0
620 silly packumentCache full:https://registry.npmjs.org/fast-json-stable-stringify cache-miss
621 http cache https://registry.npmjs.org/fast-json-stable-stringify 2ms (cache hit)
622 silly packumentCache full:https://registry.npmjs.org/fast-json-stable-stringify set size:11337 disposed:false
623 silly fetch manifest handlebars@^4.7.9
624 silly packumentCache full:https://registry.npmjs.org/handlebars cache-miss
625 http fetch GET 200 https://registry.npmjs.org/@eslint-community%2fregexpp 268ms (cache miss)
626 silly packumentCache full:https://registry.npmjs.org/@eslint-community%2fregexpp set size:undefined disposed:false
627 silly fetch manifest json5@^2.2.3
628 silly packumentCache full:https://registry.npmjs.org/json5 cache-miss
629 http cache https://registry.npmjs.org/json5 2ms (cache hit)
630 silly packumentCache full:https://registry.npmjs.org/json5 set size:86136 disposed:false
631 silly fetch manifest lodash.memoize@^4.1.2
632 silly packumentCache full:https://registry.npmjs.org/lodash.memoize cache-miss
633 http fetch GET 200 https://registry.npmjs.org/bs-logger 39ms (cache miss)
634 silly packumentCache full:https://registry.npmjs.org/bs-logger set size:undefined disposed:false
635 silly fetch manifest make-error@^1.3.6
636 silly packumentCache full:https://registry.npmjs.org/make-error cache-miss
637 http fetch GET 200 https://registry.npmjs.org/handlebars 39ms (cache miss)
638 silly packumentCache full:https://registry.npmjs.org/handlebars set size:undefined disposed:false
639 silly fetch manifest semver@^7.8.0
640 silly packumentCache full:https://registry.npmjs.org/semver cache-miss
641 http cache https://registry.npmjs.org/semver 1ms (cache hit)
642 silly packumentCache full:https://registry.npmjs.org/semver set size:238286 disposed:false
643 silly fetch manifest type-fest@^4.41.0
644 silly packumentCache full:https://registry.npmjs.org/type-fest cache-miss
645 http fetch GET 200 https://registry.npmjs.org/prettier-linter-helpers 250ms (cache miss)
646 silly packumentCache full:https://registry.npmjs.org/prettier-linter-helpers set size:undefined disposed:false
647 silly fetch manifest yargs-parser@^21.1.1
648 silly packumentCache full:https://registry.npmjs.org/yargs-parser cache-miss
649 http cache https://registry.npmjs.org/yargs-parser 2ms (cache hit)
650 silly packumentCache full:https://registry.npmjs.org/yargs-parser set size:238630 disposed:false
651 silly fetch manifest chalk@^4.1.0
652 silly packumentCache full:https://registry.npmjs.org/chalk cache-hit
653 silly fetch manifest enhanced-resolve@^5.0.0
654 silly packumentCache full:https://registry.npmjs.org/enhanced-resolve cache-miss
655 http cache https://registry.npmjs.org/enhanced-resolve 3ms (cache hit)
656 silly packumentCache full:https://registry.npmjs.org/enhanced-resolve set size:444901 disposed:false
657 silly fetch manifest micromatch@^4.0.0
658 silly packumentCache full:https://registry.npmjs.org/micromatch cache-miss
659 http fetch GET 200 https://registry.npmjs.org/lodash.memoize 40ms (cache miss)
660 silly packumentCache full:https://registry.npmjs.org/lodash.memoize set size:undefined disposed:false
661 silly fetch manifest semver@^7.3.4
662 silly packumentCache full:https://registry.npmjs.org/semver cache-hit
663 silly fetch manifest source-map@^0.7.4
664 silly packumentCache full:https://registry.npmjs.org/source-map cache-hit
665 silly fetch manifest @types/estree@^1.0.8
666 silly packumentCache full:https://registry.npmjs.org/@types%2festree cache-hit
667 silly fetch manifest @types/json-schema@^7.0.15
668 silly packumentCache full:https://registry.npmjs.org/@types%2fjson-schema cache-miss
669 http cache https://registry.npmjs.org/@types%2fjson-schema 2ms (cache hit)
670 silly packumentCache full:https://registry.npmjs.org/@types%2fjson-schema set size:44704 disposed:false
671 silly fetch manifest @webassemblyjs/ast@^1.14.1
672 silly packumentCache full:https://registry.npmjs.org/@webassemblyjs%2fast cache-miss
673 http cache https://registry.npmjs.org/@webassemblyjs%2fast 2ms (cache hit)
674 silly packumentCache full:https://registry.npmjs.org/@webassemblyjs%2fast set size:198816 disposed:false
675 silly fetch manifest @webassemblyjs/wasm-edit@^1.14.1
676 silly packumentCache full:https://registry.npmjs.org/@webassemblyjs%2fwasm-edit cache-miss
677 http cache https://registry.npmjs.org/@webassemblyjs%2fwasm-edit 3ms (cache hit)
678 silly packumentCache full:https://registry.npmjs.org/@webassemblyjs%2fwasm-edit set size:202718 disposed:false
679 silly fetch manifest @webassemblyjs/wasm-parser@^1.14.1
680 silly packumentCache full:https://registry.npmjs.org/@webassemblyjs%2fwasm-parser cache-miss
681 http fetch GET 200 https://registry.npmjs.org/make-error 39ms (cache miss)
682 silly packumentCache full:https://registry.npmjs.org/make-error set size:undefined disposed:false
683 silly fetch manifest acorn@^8.16.0
684 silly packumentCache full:https://registry.npmjs.org/acorn cache-miss
685 http cache https://registry.npmjs.org/@webassemblyjs%2fwasm-parser 4ms (cache hit)
686 silly packumentCache full:https://registry.npmjs.org/@webassemblyjs%2fwasm-parser set size:214115 disposed:false
687 silly fetch manifest acorn-import-phases@^1.0.3
688 silly packumentCache full:https://registry.npmjs.org/acorn-import-phases cache-miss
689 http cache https://registry.npmjs.org/acorn 3ms (cache hit)
690 silly packumentCache full:https://registry.npmjs.org/acorn set size:379626 disposed:false
691 silly fetch manifest browserslist@^4.28.1
692 silly packumentCache full:https://registry.npmjs.org/browserslist cache-miss
693 http cache https://registry.npmjs.org/acorn-import-phases 4ms (cache hit)
694 silly packumentCache full:https://registry.npmjs.org/acorn-import-phases set size:11206 disposed:false
695 silly fetch manifest chrome-trace-event@^1.0.2
696 silly packumentCache full:https://registry.npmjs.org/chrome-trace-event cache-miss
697 http cache https://registry.npmjs.org/browserslist 3ms (cache hit)
698 silly packumentCache full:https://registry.npmjs.org/browserslist set size:504681 disposed:false
699 silly fetch manifest enhanced-resolve@^5.22.0
700 silly packumentCache full:https://registry.npmjs.org/enhanced-resolve cache-hit
701 silly fetch manifest es-module-lexer@^2.1.0
702 silly packumentCache full:https://registry.npmjs.org/es-module-lexer cache-miss
703 http cache https://registry.npmjs.org/chrome-trace-event 7ms (cache hit)
704 silly packumentCache full:https://registry.npmjs.org/chrome-trace-event set size:20859 disposed:false
705 silly fetch manifest eslint-scope@5.1.1
706 silly packumentCache full:https://registry.npmjs.org/eslint-scope cache-hit
707 silly fetch manifest events@^3.2.0
708 silly packumentCache full:https://registry.npmjs.org/events cache-miss
709 http cache https://registry.npmjs.org/es-module-lexer 5ms (cache hit)
710 silly packumentCache full:https://registry.npmjs.org/es-module-lexer set size:205389 disposed:false
711 silly fetch manifest glob-to-regexp@^0.4.1
712 silly packumentCache full:https://registry.npmjs.org/glob-to-regexp cache-miss
713 http cache https://registry.npmjs.org/glob-to-regexp 3ms (cache hit)
714 silly packumentCache full:https://registry.npmjs.org/glob-to-regexp set size:15844 disposed:false
715 silly fetch manifest graceful-fs@^4.2.11
716 silly packumentCache full:https://registry.npmjs.org/graceful-fs cache-miss
717 http cache https://registry.npmjs.org/events 4ms (cache hit)
718 silly packumentCache full:https://registry.npmjs.org/events set size:35240 disposed:false
719 silly fetch manifest loader-runner@^4.3.2
720 silly packumentCache full:https://registry.npmjs.org/loader-runner cache-miss
721 http cache https://registry.npmjs.org/loader-runner 3ms (cache hit)
722 silly packumentCache full:https://registry.npmjs.org/loader-runner set size:41628 disposed:false
723 silly fetch manifest mime-db@^1.54.0
724 silly packumentCache full:https://registry.npmjs.org/mime-db cache-miss
725 http cache https://registry.npmjs.org/graceful-fs 5ms (cache hit)
726 silly packumentCache full:https://registry.npmjs.org/graceful-fs set size:124285 disposed:false
727 silly fetch manifest neo-async@^2.6.2
728 silly packumentCache full:https://registry.npmjs.org/neo-async cache-miss
729 http fetch GET 200 https://registry.npmjs.org/type-fest 57ms (cache miss)
730 silly packumentCache full:https://registry.npmjs.org/type-fest set size:undefined disposed:false
731 silly fetch manifest schema-utils@^4.3.3
732 silly packumentCache full:https://registry.npmjs.org/schema-utils cache-miss
733 http fetch GET 200 https://registry.npmjs.org/micromatch 43ms (cache miss)
734 silly packumentCache full:https://registry.npmjs.org/micromatch set size:undefined disposed:false
735 silly fetch manifest tapable@^2.3.0
736 silly packumentCache full:https://registry.npmjs.org/tapable cache-miss
737 http cache https://registry.npmjs.org/mime-db 8ms (cache hit)
738 silly packumentCache full:https://registry.npmjs.org/mime-db set size:164953 disposed:false
739 silly fetch manifest terser-webpack-plugin@^5.5.0
740 silly packumentCache full:https://registry.npmjs.org/terser-webpack-plugin cache-miss
741 http cache https://registry.npmjs.org/schema-utils 6ms (cache hit)
742 silly packumentCache full:https://registry.npmjs.org/schema-utils set size:166563 disposed:false
743 silly fetch manifest watchpack@^2.5.1
744 silly packumentCache full:https://registry.npmjs.org/watchpack cache-miss
745 http cache https://registry.npmjs.org/neo-async 10ms (cache hit)
746 silly packumentCache full:https://registry.npmjs.org/neo-async set size:155670 disposed:false
747 silly fetch manifest webpack-sources@^3.5.0
748 silly packumentCache full:https://registry.npmjs.org/webpack-sources cache-miss
749 http cache https://registry.npmjs.org/tapable 7ms (cache hit)
750 silly packumentCache full:https://registry.npmjs.org/tapable set size:141233 disposed:false
751 silly fetch manifest yn@3.1.1
752 silly packumentCache full:https://registry.npmjs.org/yn cache-miss
753 http cache https://registry.npmjs.org/terser-webpack-plugin 7ms (cache hit)
754 silly packumentCache full:https://registry.npmjs.org/terser-webpack-plugin set size:430998 disposed:false
755 silly fetch manifest arg@^4.1.0
756 silly packumentCache full:https://registry.npmjs.org/arg cache-miss
757 http cache https://registry.npmjs.org/watchpack 8ms (cache hit)
758 silly packumentCache full:https://registry.npmjs.org/watchpack set size:144588 disposed:false
759 silly fetch manifest diff@^4.0.1
760 silly packumentCache full:https://registry.npmjs.org/diff cache-miss
761 http cache https://registry.npmjs.org/webpack-sources 8ms (cache hit)
762 silly packumentCache full:https://registry.npmjs.org/webpack-sources set size:180478 disposed:false
763 silly fetch manifest acorn@^8.4.1
764 silly packumentCache full:https://registry.npmjs.org/acorn cache-hit
765 silly fetch manifest acorn-walk@^8.1.1
766 silly packumentCache full:https://registry.npmjs.org/acorn-walk cache-miss
767 http fetch GET 200 https://registry.npmjs.org/acorn-walk 32ms (cache miss)
768 silly packumentCache full:https://registry.npmjs.org/acorn-walk set size:undefined disposed:false
769 silly fetch manifest make-error@^1.1.1
770 silly packumentCache full:https://registry.npmjs.org/make-error cache-miss
771 http cache https://registry.npmjs.org/make-error 3ms (cache hit)
772 silly packumentCache full:https://registry.npmjs.org/make-error set size:45218 disposed:false
773 silly fetch manifest create-require@^1.1.0
774 silly packumentCache full:https://registry.npmjs.org/create-require cache-miss
775 http fetch GET 200 https://registry.npmjs.org/diff 39ms (cache miss)
776 silly packumentCache full:https://registry.npmjs.org/diff set size:undefined disposed:false
777 silly fetch manifest @tsconfig/node10@^1.0.7
778 silly packumentCache full:https://registry.npmjs.org/@tsconfig%2fnode10 cache-miss
779 http fetch GET 200 https://registry.npmjs.org/arg 45ms (cache miss)
780 silly packumentCache full:https://registry.npmjs.org/arg set size:undefined disposed:false
781 silly fetch manifest @tsconfig/node12@^1.0.7
782 silly packumentCache full:https://registry.npmjs.org/@tsconfig%2fnode12 cache-miss
783 http fetch GET 200 https://registry.npmjs.org/@jest%2fcore 305ms (cache miss)
784 silly packumentCache full:https://registry.npmjs.org/@jest%2fcore set size:undefined disposed:false
785 silly fetch manifest @tsconfig/node14@^1.0.0
786 silly packumentCache full:https://registry.npmjs.org/@tsconfig%2fnode14 cache-miss
787 http fetch GET 200 https://registry.npmjs.org/@eslint%2fplugin-kit 484ms (cache miss)
788 silly packumentCache full:https://registry.npmjs.org/@eslint%2fplugin-kit set size:undefined disposed:false
789 silly fetch manifest @tsconfig/node16@^1.0.2
790 silly packumentCache full:https://registry.npmjs.org/@tsconfig%2fnode16 cache-miss
791 http fetch GET 200 https://registry.npmjs.org/@tsconfig%2fnode12 52ms (cache miss)
792 silly packumentCache full:https://registry.npmjs.org/@tsconfig%2fnode12 set size:undefined disposed:false
793 silly fetch manifest v8-compile-cache-lib@^3.0.1
794 silly packumentCache full:https://registry.npmjs.org/v8-compile-cache-lib cache-miss
795 http fetch GET 200 https://registry.npmjs.org/@tsconfig%2fnode16 51ms (cache miss)
796 silly packumentCache full:https://registry.npmjs.org/@tsconfig%2fnode16 set size:undefined disposed:false
797 silly fetch manifest @cspotcode/source-map-support@^0.8.0
798 silly packumentCache full:https://registry.npmjs.org/@cspotcode%2fsource-map-support cache-miss
799 http fetch GET 200 https://registry.npmjs.org/superagent 282ms (cache miss)
800 silly packumentCache full:https://registry.npmjs.org/superagent set size:undefined disposed:false
801 silly fetch manifest json5@^2.2.2
802 silly packumentCache full:https://registry.npmjs.org/json5 cache-hit
803 silly fetch manifest minimist@^1.2.6
804 silly packumentCache full:https://registry.npmjs.org/minimist cache-miss
805 http cache https://registry.npmjs.org/minimist 2ms (cache hit)
806 silly packumentCache full:https://registry.npmjs.org/minimist set size:77063 disposed:false
807 silly fetch manifest strip-bom@^3.0.0
808 silly packumentCache full:https://registry.npmjs.org/strip-bom cache-miss
809 http cache https://registry.npmjs.org/strip-bom 1ms (cache hit)
810 silly packumentCache full:https://registry.npmjs.org/strip-bom set size:19359 disposed:false
811 silly fetch manifest @typescript-eslint/utils@8.60.1
812 silly packumentCache full:https://registry.npmjs.org/@typescript-eslint%2futils cache-miss
813 http fetch GET 200 https://registry.npmjs.org/v8-compile-cache-lib 43ms (cache miss)
814 silly packumentCache full:https://registry.npmjs.org/v8-compile-cache-lib set size:undefined disposed:false
815 silly fetch manifest @typescript-eslint/parser@8.60.1
816 silly packumentCache full:https://registry.npmjs.org/@typescript-eslint%2fparser cache-miss
817 http fetch GET 200 https://registry.npmjs.org/@tsconfig%2fnode14 188ms (cache miss)
818 silly packumentCache full:https://registry.npmjs.org/@tsconfig%2fnode14 set size:undefined disposed:false
819 silly fetch manifest @typescript-eslint/eslint-plugin@8.60.1
820 silly packumentCache full:https://registry.npmjs.org/@typescript-eslint%2feslint-plugin cache-miss
821 http fetch GET 200 https://registry.npmjs.org/yn 308ms (cache miss)
822 silly packumentCache full:https://registry.npmjs.org/yn set size:undefined disposed:false
823 silly fetch manifest @typescript-eslint/typescript-estree@8.60.1
824 silly packumentCache full:https://registry.npmjs.org/@typescript-eslint%2ftypescript-estree cache-miss
825 http fetch GET 200 https://registry.npmjs.org/create-require 274ms (cache miss)
826 silly packumentCache full:https://registry.npmjs.org/create-require set size:undefined disposed:false
827 http fetch GET 200 https://registry.npmjs.org/@typescript-eslint%2futils 294ms (cache miss)
828 silly packumentCache full:https://registry.npmjs.org/@typescript-eslint%2futils set size:undefined disposed:false
829 http fetch GET 200 https://registry.npmjs.org/@cspotcode%2fsource-map-support 367ms (cache miss)
830 silly packumentCache full:https://registry.npmjs.org/@cspotcode%2fsource-map-support set size:undefined disposed:false
831 http fetch GET 200 https://registry.npmjs.org/@typescript-eslint%2fparser 369ms (cache miss)
832 silly packumentCache full:https://registry.npmjs.org/@typescript-eslint%2fparser set size:undefined disposed:false
833 http fetch GET 200 https://registry.npmjs.org/@typescript-eslint%2feslint-plugin 534ms (cache miss)
834 silly packumentCache full:https://registry.npmjs.org/@typescript-eslint%2feslint-plugin set size:undefined disposed:false
835 http fetch GET 200 https://registry.npmjs.org/@tsconfig%2fnode10 791ms (cache miss)
836 silly packumentCache full:https://registry.npmjs.org/@tsconfig%2fnode10 set size:undefined disposed:false
837 http fetch GET 200 https://registry.npmjs.org/@typescript-eslint%2ftypescript-estree 542ms (cache miss)
838 silly packumentCache full:https://registry.npmjs.org/@typescript-eslint%2ftypescript-estree set size:undefined disposed:false
839 silly placeDep ROOT ajv@6.15.0 OK for: @eslint/eslintrc@3.3.5 want: ^6.14.0
840 silly placeDep ROOT debug@4.4.3 OK for: @eslint/eslintrc@3.3.5 want: ^4.3.2
841 silly placeDep ROOT espree@10.4.0 OK for: @eslint/eslintrc@3.3.5 want: ^10.0.1
842 silly placeDep node_modules/@eslint/eslintrc globals@14.0.0 OK for: @eslint/eslintrc@3.3.5 want: ^14.0.0
843 silly placeDep ROOT ignore@5.3.2 OK for: @eslint/eslintrc@3.3.5 want: ^5.2.0
844 silly placeDep ROOT import-fresh@3.3.1 OK for: @eslint/eslintrc@3.3.5 want: ^3.2.1
845 silly placeDep ROOT js-yaml@4.2.0 OK for: @eslint/eslintrc@3.3.5 want: ^4.1.1
846 silly placeDep ROOT minimatch@3.1.5 OK for: @eslint/eslintrc@3.3.5 want: ^3.1.5
847 silly placeDep ROOT strip-json-comments@3.1.1 OK for: @eslint/eslintrc@3.3.5 want: ^3.1.1
848 silly fetch manifest uri-js@^4.2.2
849 silly packumentCache full:https://registry.npmjs.org/uri-js cache-miss
850 silly fetch manifest fast-deep-equal@^3.1.1
851 silly packumentCache full:https://registry.npmjs.org/fast-deep-equal cache-hit
852 silly fetch manifest json-schema-traverse@^0.4.1
853 silly packumentCache full:https://registry.npmjs.org/json-schema-traverse cache-miss
854 silly fetch manifest fast-json-stable-stringify@^2.0.0
855 silly packumentCache full:https://registry.npmjs.org/fast-json-stable-stringify cache-hit
856 silly fetch manifest ms@^2.1.3
857 silly packumentCache full:https://registry.npmjs.org/ms cache-miss
858 silly fetch manifest acorn@^8.15.0
859 silly packumentCache full:https://registry.npmjs.org/acorn cache-hit
860 silly fetch manifest acorn-jsx@^5.3.2
861 silly packumentCache full:https://registry.npmjs.org/acorn-jsx cache-miss
862 silly fetch manifest resolve-from@^4.0.0
863 silly packumentCache full:https://registry.npmjs.org/resolve-from cache-miss
864 silly fetch manifest parent-module@^1.0.0
865 silly packumentCache full:https://registry.npmjs.org/parent-module cache-miss
866 silly fetch manifest argparse@^2.0.1
867 silly packumentCache full:https://registry.npmjs.org/argparse cache-miss
868 http cache https://registry.npmjs.org/resolve-from 6ms (cache hit)
869 silly packumentCache full:https://registry.npmjs.org/resolve-from set size:12911 disposed:false
870 silly fetch manifest brace-expansion@^1.1.7
871 silly packumentCache full:https://registry.npmjs.org/brace-expansion cache-miss
872 http cache https://registry.npmjs.org/json-schema-traverse 8ms (cache hit)
873 silly packumentCache full:https://registry.npmjs.org/json-schema-traverse set size:23537 disposed:false
874 http cache https://registry.npmjs.org/parent-module 7ms (cache hit)
875 silly packumentCache full:https://registry.npmjs.org/parent-module set size:18255 disposed:false
876 http cache https://registry.npmjs.org/uri-js 11ms (cache hit)
877 silly packumentCache full:https://registry.npmjs.org/uri-js set size:42559 disposed:false
878 http cache https://registry.npmjs.org/argparse 12ms (cache hit)
879 silly packumentCache full:https://registry.npmjs.org/argparse set size:49266 disposed:false
880 http cache https://registry.npmjs.org/brace-expansion 7ms (cache hit)
881 silly packumentCache full:https://registry.npmjs.org/brace-expansion set size:72152 disposed:false
882 http fetch GET 200 https://registry.npmjs.org/ms 33ms (cache miss)
883 silly packumentCache full:https://registry.npmjs.org/ms set size:undefined disposed:false
884 http fetch GET 200 https://registry.npmjs.org/acorn-jsx 34ms (cache miss)
885 silly packumentCache full:https://registry.npmjs.org/acorn-jsx set size:undefined disposed:false
886 silly fetch manifest @types/node@>=18
887 silly packumentCache full:https://registry.npmjs.org/@types%2fnode cache-miss
888 http cache https://registry.npmjs.org/@types%2fnode 12ms (cache hit)
889 silly packumentCache full:https://registry.npmjs.org/@types%2fnode set size:11019425 disposed:false
890 silly placeDep ROOT @angular-devkit/core@19.2.24 OK for: @nestjs/cli@11.0.21 want: 19.2.24
891 silly placeDep ROOT @angular-devkit/schematics@19.2.24 OK for: @nestjs/cli@11.0.21 want: 19.2.24
892 silly placeDep ROOT @angular-devkit/schematics-cli@19.2.24 OK for: @nestjs/cli@11.0.21 want: 19.2.24
893 silly placeDep ROOT @inquirer/prompts@7.10.1 OK for: @nestjs/cli@11.0.21 want: 7.10.1
894 silly placeDep ROOT ansis@4.2.0 OK for: @nestjs/cli@11.0.21 want: 4.2.0
895 silly placeDep ROOT chokidar@4.0.3 OK for: @nestjs/cli@11.0.21 want: 4.0.3
896 silly placeDep ROOT cli-table3@0.6.5 OK for: @nestjs/cli@11.0.21 want: 0.6.5
897 silly placeDep ROOT commander@4.1.1 OK for: @nestjs/cli@11.0.21 want: 4.1.1
898 silly placeDep ROOT fork-ts-checker-webpack-plugin@9.1.0 OK for: @nestjs/cli@11.0.21 want: 9.1.0
899 silly placeDep ROOT glob@13.0.6 OK for: @nestjs/cli@11.0.21 want: 13.0.6
900 silly placeDep ROOT node-emoji@1.11.0 OK for: @nestjs/cli@11.0.21 want: 1.11.0
901 silly placeDep ROOT ora@5.4.1 OK for: @nestjs/cli@11.0.21 want: 5.4.1
902 silly placeDep ROOT tsconfig-paths-webpack-plugin@4.2.0 OK for: @nestjs/cli@11.0.21 want: 4.2.0
903 silly placeDep node_modules/@nestjs/cli webpack@5.106.0 OK for: @nestjs/cli@11.0.21 want: 5.106.0
904 silly placeDep ROOT webpack-node-externals@3.0.0 OK for: @nestjs/cli@11.0.21 want: 3.0.0
905 silly fetch manifest ajv@8.18.0
906 silly packumentCache full:https://registry.npmjs.org/ajv cache-miss
907 silly fetch manifest rxjs@7.8.1
908 silly packumentCache full:https://registry.npmjs.org/rxjs cache-hit
909 silly fetch manifest picomatch@4.0.4
910 silly packumentCache full:https://registry.npmjs.org/picomatch cache-miss
911 silly fetch manifest source-map@0.7.4
912 silly packumentCache full:https://registry.npmjs.org/source-map cache-hit
913 silly fetch manifest ajv-formats@3.0.1
914 silly packumentCache full:https://registry.npmjs.org/ajv-formats cache-miss
915 silly fetch manifest rxjs@7.8.1
916 silly packumentCache full:https://registry.npmjs.org/rxjs cache-hit
917 silly fetch manifest magic-string@0.30.17
918 silly packumentCache full:https://registry.npmjs.org/magic-string cache-miss
919 silly fetch manifest ansi-colors@4.1.3
920 silly packumentCache full:https://registry.npmjs.org/ansi-colors cache-miss
921 silly fetch manifest yargs-parser@21.1.1
922 silly packumentCache full:https://registry.npmjs.org/yargs-parser cache-hit
923 silly fetch manifest @inquirer/prompts@7.3.2
924 silly packumentCache full:https://registry.npmjs.org/@inquirer%2fprompts cache-hit
925 silly fetch manifest symbol-observable@4.0.0
926 silly packumentCache full:https://registry.npmjs.org/symbol-observable cache-miss
927 silly fetch manifest @inquirer/input@^4.3.1
928 silly packumentCache full:https://registry.npmjs.org/@inquirer%2finput cache-miss
929 http cache https://registry.npmjs.org/ajv 4ms (cache hit)
930 silly packumentCache full:https://registry.npmjs.org/ajv set size:1142658 disposed:false
931 silly fetch manifest @inquirer/editor@^4.2.23
932 silly packumentCache full:https://registry.npmjs.org/@inquirer%2feditor cache-miss
933 http cache https://registry.npmjs.org/ajv-formats 8ms (cache hit)
934 silly packumentCache full:https://registry.npmjs.org/ajv-formats set size:141264 disposed:false
935 silly fetch manifest @inquirer/expand@^4.0.23
936 silly packumentCache full:https://registry.npmjs.org/@inquirer%2fexpand cache-miss
937 http cache https://registry.npmjs.org/ansi-colors 8ms (cache hit)
938 silly packumentCache full:https://registry.npmjs.org/ansi-colors set size:110876 disposed:false
939 silly fetch manifest @inquirer/number@^3.0.23
940 silly packumentCache full:https://registry.npmjs.org/@inquirer%2fnumber cache-miss
941 http cache https://registry.npmjs.org/picomatch 10ms (cache hit)
942 silly packumentCache full:https://registry.npmjs.org/picomatch set size:126376 disposed:false
943 silly fetch manifest @inquirer/search@^3.2.2
944 silly packumentCache full:https://registry.npmjs.org/@inquirer%2fsearch cache-miss
945 http cache https://registry.npmjs.org/symbol-observable 11ms (cache hit)
946 silly packumentCache full:https://registry.npmjs.org/symbol-observable set size:44379 disposed:false
947 silly fetch manifest @inquirer/select@^4.4.2
948 silly packumentCache full:https://registry.npmjs.org/@inquirer%2fselect cache-miss
949 http cache https://registry.npmjs.org/magic-string 12ms (cache hit)
950 silly packumentCache full:https://registry.npmjs.org/magic-string set size:331817 disposed:false
951 silly fetch manifest @inquirer/confirm@^5.1.21
952 silly packumentCache full:https://registry.npmjs.org/@inquirer%2fconfirm cache-miss
953 http cache https://registry.npmjs.org/@inquirer%2finput 14ms (cache hit)
954 silly packumentCache full:https://registry.npmjs.org/@inquirer%2finput set size:319406 disposed:false
955 silly fetch manifest @inquirer/rawlist@^4.1.11
956 silly packumentCache full:https://registry.npmjs.org/@inquirer%2frawlist cache-miss
957 http cache https://registry.npmjs.org/@inquirer%2feditor 10ms (cache hit)
958 silly packumentCache full:https://registry.npmjs.org/@inquirer%2feditor set size:322894 disposed:false
959 silly fetch manifest @inquirer/checkbox@^4.3.2
960 silly packumentCache full:https://registry.npmjs.org/@inquirer%2fcheckbox cache-miss
961 http cache https://registry.npmjs.org/@inquirer%2fexpand 11ms (cache hit)
962 silly packumentCache full:https://registry.npmjs.org/@inquirer%2fexpand set size:322112 disposed:false
963 silly fetch manifest @inquirer/password@^4.0.23
964 silly packumentCache full:https://registry.npmjs.org/@inquirer%2fpassword cache-miss
965 http cache https://registry.npmjs.org/@inquirer%2fnumber 11ms (cache hit)
966 silly packumentCache full:https://registry.npmjs.org/@inquirer%2fnumber set size:142567 disposed:false
967 silly fetch manifest readdirp@^4.0.1
968 silly packumentCache full:https://registry.npmjs.org/readdirp cache-miss
969 http cache https://registry.npmjs.org/@inquirer%2fsearch 12ms (cache hit)
970 silly packumentCache full:https://registry.npmjs.org/@inquirer%2fsearch set size:142958 disposed:false
971 silly fetch manifest string-width@^4.2.0
972 silly packumentCache full:https://registry.npmjs.org/string-width cache-miss
973 http cache https://registry.npmjs.org/@inquirer%2frawlist 8ms (cache hit)
974 silly packumentCache full:https://registry.npmjs.org/@inquirer%2frawlist set size:288948 disposed:false
975 silly fetch manifest @colors/colors@1.5.0
976 silly packumentCache full:https://registry.npmjs.org/@colors%2fcolors cache-miss
977 http cache https://registry.npmjs.org/@inquirer%2fconfirm 12ms (cache hit)
978 silly packumentCache full:https://registry.npmjs.org/@inquirer%2fconfirm set size:320882 disposed:false
979 silly fetch manifest @babel/code-frame@^7.16.7
980 silly packumentCache full:https://registry.npmjs.org/@babel%2fcode-frame cache-miss
981 http cache https://registry.npmjs.org/@inquirer%2fselect 14ms (cache hit)
982 silly packumentCache full:https://registry.npmjs.org/@inquirer%2fselect set size:335462 disposed:false
983 silly fetch manifest chalk@^4.1.2
984 silly packumentCache full:https://registry.npmjs.org/chalk cache-hit
985 silly fetch manifest cosmiconfig@^8.2.0
986 silly packumentCache full:https://registry.npmjs.org/cosmiconfig cache-miss
987 http cache https://registry.npmjs.org/@inquirer%2fpassword 10ms (cache hit)
988 silly packumentCache full:https://registry.npmjs.org/@inquirer%2fpassword set size:318894 disposed:false
989 silly fetch manifest deepmerge@^4.2.2
990 silly packumentCache full:https://registry.npmjs.org/deepmerge cache-miss
991 http cache https://registry.npmjs.org/readdirp 11ms (cache hit)
992 silly packumentCache full:https://registry.npmjs.org/readdirp set size:107589 disposed:false
993 silly fetch manifest fs-extra@^10.0.0
994 silly packumentCache full:https://registry.npmjs.org/fs-extra cache-miss
995 http cache https://registry.npmjs.org/string-width 11ms (cache hit)
996 silly packumentCache full:https://registry.npmjs.org/string-width set size:70381 disposed:false
997 silly fetch manifest memfs@^3.4.1
998 silly packumentCache full:https://registry.npmjs.org/memfs cache-miss
999 http cache https://registry.npmjs.org/@inquirer%2fcheckbox 16ms (cache hit)
1000 silly packumentCache full:https://registry.npmjs.org/@inquirer%2fcheckbox set size:346573 disposed:false
1001 silly fetch manifest node-abort-controller@^3.0.1
1002 silly packumentCache full:https://registry.npmjs.org/node-abort-controller cache-miss
1003 http cache https://registry.npmjs.org/@colors%2fcolors 13ms (cache hit)
1004 silly packumentCache full:https://registry.npmjs.org/@colors%2fcolors set size:12042 disposed:false
1005 silly fetch manifest schema-utils@^3.1.1
1006 silly packumentCache full:https://registry.npmjs.org/schema-utils cache-hit
1007 silly fetch manifest semver@^7.3.5
1008 silly packumentCache full:https://registry.npmjs.org/semver cache-hit
1009 silly fetch manifest tapable@^2.2.1
1010 silly packumentCache full:https://registry.npmjs.org/tapable cache-hit
1011 silly fetch manifest minimatch@^10.2.2
1012 silly packumentCache full:https://registry.npmjs.org/minimatch cache-hit
1013 silly fetch manifest minipass@^7.1.3
1014 silly packumentCache full:https://registry.npmjs.org/minipass cache-miss
1015 http cache https://registry.npmjs.org/@babel%2fcode-frame 13ms (cache hit)
1016 silly packumentCache full:https://registry.npmjs.org/@babel%2fcode-frame set size:204481 disposed:false
1017 silly fetch manifest path-scurry@^2.0.2
1018 silly packumentCache full:https://registry.npmjs.org/path-scurry cache-miss
1019 http cache https://registry.npmjs.org/cosmiconfig 12ms (cache hit)
1020 silly packumentCache full:https://registry.npmjs.org/cosmiconfig set size:222324 disposed:false
1021 silly fetch manifest lodash@^4.17.21
1022 silly packumentCache full:https://registry.npmjs.org/lodash cache-miss
1023 http cache https://registry.npmjs.org/deepmerge 11ms (cache hit)
1024 silly packumentCache full:https://registry.npmjs.org/deepmerge set size:101897 disposed:false
1025 silly fetch manifest bl@^4.1.0
1026 silly packumentCache full:https://registry.npmjs.org/bl cache-miss
1027 http cache https://registry.npmjs.org/node-abort-controller 7ms (cache hit)
1028 silly packumentCache full:https://registry.npmjs.org/node-abort-controller set size:38850 disposed:false
1029 silly fetch manifest wcwidth@^1.0.1
1030 silly packumentCache full:https://registry.npmjs.org/wcwidth cache-miss
1031 http cache https://registry.npmjs.org/fs-extra 11ms (cache hit)
1032 silly packumentCache full:https://registry.npmjs.org/fs-extra set size:234923 disposed:false
1033 silly fetch manifest cli-cursor@^3.1.0
1034 silly packumentCache full:https://registry.npmjs.org/cli-cursor cache-miss
1035 http cache https://registry.npmjs.org/memfs 12ms (cache hit)
1036 silly packumentCache full:https://registry.npmjs.org/memfs set size:864436 disposed:false
1037 silly fetch manifest strip-ansi@^6.0.0
1038 silly packumentCache full:https://registry.npmjs.org/strip-ansi cache-miss
1039 http cache https://registry.npmjs.org/minipass 14ms (cache hit)
1040 silly packumentCache full:https://registry.npmjs.org/minipass set size:276925 disposed:false
1041 silly fetch manifest log-symbols@^4.1.0
1042 silly packumentCache full:https://registry.npmjs.org/log-symbols cache-miss
1043 http cache https://registry.npmjs.org/path-scurry 13ms (cache hit)
1044 silly packumentCache full:https://registry.npmjs.org/path-scurry set size:117612 disposed:false
1045 silly fetch manifest cli-spinners@^2.5.0
1046 silly packumentCache full:https://registry.npmjs.org/cli-spinners cache-miss
1047 http cache https://registry.npmjs.org/cli-cursor 9ms (cache hit)
1048 silly packumentCache full:https://registry.npmjs.org/cli-cursor set size:18913 disposed:false
1049 silly fetch manifest is-interactive@^1.0.0
1050 silly packumentCache full:https://registry.npmjs.org/is-interactive cache-miss
1051 http cache https://registry.npmjs.org/lodash 13ms (cache hit)
1052 silly packumentCache full:https://registry.npmjs.org/lodash set size:247652 disposed:false
1053 silly fetch manifest is-unicode-supported@^0.1.0
1054 silly packumentCache full:https://registry.npmjs.org/is-unicode-supported cache-miss
1055 http cache https://registry.npmjs.org/bl 13ms (cache hit)
1056 silly packumentCache full:https://registry.npmjs.org/bl set size:203035 disposed:false
1057 silly fetch manifest enhanced-resolve@^5.7.0
1058 silly packumentCache full:https://registry.npmjs.org/enhanced-resolve cache-hit
1059 silly fetch manifest mime-types@^2.1.27
1060 silly packumentCache full:https://registry.npmjs.org/mime-types cache-miss
1061 http cache https://registry.npmjs.org/wcwidth 13ms (cache hit)
1062 silly packumentCache full:https://registry.npmjs.org/wcwidth set size:5904 disposed:false
1063 silly fetch manifest loader-runner@^4.3.1
1064 silly packumentCache full:https://registry.npmjs.org/loader-runner cache-hit
1065 silly fetch manifest es-module-lexer@^2.0.0
1066 silly packumentCache full:https://registry.npmjs.org/es-module-lexer cache-hit
1067 silly fetch manifest webpack-sources@^3.3.4
1068 silly packumentCache full:https://registry.npmjs.org/webpack-sources cache-hit
1069 silly fetch manifest enhanced-resolve@^5.20.0
1070 silly packumentCache full:https://registry.npmjs.org/enhanced-resolve cache-hit
1071 silly fetch manifest @types/eslint-scope@^3.7.7
1072 silly packumentCache full:https://registry.npmjs.org/@types%2feslint-scope cache-miss
1073 http cache https://registry.npmjs.org/strip-ansi 9ms (cache hit)
1074 silly packumentCache full:https://registry.npmjs.org/strip-ansi set size:44998 disposed:false
1075 silly fetch manifest terser-webpack-plugin@^5.3.17
1076 silly packumentCache full:https://registry.npmjs.org/terser-webpack-plugin cache-hit
1077 silly fetch manifest json-parse-even-better-errors@^2.3.1
1078 silly packumentCache full:https://registry.npmjs.org/json-parse-even-better-errors cache-miss
1079 http cache https://registry.npmjs.org/is-interactive 7ms (cache hit)
1080 silly packumentCache full:https://registry.npmjs.org/is-interactive set size:10692 disposed:false
1081 http cache https://registry.npmjs.org/cli-spinners 7ms (cache hit)
1082 silly packumentCache full:https://registry.npmjs.org/cli-spinners set size:67473 disposed:false
1083 http cache https://registry.npmjs.org/log-symbols 9ms (cache hit)
1084 silly packumentCache full:https://registry.npmjs.org/log-symbols set size:31977 disposed:false
1085 http cache https://registry.npmjs.org/is-unicode-supported 6ms (cache hit)
1086 silly packumentCache full:https://registry.npmjs.org/is-unicode-supported set size:19461 disposed:false
1087 http cache https://registry.npmjs.org/@types%2feslint-scope 5ms (cache hit)
1088 silly packumentCache full:https://registry.npmjs.org/@types%2feslint-scope set size:25267 disposed:false
1089 http cache https://registry.npmjs.org/mime-types 6ms (cache hit)
1090 silly packumentCache full:https://registry.npmjs.org/mime-types set size:139110 disposed:false
1091 http cache https://registry.npmjs.org/json-parse-even-better-errors 7ms (cache hit)
1092 silly packumentCache full:https://registry.npmjs.org/json-parse-even-better-errors set size:37274 disposed:false
1093 silly placeDep node_modules/@angular-devkit/core ajv@8.18.0 OK for: @angular-devkit/core@19.2.24 want: 8.18.0
1094 silly placeDep ROOT ajv-formats@3.0.1 OK for: @angular-devkit/core@19.2.24 want: 3.0.1
1095 silly placeDep ROOT jsonc-parser@3.3.1 OK for: @angular-devkit/core@19.2.24 want: 3.3.1
1096 silly placeDep ROOT picomatch@4.0.4 OK for: @angular-devkit/core@19.2.24 want: 4.0.4
1097 silly placeDep node_modules/@angular-devkit/core rxjs@7.8.1 OK for: @angular-devkit/core@19.2.24 want: 7.8.1
1098 silly placeDep ROOT source-map@0.7.4 OK for: @angular-devkit/core@19.2.24 want: 0.7.4
1099 silly fetch manifest fast-uri@^3.0.1
1100 silly packumentCache full:https://registry.npmjs.org/fast-uri cache-miss
1101 silly fetch manifest require-from-string@^2.0.2
1102 silly packumentCache full:https://registry.npmjs.org/require-from-string cache-miss
1103 silly fetch manifest json-schema-traverse@^1.0.0
1104 silly packumentCache full:https://registry.npmjs.org/json-schema-traverse cache-hit
1105 silly fetch manifest ajv@^8.0.0
1106 silly packumentCache full:https://registry.npmjs.org/ajv cache-miss
1107 http cache https://registry.npmjs.org/require-from-string 2ms (cache hit)
1108 silly packumentCache full:https://registry.npmjs.org/require-from-string set size:15128 disposed:false
1109 http cache https://registry.npmjs.org/ajv 3ms (cache hit)
1110 silly packumentCache full:https://registry.npmjs.org/ajv set size:1142658 disposed:false
1111 http cache https://registry.npmjs.org/fast-uri 6ms (cache hit)
1112 silly packumentCache full:https://registry.npmjs.org/fast-uri set size:68147 disposed:false
1113 silly placeDep ROOT magic-string@0.30.17 OK for: @angular-devkit/schematics@19.2.24 want: 0.30.17
1114 silly placeDep node_modules/@angular-devkit/schematics rxjs@7.8.1 OK for: @angular-devkit/schematics@19.2.24 want: 7.8.1
1115 silly fetch manifest @jridgewell/sourcemap-codec@^1.5.0
1116 silly packumentCache full:https://registry.npmjs.org/@jridgewell%2fsourcemap-codec cache-miss
1117 http cache https://registry.npmjs.org/@jridgewell%2fsourcemap-codec 1ms (cache hit)
1118 silly packumentCache full:https://registry.npmjs.org/@jridgewell%2fsourcemap-codec set size:51856 disposed:false
1119 silly placeDep node_modules/@angular-devkit/schematics-cli @inquirer/prompts@7.3.2 OK for: @angular-devkit/schematics-cli@19.2.24 want: 7.3.2
1120 silly placeDep ROOT ansi-colors@4.1.3 OK for: @angular-devkit/schematics-cli@19.2.24 want: 4.1.3
1121 silly placeDep ROOT symbol-observable@4.0.0 OK for: @angular-devkit/schematics-cli@19.2.24 want: 4.0.0
1122 silly placeDep ROOT yargs-parser@21.1.1 OK for: @angular-devkit/schematics-cli@19.2.24 want: 21.1.1
1123 silly fetch manifest @inquirer/input@^4.1.6
1124 silly packumentCache full:https://registry.npmjs.org/@inquirer%2finput cache-hit
1125 silly fetch manifest @inquirer/editor@^4.2.7
1126 silly packumentCache full:https://registry.npmjs.org/@inquirer%2feditor cache-hit
1127 silly fetch manifest @inquirer/expand@^4.0.9
1128 silly packumentCache full:https://registry.npmjs.org/@inquirer%2fexpand cache-hit
1129 silly fetch manifest @inquirer/number@^3.0.9
1130 silly packumentCache full:https://registry.npmjs.org/@inquirer%2fnumber cache-hit
1131 silly fetch manifest @inquirer/search@^3.0.9
1132 silly packumentCache full:https://registry.npmjs.org/@inquirer%2fsearch cache-hit
1133 silly fetch manifest @inquirer/select@^4.0.9
1134 silly packumentCache full:https://registry.npmjs.org/@inquirer%2fselect cache-hit
1135 silly fetch manifest @inquirer/confirm@^5.1.6
1136 silly packumentCache full:https://registry.npmjs.org/@inquirer%2fconfirm cache-hit
1137 silly fetch manifest @inquirer/rawlist@^4.0.9
1138 silly packumentCache full:https://registry.npmjs.org/@inquirer%2frawlist cache-hit
1139 silly fetch manifest @inquirer/checkbox@^4.1.2
1140 silly packumentCache full:https://registry.npmjs.org/@inquirer%2fcheckbox cache-hit
1141 silly fetch manifest @inquirer/password@^4.0.9
1142 silly packumentCache full:https://registry.npmjs.org/@inquirer%2fpassword cache-hit
1143 silly placeDep ROOT @inquirer/checkbox@4.3.2 OK for: @inquirer/prompts@7.10.1 want: ^4.3.2
1144 silly placeDep ROOT @inquirer/confirm@5.1.21 OK for: @inquirer/prompts@7.10.1 want: ^5.1.21
1145 silly placeDep ROOT @inquirer/editor@4.2.23 OK for: @inquirer/prompts@7.10.1 want: ^4.2.23
1146 silly placeDep ROOT @inquirer/expand@4.0.23 OK for: @inquirer/prompts@7.10.1 want: ^4.0.23
1147 silly placeDep ROOT @inquirer/input@4.3.1 OK for: @inquirer/prompts@7.10.1 want: ^4.3.1
1148 silly placeDep ROOT @inquirer/number@3.0.23 OK for: @inquirer/prompts@7.10.1 want: ^3.0.23
1149 silly placeDep ROOT @inquirer/password@4.0.23 OK for: @inquirer/prompts@7.10.1 want: ^4.0.23
1150 silly placeDep ROOT @inquirer/rawlist@4.1.11 OK for: @inquirer/prompts@7.10.1 want: ^4.1.11
1151 silly placeDep ROOT @inquirer/search@3.2.2 OK for: @inquirer/prompts@7.10.1 want: ^3.2.2
1152 silly placeDep ROOT @inquirer/select@4.4.2 OK for: @inquirer/prompts@7.10.1 want: ^4.4.2
1153 silly fetch manifest @inquirer/ansi@^1.0.2
1154 silly packumentCache full:https://registry.npmjs.org/@inquirer%2fansi cache-miss
1155 silly fetch manifest @inquirer/core@^10.3.2
1156 silly packumentCache full:https://registry.npmjs.org/@inquirer%2fcore cache-miss
1157 silly fetch manifest @inquirer/type@^3.0.10
1158 silly packumentCache full:https://registry.npmjs.org/@inquirer%2ftype cache-miss
1159 silly fetch manifest yoctocolors-cjs@^2.1.3
1160 silly packumentCache full:https://registry.npmjs.org/yoctocolors-cjs cache-miss
1161 silly fetch manifest @inquirer/figures@^1.0.15
1162 silly packumentCache full:https://registry.npmjs.org/@inquirer%2ffigures cache-miss
1163 silly fetch manifest @inquirer/core@^10.3.2
1164 silly packumentCache full:https://registry.npmjs.org/@inquirer%2fcore cache-miss
1165 silly fetch manifest @inquirer/type@^3.0.10
1166 silly packumentCache full:https://registry.npmjs.org/@inquirer%2ftype cache-miss
1167 http cache https://registry.npmjs.org/@inquirer%2fansi 3ms (cache hit)
1168 silly packumentCache full:https://registry.npmjs.org/@inquirer%2fansi set size:29199 disposed:false
1169 silly fetch manifest @inquirer/core@^10.3.2
1170 silly packumentCache full:https://registry.npmjs.org/@inquirer%2fcore cache-miss
1171 http cache https://registry.npmjs.org/@inquirer%2ffigures 3ms (cache hit)
1172 silly packumentCache full:https://registry.npmjs.org/@inquirer%2ffigures set size:57318 disposed:false
1173 silly fetch manifest @inquirer/type@^3.0.10
1174 silly packumentCache full:https://registry.npmjs.org/@inquirer%2ftype cache-miss
1175 http cache https://registry.npmjs.org/@inquirer%2fcore 4ms (cache hit)
1176 silly packumentCache full:https://registry.npmjs.org/@inquirer%2fcore set size:353358 disposed:false
1177 silly fetch manifest @inquirer/external-editor@^1.0.3
1178 silly packumentCache full:https://registry.npmjs.org/@inquirer%2fexternal-editor cache-miss
1179 http cache https://registry.npmjs.org/@inquirer%2ftype 6ms (cache hit)
1180 silly packumentCache full:https://registry.npmjs.org/@inquirer%2ftype set size:119899 disposed:false
1181 silly fetch manifest yoctocolors-cjs@^2.1.3
1182 silly packumentCache full:https://registry.npmjs.org/yoctocolors-cjs cache-miss
1183 http cache https://registry.npmjs.org/yoctocolors-cjs 7ms (cache hit)
1184 silly packumentCache full:https://registry.npmjs.org/yoctocolors-cjs set size:12865 disposed:false
1185 http cache https://registry.npmjs.org/@inquirer%2ftype 8ms (cache hit)
1186 silly packumentCache full:https://registry.npmjs.org/@inquirer%2ftype set size:119899 disposed:false
1187 silly packumentCache full:https://registry.npmjs.org/@inquirer%2ftype dispose
1188 http cache https://registry.npmjs.org/@inquirer%2fcore 8ms (cache hit)
1189 silly packumentCache full:https://registry.npmjs.org/@inquirer%2fcore set size:353358 disposed:false
1190 silly packumentCache full:https://registry.npmjs.org/@inquirer%2fcore dispose
1191 http cache https://registry.npmjs.org/@inquirer%2fcore 8ms (cache hit)
1192 silly packumentCache full:https://registry.npmjs.org/@inquirer%2fcore set size:353358 disposed:true
1193 silly packumentCache full:https://registry.npmjs.org/@inquirer%2fcore dispose
1194 http cache https://registry.npmjs.org/@inquirer%2fexternal-editor 7ms (cache hit)
1195 silly packumentCache full:https://registry.npmjs.org/@inquirer%2fexternal-editor set size:41046 disposed:false
1196 http cache https://registry.npmjs.org/@inquirer%2ftype 9ms (cache hit)
1197 silly packumentCache full:https://registry.npmjs.org/@inquirer%2ftype set size:119899 disposed:true
1198 silly packumentCache full:https://registry.npmjs.org/@inquirer%2ftype dispose
1199 http cache https://registry.npmjs.org/yoctocolors-cjs 7ms (cache hit)
1200 silly packumentCache full:https://registry.npmjs.org/yoctocolors-cjs set size:12865 disposed:false
1201 silly packumentCache full:https://registry.npmjs.org/yoctocolors-cjs dispose
1202 silly placeDep ROOT @inquirer/ansi@1.0.2 OK for: @inquirer/checkbox@4.3.2 want: ^1.0.2
1203 silly placeDep ROOT @inquirer/core@10.3.2 OK for: @inquirer/checkbox@4.3.2 want: ^10.3.2
1204 silly placeDep ROOT @inquirer/figures@1.0.15 OK for: @inquirer/checkbox@4.3.2 want: ^1.0.15
1205 silly placeDep ROOT @inquirer/type@3.0.10 OK for: @inquirer/checkbox@4.3.2 want: ^3.0.10
1206 silly placeDep ROOT yoctocolors-cjs@2.1.3 OK for: @inquirer/checkbox@4.3.2 want: ^2.1.3
1207 silly fetch manifest cli-width@^4.1.0
1208 silly packumentCache full:https://registry.npmjs.org/cli-width cache-miss
1209 silly fetch manifest wrap-ansi@^6.2.0
1210 silly packumentCache full:https://registry.npmjs.org/wrap-ansi cache-miss
1211 silly fetch manifest mute-stream@^2.0.0
1212 silly packumentCache full:https://registry.npmjs.org/mute-stream cache-miss
1213 silly fetch manifest signal-exit@^4.1.0
1214 silly packumentCache full:https://registry.npmjs.org/signal-exit cache-miss
1215 http cache https://registry.npmjs.org/cli-width 2ms (cache hit)
1216 silly packumentCache full:https://registry.npmjs.org/cli-width set size:24976 disposed:false
1217 http cache https://registry.npmjs.org/mute-stream 3ms (cache hit)
1218 silly packumentCache full:https://registry.npmjs.org/mute-stream set size:24469 disposed:false
1219 http cache https://registry.npmjs.org/wrap-ansi 3ms (cache hit)
1220 silly packumentCache full:https://registry.npmjs.org/wrap-ansi set size:55299 disposed:false
1221 http cache https://registry.npmjs.org/signal-exit 3ms (cache hit)
1222 silly packumentCache full:https://registry.npmjs.org/signal-exit set size:53489 disposed:false
1223 silly placeDep ROOT cli-width@4.1.0 OK for: @inquirer/core@10.3.2 want: ^4.1.0
1224 silly placeDep ROOT mute-stream@2.0.0 OK for: @inquirer/core@10.3.2 want: ^2.0.0
1225 silly placeDep ROOT signal-exit@4.1.0 OK for: @inquirer/core@10.3.2 want: ^4.1.0
1226 silly placeDep ROOT wrap-ansi@6.2.0 OK for: @inquirer/core@10.3.2 want: ^6.2.0
1227 silly fetch manifest ansi-styles@^4.0.0
1228 silly packumentCache full:https://registry.npmjs.org/ansi-styles cache-miss
1229 silly fetch manifest string-width@^4.1.0
1230 silly packumentCache full:https://registry.npmjs.org/string-width cache-hit
1231 http cache https://registry.npmjs.org/ansi-styles 2ms (cache hit)
1232 silly packumentCache full:https://registry.npmjs.org/ansi-styles set size:63233 disposed:false
1233 silly placeDep ROOT @inquirer/external-editor@1.0.3 OK for: @inquirer/editor@4.2.23 want: ^1.0.3
1234 silly fetch manifest chardet@^2.1.1
1235 silly packumentCache full:https://registry.npmjs.org/chardet cache-miss
1236 silly fetch manifest iconv-lite@^0.7.0
1237 silly packumentCache full:https://registry.npmjs.org/iconv-lite cache-miss
1238 http cache https://registry.npmjs.org/chardet 1ms (cache hit)
1239 silly packumentCache full:https://registry.npmjs.org/chardet set size:70553 disposed:false
1240 http cache https://registry.npmjs.org/iconv-lite 2ms (cache hit)
1241 silly packumentCache full:https://registry.npmjs.org/iconv-lite set size:120557 disposed:false
1242 silly placeDep ROOT chardet@2.1.1 OK for: @inquirer/external-editor@1.0.3 want: ^2.1.1
1243 silly placeDep ROOT iconv-lite@0.7.2 OK for: @inquirer/external-editor@1.0.3 want: ^0.7.0
1244 silly fetch manifest safer-buffer@>= 2.1.2 < 3.0.0
1245 silly packumentCache full:https://registry.npmjs.org/safer-buffer cache-miss
1246 http cache https://registry.npmjs.org/safer-buffer 1ms (cache hit)
1247 silly packumentCache full:https://registry.npmjs.org/safer-buffer set size:18521 disposed:false
1248 silly placeDep ROOT file-type@21.3.4 OK for: @nestjs/common@11.1.24 want: 21.3.4
1249 silly placeDep ROOT iterare@1.2.1 OK for: @nestjs/common@11.1.24 want: 1.2.1
1250 silly placeDep ROOT load-esm@1.0.3 OK for: @nestjs/common@11.1.24 want: 1.0.3
1251 silly placeDep ROOT tslib@2.8.1 OK for: @nestjs/common@11.1.24 want: 2.8.1
1252 silly placeDep ROOT uid@2.0.2 OK for: @nestjs/common@11.1.24 want: 2.0.2
1253 silly fetch manifest strtok3@^10.3.4
1254 silly packumentCache full:https://registry.npmjs.org/strtok3 cache-miss
1255 silly fetch manifest token-types@^6.1.1
1256 silly packumentCache full:https://registry.npmjs.org/token-types cache-miss
1257 silly fetch manifest uint8array-extras@^1.4.0
1258 silly packumentCache full:https://registry.npmjs.org/uint8array-extras cache-miss
1259 silly fetch manifest @tokenizer/inflate@^0.4.1
1260 silly packumentCache full:https://registry.npmjs.org/@tokenizer%2finflate cache-miss
1261 silly fetch manifest @lukeed/csprng@^1.0.0
1262 silly packumentCache full:https://registry.npmjs.org/@lukeed%2fcsprng cache-miss
1263 http fetch GET 200 https://registry.npmjs.org/token-types 43ms (cache miss)
1264 silly packumentCache full:https://registry.npmjs.org/token-types set size:undefined disposed:false
1265 http fetch GET 200 https://registry.npmjs.org/@tokenizer%2finflate 51ms (cache miss)
1266 silly packumentCache full:https://registry.npmjs.org/@tokenizer%2finflate set size:undefined disposed:false
1267 http fetch GET 200 https://registry.npmjs.org/strtok3 52ms (cache miss)
1268 silly packumentCache full:https://registry.npmjs.org/strtok3 set size:undefined disposed:false
1269 http fetch GET 200 https://registry.npmjs.org/uint8array-extras 63ms (cache miss)
1270 silly packumentCache full:https://registry.npmjs.org/uint8array-extras set size:undefined disposed:false
1271 http fetch GET 200 https://registry.npmjs.org/@lukeed%2fcsprng 308ms (cache miss)
1272 silly packumentCache full:https://registry.npmjs.org/@lukeed%2fcsprng set size:undefined disposed:false
1273 silly placeDep ROOT @nuxt/opencollective@0.4.1 OK for: @nestjs/core@11.1.24 want: 0.4.1
1274 silly placeDep ROOT fast-safe-stringify@2.1.1 OK for: @nestjs/core@11.1.24 want: 2.1.1
1275 silly placeDep ROOT path-to-regexp@8.4.2 OK for: @nestjs/core@11.1.24 want: 8.4.2
1276 silly fetch manifest consola@^3.2.3
1277 silly packumentCache full:https://registry.npmjs.org/consola cache-miss
1278 http fetch GET 200 https://registry.npmjs.org/consola 43ms (cache miss)
1279 silly packumentCache full:https://registry.npmjs.org/consola set size:undefined disposed:false
1280 silly placeDep ROOT cors@2.8.6 OK for: @nestjs/platform-express@11.1.24 want: 2.8.6
1281 silly placeDep ROOT express@5.2.1 OK for: @nestjs/platform-express@11.1.24 want: 5.2.1
1282 silly placeDep ROOT multer@2.1.1 OK for: @nestjs/platform-express@11.1.24 want: 2.1.1
1283 silly fetch manifest object-assign@^4
1284 silly packumentCache full:https://registry.npmjs.org/object-assign cache-miss
1285 silly fetch manifest vary@^1
1286 silly packumentCache full:https://registry.npmjs.org/vary cache-miss
1287 silly fetch manifest qs@^6.14.0
1288 silly packumentCache full:https://registry.npmjs.org/qs cache-miss
1289 silly fetch manifest depd@^2.0.0
1290 silly packumentCache full:https://registry.npmjs.org/depd cache-miss
1291 silly fetch manifest etag@^1.8.1
1292 silly packumentCache full:https://registry.npmjs.org/etag cache-miss
1293 silly fetch manifest once@^1.4.0
1294 silly packumentCache full:https://registry.npmjs.org/once cache-miss
1295 silly fetch manifest send@^1.1.0
1296 silly packumentCache full:https://registry.npmjs.org/send cache-miss
1297 http fetch GET 200 https://registry.npmjs.org/vary 55ms (cache miss)
1298 silly packumentCache full:https://registry.npmjs.org/vary set size:undefined disposed:false
1299 silly fetch manifest vary@^1.1.2
1300 silly packumentCache full:https://registry.npmjs.org/vary cache-miss
1301 http fetch GET 200 https://registry.npmjs.org/once 56ms (cache miss)
1302 silly packumentCache full:https://registry.npmjs.org/once set size:undefined disposed:false
1303 silly fetch manifest fresh@^2.0.0
1304 silly packumentCache full:https://registry.npmjs.org/fresh cache-miss
1305 http fetch GET 200 https://registry.npmjs.org/etag 58ms (cache miss)
1306 silly packumentCache full:https://registry.npmjs.org/etag set size:undefined disposed:false
1307 silly fetch manifest cookie@^0.7.1
1308 silly packumentCache full:https://registry.npmjs.org/cookie cache-miss
1309 http fetch GET 200 https://registry.npmjs.org/depd 59ms (cache miss)
1310 silly packumentCache full:https://registry.npmjs.org/depd set size:undefined disposed:false
1311 silly fetch manifest router@^2.2.0
1312 silly packumentCache full:https://registry.npmjs.org/router cache-miss
1313 http fetch GET 200 https://registry.npmjs.org/object-assign 61ms (cache miss)
1314 silly packumentCache full:https://registry.npmjs.org/object-assign set size:undefined disposed:false
1315 silly fetch manifest accepts@^2.0.0
1316 silly packumentCache full:https://registry.npmjs.org/accepts cache-miss
1317 http fetch GET 200 https://registry.npmjs.org/send 62ms (cache miss)
1318 silly packumentCache full:https://registry.npmjs.org/send set size:undefined disposed:false
1319 silly fetch manifest type-is@^2.0.1
1320 silly packumentCache full:https://registry.npmjs.org/type-is cache-miss
1321 http cache https://registry.npmjs.org/vary 11ms (cache hit)
1322 silly packumentCache full:https://registry.npmjs.org/vary set size:15994 disposed:false
1323 silly fetch manifest parseurl@^1.3.3
1324 silly packumentCache full:https://registry.npmjs.org/parseurl cache-miss
1325 http fetch GET 200 https://registry.npmjs.org/qs 68ms (cache miss)
1326 silly packumentCache full:https://registry.npmjs.org/qs set size:undefined disposed:false
1327 silly fetch manifest statuses@^2.0.1
1328 silly packumentCache full:https://registry.npmjs.org/statuses cache-miss
1329 http fetch GET 200 https://registry.npmjs.org/fresh 34ms (cache miss)
1330 silly packumentCache full:https://registry.npmjs.org/fresh set size:undefined disposed:false
1331 silly fetch manifest encodeurl@^2.0.0
1332 silly packumentCache full:https://registry.npmjs.org/encodeurl cache-miss
1333 http fetch GET 200 https://registry.npmjs.org/type-is 32ms (cache miss)
1334 silly packumentCache full:https://registry.npmjs.org/type-is set size:undefined disposed:false
1335 silly fetch manifest mime-types@^3.0.0
1336 silly packumentCache full:https://registry.npmjs.org/mime-types cache-hit
1337 silly fetch manifest proxy-addr@^2.0.7
1338 silly packumentCache full:https://registry.npmjs.org/proxy-addr cache-miss
1339 http fetch GET 200 https://registry.npmjs.org/parseurl 40ms (cache miss)
1340 silly packumentCache full:https://registry.npmjs.org/parseurl set size:undefined disposed:false
1341 silly fetch manifest body-parser@^2.2.1
1342 silly packumentCache full:https://registry.npmjs.org/body-parser cache-miss
1343 http fetch GET 200 https://registry.npmjs.org/accepts 47ms (cache miss)
1344 silly packumentCache full:https://registry.npmjs.org/accepts set size:undefined disposed:false
1345 silly fetch manifest escape-html@^1.0.3
1346 silly packumentCache full:https://registry.npmjs.org/escape-html cache-miss
1347 http fetch GET 200 https://registry.npmjs.org/statuses 40ms (cache miss)
1348 silly packumentCache full:https://registry.npmjs.org/statuses set size:undefined disposed:false
1349 silly fetch manifest http-errors@^2.0.0
1350 silly packumentCache full:https://registry.npmjs.org/http-errors cache-miss
1351 http fetch GET 200 https://registry.npmjs.org/router 52ms (cache miss)
1352 silly packumentCache full:https://registry.npmjs.org/router set size:undefined disposed:false
1353 silly fetch manifest on-finished@^2.4.1
1354 silly packumentCache full:https://registry.npmjs.org/on-finished cache-miss
1355 http fetch GET 200 https://registry.npmjs.org/encodeurl 32ms (cache miss)
1356 silly packumentCache full:https://registry.npmjs.org/encodeurl set size:undefined disposed:false
1357 silly fetch manifest content-type@^1.0.5
1358 silly packumentCache full:https://registry.npmjs.org/content-type cache-miss
1359 http fetch GET 200 https://registry.npmjs.org/escape-html 46ms (cache miss)
1360 silly packumentCache full:https://registry.npmjs.org/escape-html set size:undefined disposed:false
1361 silly fetch manifest finalhandler@^2.1.0
1362 silly packumentCache full:https://registry.npmjs.org/finalhandler cache-miss
1363 http fetch GET 200 https://registry.npmjs.org/on-finished 43ms (cache miss)
1364 silly packumentCache full:https://registry.npmjs.org/on-finished set size:undefined disposed:false
1365 silly fetch manifest range-parser@^1.2.1
1366 silly packumentCache full:https://registry.npmjs.org/range-parser cache-miss
1367 http fetch GET 200 https://registry.npmjs.org/content-type 34ms (cache miss)
1368 silly packumentCache full:https://registry.npmjs.org/content-type set size:undefined disposed:false
1369 silly fetch manifest serve-static@^2.2.0
1370 silly packumentCache full:https://registry.npmjs.org/serve-static cache-miss
1371 http fetch GET 200 https://registry.npmjs.org/proxy-addr 60ms (cache miss)
1372 silly packumentCache full:https://registry.npmjs.org/proxy-addr set size:undefined disposed:false
1373 silly fetch manifest cookie-signature@^1.2.1
1374 silly packumentCache full:https://registry.npmjs.org/cookie-signature cache-miss
1375 http fetch GET 200 https://registry.npmjs.org/http-errors 48ms (cache miss)
1376 silly packumentCache full:https://registry.npmjs.org/http-errors set size:undefined disposed:false
1377 silly fetch manifest merge-descriptors@^2.0.0
1378 silly packumentCache full:https://registry.npmjs.org/merge-descriptors cache-miss
1379 http fetch GET 200 https://registry.npmjs.org/body-parser 53ms (cache miss)
1380 silly packumentCache full:https://registry.npmjs.org/body-parser set size:undefined disposed:false
1381 silly fetch manifest content-disposition@^1.0.0
1382 silly packumentCache full:https://registry.npmjs.org/content-disposition cache-miss
1383 http cache https://registry.npmjs.org/cookie-signature 5ms (cache hit)
1384 silly packumentCache full:https://registry.npmjs.org/cookie-signature set size:21777 disposed:false
1385 silly fetch manifest append-field@^1.0.0
1386 silly packumentCache full:https://registry.npmjs.org/append-field cache-miss
1387 http fetch GET 200 https://registry.npmjs.org/append-field 40ms (cache miss)
1388 silly packumentCache full:https://registry.npmjs.org/append-field set size:undefined disposed:false
1389 silly fetch manifest busboy@^1.6.0
1390 silly packumentCache full:https://registry.npmjs.org/busboy cache-miss
1391 http fetch GET 200 https://registry.npmjs.org/finalhandler 49ms (cache miss)
1392 silly packumentCache full:https://registry.npmjs.org/finalhandler set size:undefined disposed:false
1393 silly fetch manifest concat-stream@^2.0.0
1394 silly packumentCache full:https://registry.npmjs.org/concat-stream cache-miss
1395 http fetch GET 200 https://registry.npmjs.org/merge-descriptors 50ms (cache miss)
1396 silly packumentCache full:https://registry.npmjs.org/merge-descriptors set size:undefined disposed:false
1397 silly fetch manifest type-is@^1.6.18
1398 silly packumentCache full:https://registry.npmjs.org/type-is cache-miss
1399 http fetch GET 200 https://registry.npmjs.org/range-parser 54ms (cache miss)
1400 silly packumentCache full:https://registry.npmjs.org/range-parser set size:undefined disposed:false
1401 http fetch GET 200 https://registry.npmjs.org/content-disposition 48ms (cache miss)
1402 silly packumentCache full:https://registry.npmjs.org/content-disposition set size:undefined disposed:false
1403 http cache https://registry.npmjs.org/type-is 3ms (cache hit)
1404 silly packumentCache full:https://registry.npmjs.org/type-is set size:88614 disposed:false
1405 http fetch GET 200 https://registry.npmjs.org/serve-static 58ms (cache miss)
1406 silly packumentCache full:https://registry.npmjs.org/serve-static set size:undefined disposed:false
1407 http fetch GET 200 https://registry.npmjs.org/concat-stream 36ms (cache miss)
1408 silly packumentCache full:https://registry.npmjs.org/concat-stream set size:undefined disposed:false
1409 http fetch GET 200 https://registry.npmjs.org/busboy 39ms (cache miss)
1410 silly packumentCache full:https://registry.npmjs.org/busboy set size:undefined disposed:false
1411 http fetch GET 200 https://registry.npmjs.org/cookie 277ms (cache miss)
1412 silly packumentCache full:https://registry.npmjs.org/cookie set size:undefined disposed:false
1413 silly placeDep ROOT comment-json@5.0.0 OK for: @nestjs/schematics@11.1.0 want: 5.0.0
1414 silly placeDep ROOT pluralize@8.0.0 OK for: @nestjs/schematics@11.1.0 want: 8.0.0
1415 silly fetch manifest array-timsort@^1.0.3
1416 silly packumentCache full:https://registry.npmjs.org/array-timsort cache-miss
1417 silly fetch manifest esprima@^4.0.1
1418 silly packumentCache full:https://registry.npmjs.org/esprima cache-miss
1419 http cache https://registry.npmjs.org/array-timsort 3ms (cache hit)
1420 silly packumentCache full:https://registry.npmjs.org/array-timsort set size:21524 disposed:false
1421 http cache https://registry.npmjs.org/esprima 3ms (cache hit)
1422 silly packumentCache full:https://registry.npmjs.org/esprima set size:118410 disposed:false
1423 silly placeDep ROOT consola@3.4.2 OK for: @nuxt/opencollective@0.4.1 want: ^3.2.3
1424 silly placeDep ROOT @types/body-parser@1.19.6 OK for: @types/express@5.0.6 want: *
1425 silly placeDep ROOT @types/express-serve-static-core@5.1.1 OK for: @types/express@5.0.6 want: ^5.0.0
1426 silly placeDep ROOT @types/serve-static@2.2.0 OK for: @types/express@5.0.6 want: ^2
1427 silly fetch manifest @types/connect@*
1428 silly packumentCache full:https://registry.npmjs.org/@types%2fconnect cache-miss
1429 silly fetch manifest @types/qs@*
1430 silly packumentCache full:https://registry.npmjs.org/@types%2fqs cache-miss
1431 silly fetch manifest @types/send@*
1432 silly packumentCache full:https://registry.npmjs.org/@types%2fsend cache-miss
1433 silly fetch manifest @types/range-parser@*
1434 silly packumentCache full:https://registry.npmjs.org/@types%2frange-parser cache-miss
1435 silly fetch manifest @types/http-errors@*
1436 silly packumentCache full:https://registry.npmjs.org/@types%2fhttp-errors cache-miss
1437 http fetch GET 200 https://registry.npmjs.org/@types%2fhttp-errors 38ms (cache miss)
1438 silly packumentCache full:https://registry.npmjs.org/@types%2fhttp-errors set size:undefined disposed:false
1439 http fetch GET 200 https://registry.npmjs.org/@types%2fsend 47ms (cache miss)
1440 silly packumentCache full:https://registry.npmjs.org/@types%2fsend set size:undefined disposed:false
1441 http fetch GET 200 https://registry.npmjs.org/@types%2fconnect 49ms (cache miss)
1442 silly packumentCache full:https://registry.npmjs.org/@types%2fconnect set size:undefined disposed:false
1443 http fetch GET 200 https://registry.npmjs.org/@types%2frange-parser 48ms (cache miss)
1444 silly packumentCache full:https://registry.npmjs.org/@types%2frange-parser set size:undefined disposed:false
1445 http fetch GET 200 https://registry.npmjs.org/@types%2fqs 270ms (cache miss)
1446 silly packumentCache full:https://registry.npmjs.org/@types%2fqs set size:undefined disposed:false
1447 silly placeDep ROOT @types/connect@3.4.38 OK for: @types/body-parser@1.19.6 want: *
1448 silly placeDep ROOT @types/qs@6.15.1 OK for: @types/express-serve-static-core@5.1.1 want: *
1449 silly placeDep ROOT @types/range-parser@1.2.7 OK for: @types/express-serve-static-core@5.1.1 want: *
1450 silly placeDep ROOT @types/send@1.2.1 OK for: @types/express-serve-static-core@5.1.1 want: *
1451 silly placeDep ROOT expect@30.4.1 OK for: @types/jest@30.0.0 want: ^30.0.0
1452 silly placeDep ROOT pretty-format@30.4.1 OK for: @types/jest@30.0.0 want: ^30.0.0
1453 silly fetch manifest @jest/expect-utils@30.4.1
1454 silly packumentCache full:https://registry.npmjs.org/@jest%2fexpect-utils cache-miss
1455 silly fetch manifest @jest/get-type@30.1.0
1456 silly packumentCache full:https://registry.npmjs.org/@jest%2fget-type cache-miss
1457 silly fetch manifest jest-matcher-utils@30.4.1
1458 silly packumentCache full:https://registry.npmjs.org/jest-matcher-utils cache-miss
1459 silly fetch manifest jest-message-util@30.4.1
1460 silly packumentCache full:https://registry.npmjs.org/jest-message-util cache-miss
1461 silly fetch manifest jest-mock@30.4.1
1462 silly packumentCache full:https://registry.npmjs.org/jest-mock cache-miss
1463 silly fetch manifest jest-util@30.4.1
1464 silly packumentCache full:https://registry.npmjs.org/jest-util cache-miss
1465 silly fetch manifest @jest/schemas@30.4.1
1466 silly packumentCache full:https://registry.npmjs.org/@jest%2fschemas cache-miss
1467 http cache https://registry.npmjs.org/jest-util 7ms (cache hit)
1468 silly packumentCache full:https://registry.npmjs.org/jest-util set size:587891 disposed:false
1469 silly fetch manifest ansi-styles@^5.2.0
1470 silly packumentCache full:https://registry.npmjs.org/ansi-styles cache-hit
1471 silly fetch manifest react-is-18@npm:react-is@^18.3.1
1472 silly packumentCache full:https://registry.npmjs.org/react-is cache-miss
1473 http fetch GET 200 https://registry.npmjs.org/jest-matcher-utils 65ms (cache miss)
1474 silly packumentCache full:https://registry.npmjs.org/jest-matcher-utils set size:undefined disposed:false
1475 silly fetch manifest react-is-19@npm:react-is@^19.2.5
1476 silly packumentCache full:https://registry.npmjs.org/react-is cache-miss
1477 http fetch GET 200 https://registry.npmjs.org/jest-message-util 70ms (cache miss)
1478 silly packumentCache full:https://registry.npmjs.org/jest-message-util set size:undefined disposed:false
1479 http fetch GET 200 https://registry.npmjs.org/@jest%2fschemas 72ms (cache miss)
1480 silly packumentCache full:https://registry.npmjs.org/@jest%2fschemas set size:undefined disposed:false
1481 http fetch GET 200 https://registry.npmjs.org/jest-mock 75ms (cache miss)
1482 silly packumentCache full:https://registry.npmjs.org/jest-mock set size:undefined disposed:false
1483 http fetch GET 200 https://registry.npmjs.org/react-is 200ms (cache miss)
1484 silly packumentCache full:https://registry.npmjs.org/react-is set size:undefined disposed:false
1485 http fetch GET 200 https://registry.npmjs.org/@jest%2fget-type 243ms (cache miss)
1486 silly packumentCache full:https://registry.npmjs.org/@jest%2fget-type set size:undefined disposed:false
1487 http fetch GET 200 https://registry.npmjs.org/react-is 182ms (cache miss)
1488 silly packumentCache full:https://registry.npmjs.org/react-is set size:undefined disposed:false
1489 http fetch GET 200 https://registry.npmjs.org/@jest%2fexpect-utils 297ms (cache miss)
1490 silly packumentCache full:https://registry.npmjs.org/@jest%2fexpect-utils set size:undefined disposed:false
1491 silly placeDep ROOT undici-types@7.18.2 OK for: @types/node@24.13.0 want: ~7.18.0
1492 silly placeDep ROOT @types/http-errors@2.0.5 OK for: @types/serve-static@2.2.0 want: *
1493 silly placeDep ROOT @types/methods@1.1.4 OK for: @types/supertest@7.2.0 want: ^1.1.4
1494 silly placeDep ROOT @types/superagent@8.1.10 OK for: @types/supertest@7.2.0 want: ^8.1.0
1495 silly fetch manifest form-data@^4.0.0
1496 silly packumentCache full:https://registry.npmjs.org/form-data cache-miss
1497 silly fetch manifest @types/cookiejar@^2.1.5
1498 silly packumentCache full:https://registry.npmjs.org/@types%2fcookiejar cache-miss
1499 http fetch GET 200 https://registry.npmjs.org/form-data 43ms (cache miss)
1500 silly packumentCache full:https://registry.npmjs.org/form-data set size:undefined disposed:false
1501 http fetch GET 200 https://registry.npmjs.org/@types%2fcookiejar 491ms (cache miss)
1502 silly packumentCache full:https://registry.npmjs.org/@types%2fcookiejar set size:undefined disposed:false
1503 silly placeDep ROOT @types/cookiejar@2.1.5 OK for: @types/superagent@8.1.10 want: ^2.1.5
1504 silly placeDep ROOT form-data@4.0.5 OK for: @types/superagent@8.1.10 want: ^4.0.0
1505 silly fetch manifest asynckit@^0.4.0
1506 silly packumentCache full:https://registry.npmjs.org/asynckit cache-miss
1507 silly fetch manifest combined-stream@^1.0.8
1508 silly packumentCache full:https://registry.npmjs.org/combined-stream cache-miss
1509 silly fetch manifest es-set-tostringtag@^2.1.0
1510 silly packumentCache full:https://registry.npmjs.org/es-set-tostringtag cache-miss
1511 silly fetch manifest hasown@^2.0.2
1512 silly packumentCache full:https://registry.npmjs.org/hasown cache-miss
1513 silly fetch manifest mime-types@^2.1.12
1514 silly packumentCache full:https://registry.npmjs.org/mime-types cache-hit
1515 http fetch GET 200 https://registry.npmjs.org/hasown 43ms (cache miss)
1516 silly packumentCache full:https://registry.npmjs.org/hasown set size:undefined disposed:false
1517 http fetch GET 200 https://registry.npmjs.org/combined-stream 45ms (cache miss)
1518 silly packumentCache full:https://registry.npmjs.org/combined-stream set size:undefined disposed:false
1519 http fetch GET 200 https://registry.npmjs.org/asynckit 45ms (cache miss)
1520 silly packumentCache full:https://registry.npmjs.org/asynckit set size:undefined disposed:false
1521 http fetch GET 200 https://registry.npmjs.org/es-set-tostringtag 265ms (cache miss)
1522 silly packumentCache full:https://registry.npmjs.org/es-set-tostringtag set size:undefined disposed:false
1523 silly placeDep ROOT fast-deep-equal@3.1.3 OK for: ajv@6.15.0 want: ^3.1.1
1524 silly placeDep ROOT fast-json-stable-stringify@2.1.0 OK for: ajv@6.15.0 want: ^2.0.0
1525 silly placeDep ROOT json-schema-traverse@0.4.1 OK for: ajv@6.15.0 want: ^0.4.1
1526 silly placeDep ROOT uri-js@4.4.1 OK for: ajv@6.15.0 want: ^4.2.2
1527 silly fetch manifest punycode@^2.1.0
1528 silly packumentCache full:https://registry.npmjs.org/punycode cache-miss
1529 http cache https://registry.npmjs.org/punycode 1ms (cache hit)
1530 silly packumentCache full:https://registry.npmjs.org/punycode set size:61278 disposed:false
1531 silly placeDep node_modules/ajv-formats ajv@8.20.0 OK for: ajv-formats@3.0.1 want: ^8.0.0
1532 silly placeDep ROOT readdirp@4.1.2 OK for: chokidar@4.0.3 want: ^4.0.1
1533 silly placeDep ROOT @colors/colors@1.5.0 OK for: cli-table3@0.6.5 want: 1.5.0
1534 silly placeDep ROOT string-width@4.2.3 OK for: cli-table3@0.6.5 want: ^4.2.0
1535 silly fetch manifest strip-ansi@^6.0.1
1536 silly packumentCache full:https://registry.npmjs.org/strip-ansi cache-hit
1537 silly fetch manifest emoji-regex@^8.0.0
1538 silly packumentCache full:https://registry.npmjs.org/emoji-regex cache-miss
1539 silly fetch manifest is-fullwidth-code-point@^3.0.0
1540 silly packumentCache full:https://registry.npmjs.org/is-fullwidth-code-point cache-miss
1541 http cache https://registry.npmjs.org/emoji-regex 2ms (cache hit)
1542 silly packumentCache full:https://registry.npmjs.org/emoji-regex set size:89064 disposed:false
1543 http cache https://registry.npmjs.org/is-fullwidth-code-point 1ms (cache hit)
1544 silly packumentCache full:https://registry.npmjs.org/is-fullwidth-code-point set size:14578 disposed:false
1545 silly placeDep ROOT array-timsort@1.0.3 OK for: comment-json@5.0.0 want: ^1.0.3
1546 silly placeDep ROOT esprima@4.0.1 OK for: comment-json@5.0.0 want: ^4.0.1
1547 silly placeDep ROOT object-assign@4.1.1 OK for: cors@2.8.6 want: ^4
1548 silly placeDep ROOT vary@1.1.2 OK for: cors@2.8.6 want: ^1
1549 silly placeDep ROOT ms@2.1.3 OK for: debug@4.4.3 want: ^2.1.3
1550 silly fetch manifest eslint@^6.0.0 || ^7.0.0 || >=8.0.0
1551 silly packumentCache full:https://registry.npmjs.org/eslint cache-miss
1552 http cache https://registry.npmjs.org/eslint 4ms (cache hit)
1553 silly packumentCache full:https://registry.npmjs.org/eslint set size:2004222 disposed:false
1554 silly placeDep ROOT @eslint-community/eslint-utils@4.9.1 OK for: eslint@9.39.4 want: ^4.8.0
1555 silly placeDep ROOT @eslint-community/regexpp@4.12.2 OK for: eslint@9.39.4 want: ^4.12.1
1556 silly placeDep ROOT @eslint/config-array@0.21.2 OK for: eslint@9.39.4 want: ^0.21.2
1557 silly placeDep ROOT @eslint/config-helpers@0.4.2 OK for: eslint@9.39.4 want: ^0.4.2
1558 silly placeDep ROOT @eslint/core@0.17.0 OK for: eslint@9.39.4 want: ^0.17.0
1559 silly placeDep ROOT @eslint/plugin-kit@0.4.1 OK for: eslint@9.39.4 want: ^0.4.1
1560 silly placeDep ROOT @humanfs/node@0.16.8 OK for: eslint@9.39.4 want: ^0.16.6
1561 silly placeDep ROOT @humanwhocodes/module-importer@1.0.1 OK for: eslint@9.39.4 want: ^1.0.1
1562 silly placeDep ROOT @humanwhocodes/retry@0.4.3 OK for: eslint@9.39.4 want: ^0.4.2
1563 silly placeDep ROOT @types/estree@1.0.9 OK for: eslint@9.39.4 want: ^1.0.6
1564 silly placeDep ROOT chalk@4.1.2 OK for: eslint@9.39.4 want: ^4.0.0
1565 silly placeDep ROOT cross-spawn@7.0.6 OK for: eslint@9.39.4 want: ^7.0.6
1566 silly placeDep ROOT escape-string-regexp@4.0.0 OK for: eslint@9.39.4 want: ^4.0.0
1567 silly placeDep ROOT eslint-scope@8.4.0 OK for: eslint@9.39.4 want: ^8.4.0
1568 silly placeDep ROOT eslint-visitor-keys@4.2.1 OK for: eslint@9.39.4 want: ^4.2.1
1569 silly placeDep ROOT esquery@1.7.0 OK for: eslint@9.39.4 want: ^1.5.0
1570 silly placeDep ROOT esutils@2.0.3 OK for: eslint@9.39.4 want: ^2.0.2
1571 silly placeDep ROOT file-entry-cache@8.0.0 OK for: eslint@9.39.4 want: ^8.0.0
1572 silly placeDep ROOT find-up@5.0.0 OK for: eslint@9.39.4 want: ^5.0.0
1573 silly placeDep ROOT glob-parent@6.0.2 OK for: eslint@9.39.4 want: ^6.0.2
1574 silly placeDep ROOT imurmurhash@0.1.4 OK for: eslint@9.39.4 want: ^0.1.4
1575 silly placeDep ROOT is-glob@4.0.3 OK for: eslint@9.39.4 want: ^4.0.0
1576 silly placeDep ROOT json-stable-stringify-without-jsonify@1.0.1 OK for: eslint@9.39.4 want: ^1.0.1
1577 silly placeDep ROOT lodash.merge@4.6.2 OK for: eslint@9.39.4 want: ^4.6.2
1578 silly placeDep ROOT natural-compare@1.4.0 OK for: eslint@9.39.4 want: ^1.4.0
1579 silly placeDep ROOT optionator@0.9.4 OK for: eslint@9.39.4 want: ^0.9.3
1580 silly fetch manifest eslint-visitor-keys@^3.4.3
1581 silly packumentCache full:https://registry.npmjs.org/eslint-visitor-keys cache-miss
1582 silly fetch manifest @eslint/object-schema@^2.1.7
1583 silly packumentCache full:https://registry.npmjs.org/@eslint%2fobject-schema cache-miss
1584 silly fetch manifest levn@^0.4.1
1585 silly packumentCache full:https://registry.npmjs.org/levn cache-miss
1586 silly fetch manifest @humanwhocodes/retry@^0.4.0
1587 silly packumentCache full:https://registry.npmjs.org/@humanwhocodes%2fretry cache-miss
1588 silly fetch manifest @humanfs/core@^0.19.2
1589 silly packumentCache full:https://registry.npmjs.org/@humanfs%2fcore cache-miss
1590 silly fetch manifest @humanfs/types@^0.15.0
1591 silly packumentCache full:https://registry.npmjs.org/@humanfs%2ftypes cache-miss
1592 silly fetch manifest ansi-styles@^4.1.0
1593 silly packumentCache full:https://registry.npmjs.org/ansi-styles cache-hit
1594 silly fetch manifest supports-color@^7.1.0
1595 silly packumentCache full:https://registry.npmjs.org/supports-color cache-miss
1596 http cache https://registry.npmjs.org/eslint-visitor-keys 3ms (cache hit)
1597 silly packumentCache full:https://registry.npmjs.org/eslint-visitor-keys set size:69949 disposed:false
1598 silly fetch manifest which@^2.0.1
1599 silly packumentCache full:https://registry.npmjs.org/which cache-miss
1600 http cache https://registry.npmjs.org/@humanwhocodes%2fretry 4ms (cache hit)
1601 silly packumentCache full:https://registry.npmjs.org/@humanwhocodes%2fretry set size:42348 disposed:false
1602 silly fetch manifest path-key@^3.1.0
1603 silly packumentCache full:https://registry.npmjs.org/path-key cache-miss
1604 http cache https://registry.npmjs.org/supports-color 3ms (cache hit)
1605 silly packumentCache full:https://registry.npmjs.org/supports-color set size:118680 disposed:false
1606 silly fetch manifest shebang-command@^2.0.0
1607 silly packumentCache full:https://registry.npmjs.org/shebang-command cache-miss
1608 http fetch GET 200 https://registry.npmjs.org/levn 31ms (cache miss)
1609 silly packumentCache full:https://registry.npmjs.org/levn set size:undefined disposed:false
1610 silly fetch manifest esrecurse@^4.3.0
1611 silly packumentCache full:https://registry.npmjs.org/esrecurse cache-miss
1612 http cache https://registry.npmjs.org/esrecurse 1ms (cache hit)
1613 silly packumentCache full:https://registry.npmjs.org/esrecurse set size:29005 disposed:false
1614 silly fetch manifest estraverse@^5.2.0
1615 silly packumentCache full:https://registry.npmjs.org/estraverse cache-miss
1616 http fetch GET 200 https://registry.npmjs.org/shebang-command 30ms (cache miss)
1617 silly packumentCache full:https://registry.npmjs.org/shebang-command set size:undefined disposed:false
1618 silly fetch manifest estraverse@^5.1.0
1619 silly packumentCache full:https://registry.npmjs.org/estraverse cache-miss
1620 http cache https://registry.npmjs.org/estraverse 2ms (cache hit)
1621 silly packumentCache full:https://registry.npmjs.org/estraverse set size:62412 disposed:false
1622 silly fetch manifest flat-cache@^4.0.0
1623 silly packumentCache full:https://registry.npmjs.org/flat-cache cache-miss
1624 http cache https://registry.npmjs.org/estraverse 2ms (cache hit)
1625 silly packumentCache full:https://registry.npmjs.org/estraverse set size:62412 disposed:false
1626 silly packumentCache full:https://registry.npmjs.org/estraverse dispose
1627 silly fetch manifest locate-path@^6.0.0
1628 silly packumentCache full:https://registry.npmjs.org/locate-path cache-miss
1629 http fetch GET 200 https://registry.npmjs.org/path-key 36ms (cache miss)
1630 silly packumentCache full:https://registry.npmjs.org/path-key set size:undefined disposed:false
1631 silly fetch manifest path-exists@^4.0.0
1632 silly packumentCache full:https://registry.npmjs.org/path-exists cache-miss
1633 http fetch GET 200 https://registry.npmjs.org/which 45ms (cache miss)
1634 silly packumentCache full:https://registry.npmjs.org/which set size:undefined disposed:false
1635 silly fetch manifest is-glob@^4.0.3
1636 silly packumentCache full:https://registry.npmjs.org/is-glob cache-miss
1637 http cache https://registry.npmjs.org/is-glob 0ms (cache hit)
1638 silly packumentCache full:https://registry.npmjs.org/is-glob set size:40530 disposed:false
1639 silly fetch manifest is-extglob@^2.1.1
1640 silly packumentCache full:https://registry.npmjs.org/is-extglob cache-miss
1641 http fetch GET 200 https://registry.npmjs.org/locate-path 33ms (cache miss)
1642 silly packumentCache full:https://registry.npmjs.org/locate-path set size:undefined disposed:false
1643 silly fetch manifest prelude-ls@^1.2.1
1644 silly packumentCache full:https://registry.npmjs.org/prelude-ls cache-miss
1645 http fetch GET 200 https://registry.npmjs.org/@humanfs%2fcore 72ms (cache miss)
1646 silly packumentCache full:https://registry.npmjs.org/@humanfs%2fcore set size:undefined disposed:false
1647 silly fetch manifest deep-is@^0.1.3
1648 silly packumentCache full:https://registry.npmjs.org/deep-is cache-miss
1649 http fetch GET 200 https://registry.npmjs.org/flat-cache 38ms (cache miss)
1650 silly packumentCache full:https://registry.npmjs.org/flat-cache set size:undefined disposed:false
1651 silly fetch manifest word-wrap@^1.2.5
1652 silly packumentCache full:https://registry.npmjs.org/word-wrap cache-miss
1653 http fetch GET 200 https://registry.npmjs.org/path-exists 38ms (cache miss)
1654 silly packumentCache full:https://registry.npmjs.org/path-exists set size:undefined disposed:false
1655 silly fetch manifest type-check@^0.4.0
1656 silly packumentCache full:https://registry.npmjs.org/type-check cache-miss
1657 http fetch GET 200 https://registry.npmjs.org/is-extglob 36ms (cache miss)
1658 silly packumentCache full:https://registry.npmjs.org/is-extglob set size:undefined disposed:false
1659 silly fetch manifest fast-levenshtein@^2.0.6
1660 silly packumentCache full:https://registry.npmjs.org/fast-levenshtein cache-miss
1661 http fetch GET 200 https://registry.npmjs.org/deep-is 31ms (cache miss)
1662 silly packumentCache full:https://registry.npmjs.org/deep-is set size:undefined disposed:false
1663 http fetch GET 200 https://registry.npmjs.org/word-wrap 33ms (cache miss)
1664 silly packumentCache full:https://registry.npmjs.org/word-wrap set size:undefined disposed:false
1665 http fetch GET 200 https://registry.npmjs.org/prelude-ls 39ms (cache miss)
1666 silly packumentCache full:https://registry.npmjs.org/prelude-ls set size:undefined disposed:false
1667 http fetch GET 200 https://registry.npmjs.org/type-check 36ms (cache miss)
1668 silly packumentCache full:https://registry.npmjs.org/type-check set size:undefined disposed:false
1669 http fetch GET 200 https://registry.npmjs.org/fast-levenshtein 41ms (cache miss)
1670 silly packumentCache full:https://registry.npmjs.org/fast-levenshtein set size:undefined disposed:false
1671 http fetch GET 200 https://registry.npmjs.org/@humanfs%2ftypes 186ms (cache miss)
1672 silly packumentCache full:https://registry.npmjs.org/@humanfs%2ftypes set size:undefined disposed:false
1673 http fetch GET 200 https://registry.npmjs.org/@eslint%2fobject-schema 287ms (cache miss)
1674 silly packumentCache full:https://registry.npmjs.org/@eslint%2fobject-schema set size:undefined disposed:false
1675 silly placeDep node_modules/@eslint-community/eslint-utils eslint-visitor-keys@3.4.3 OK for: @eslint-community/eslint-utils@4.9.1 want: ^3.4.3
1676 silly placeDep ROOT @eslint/object-schema@2.1.7 OK for: @eslint/config-array@0.21.2 want: ^2.1.7
1677 silly placeDep ROOT @types/json-schema@7.0.15 OK for: @eslint/core@0.17.0 want: ^7.0.15
1678 silly placeDep ROOT levn@0.4.1 OK for: @eslint/plugin-kit@0.4.1 want: ^0.4.1
1679 silly fetch manifest type-check@~0.4.0
1680 silly packumentCache full:https://registry.npmjs.org/type-check cache-miss
1681 http cache https://registry.npmjs.org/type-check 2ms (cache hit)
1682 silly packumentCache full:https://registry.npmjs.org/type-check set size:21221 disposed:false
1683 silly placeDep ROOT @humanfs/core@0.19.2 OK for: @humanfs/node@0.16.8 want: ^0.19.2
1684 silly placeDep ROOT @humanfs/types@0.15.0 OK for: @humanfs/node@0.16.8 want: ^0.15.0
1685 silly placeDep ROOT ansi-styles@4.3.0 OK for: chalk@4.1.2 want: ^4.1.0
1686 silly placeDep ROOT supports-color@7.2.0 OK for: chalk@4.1.2 want: ^7.1.0
1687 silly fetch manifest color-convert@^2.0.1
1688 silly packumentCache full:https://registry.npmjs.org/color-convert cache-miss
1689 silly fetch manifest has-flag@^4.0.0
1690 silly packumentCache full:https://registry.npmjs.org/has-flag cache-miss
1691 http cache https://registry.npmjs.org/has-flag 2ms (cache hit)
1692 silly packumentCache full:https://registry.npmjs.org/has-flag set size:15180 disposed:false
1693 http cache https://registry.npmjs.org/color-convert 3ms (cache hit)
1694 silly packumentCache full:https://registry.npmjs.org/color-convert set size:72663 disposed:false
1695 silly placeDep ROOT color-convert@2.0.1 OK for: ansi-styles@4.3.0 want: ^2.0.1
1696 silly fetch manifest color-name@~1.1.4
1697 silly packumentCache full:https://registry.npmjs.org/color-name cache-miss
1698 http cache https://registry.npmjs.org/color-name 1ms (cache hit)
1699 silly packumentCache full:https://registry.npmjs.org/color-name set size:19467 disposed:false
1700 silly placeDep ROOT color-name@1.1.4 OK for: color-convert@2.0.1 want: ~1.1.4
1701 silly placeDep ROOT path-key@3.1.1 OK for: cross-spawn@7.0.6 want: ^3.1.0
1702 silly placeDep ROOT shebang-command@2.0.0 OK for: cross-spawn@7.0.6 want: ^2.0.0
1703 silly placeDep ROOT which@2.0.2 OK for: cross-spawn@7.0.6 want: ^2.0.1
1704 silly fetch manifest shebang-regex@^3.0.0
1705 silly packumentCache full:https://registry.npmjs.org/shebang-regex cache-miss
1706 silly fetch manifest isexe@^2.0.0
1707 silly packumentCache full:https://registry.npmjs.org/isexe cache-miss
1708 http fetch GET 200 https://registry.npmjs.org/shebang-regex 35ms (cache miss)
1709 silly packumentCache full:https://registry.npmjs.org/shebang-regex set size:undefined disposed:false
1710 http fetch GET 200 https://registry.npmjs.org/isexe 35ms (cache miss)
1711 silly packumentCache full:https://registry.npmjs.org/isexe set size:undefined disposed:false
1712 silly placeDep ROOT prettier-linter-helpers@1.0.1 OK for: eslint-plugin-prettier@5.5.6 want: ^1.0.1
1713 silly placeDep ROOT synckit@0.11.13 OK for: eslint-plugin-prettier@5.5.6 want: ^0.11.13
1714 silly fetch manifest fast-diff@^1.1.2
1715 silly packumentCache full:https://registry.npmjs.org/fast-diff cache-miss
1716 silly fetch manifest @pkgr/core@^0.3.6
1717 silly packumentCache full:https://registry.npmjs.org/@pkgr%2fcore cache-miss
1718 http fetch GET 200 https://registry.npmjs.org/fast-diff 38ms (cache miss)
1719 silly packumentCache full:https://registry.npmjs.org/fast-diff set size:undefined disposed:false
1720 http fetch GET 200 https://registry.npmjs.org/@pkgr%2fcore 53ms (cache miss)
1721 silly packumentCache full:https://registry.npmjs.org/@pkgr%2fcore set size:undefined disposed:false
1722 silly placeDep ROOT esrecurse@4.3.0 OK for: eslint-scope@8.4.0 want: ^4.3.0
1723 silly placeDep ROOT estraverse@5.3.0 OK for: eslint-scope@8.4.0 want: ^5.2.0
1724 silly placeDep ROOT acorn@8.16.0 OK for: espree@10.4.0 want: ^8.15.0
1725 silly placeDep ROOT acorn-jsx@5.3.2 OK for: espree@10.4.0 want: ^5.3.2
1726 silly placeDep ROOT @jest/expect-utils@30.4.1 OK for: expect@30.4.1 want: 30.4.1
1727 silly placeDep ROOT @jest/get-type@30.1.0 OK for: expect@30.4.1 want: 30.1.0
1728 silly placeDep ROOT jest-matcher-utils@30.4.1 OK for: expect@30.4.1 want: 30.4.1
1729 silly placeDep ROOT jest-message-util@30.4.1 OK for: expect@30.4.1 want: 30.4.1
1730 silly placeDep ROOT jest-mock@30.4.1 OK for: expect@30.4.1 want: 30.4.1
1731 silly placeDep ROOT jest-util@30.4.1 OK for: expect@30.4.1 want: 30.4.1
1732 silly fetch manifest jest-diff@30.4.1
1733 silly packumentCache full:https://registry.npmjs.org/jest-diff cache-miss
1734 silly fetch manifest @babel/code-frame@^7.27.1
1735 silly packumentCache full:https://registry.npmjs.org/@babel%2fcode-frame cache-hit
1736 silly fetch manifest @types/stack-utils@^2.0.3
1737 silly packumentCache full:https://registry.npmjs.org/@types%2fstack-utils cache-miss
1738 silly fetch manifest slash@^3.0.0
1739 silly packumentCache full:https://registry.npmjs.org/slash cache-miss
1740 silly fetch manifest stack-utils@^2.0.6
1741 silly packumentCache full:https://registry.npmjs.org/stack-utils cache-miss
1742 silly fetch manifest ci-info@^4.2.0
1743 silly packumentCache full:https://registry.npmjs.org/ci-info cache-miss
1744 http fetch GET 200 https://registry.npmjs.org/slash 35ms (cache miss)
1745 silly packumentCache full:https://registry.npmjs.org/slash set size:undefined disposed:false
1746 http fetch GET 200 https://registry.npmjs.org/stack-utils 36ms (cache miss)
1747 silly packumentCache full:https://registry.npmjs.org/stack-utils set size:undefined disposed:false
1748 http fetch GET 200 https://registry.npmjs.org/ci-info 37ms (cache miss)
1749 silly packumentCache full:https://registry.npmjs.org/ci-info set size:undefined disposed:false
1750 http fetch GET 200 https://registry.npmjs.org/jest-diff 61ms (cache miss)
1751 silly packumentCache full:https://registry.npmjs.org/jest-diff set size:undefined disposed:false
1752 http fetch GET 200 https://registry.npmjs.org/@types%2fstack-utils 288ms (cache miss)
1753 silly packumentCache full:https://registry.npmjs.org/@types%2fstack-utils set size:undefined disposed:false
1754 silly placeDep ROOT accepts@2.0.0 OK for: express@5.2.1 want: ^2.0.0
1755 silly placeDep ROOT body-parser@2.2.2 OK for: express@5.2.1 want: ^2.2.1
1756 silly placeDep ROOT content-disposition@1.1.0 OK for: express@5.2.1 want: ^1.0.0
1757 silly placeDep ROOT content-type@1.0.5 OK for: express@5.2.1 want: ^1.0.5
1758 silly placeDep ROOT cookie@0.7.2 OK for: express@5.2.1 want: ^0.7.1
1759 silly placeDep ROOT cookie-signature@1.2.2 OK for: express@5.2.1 want: ^1.2.1
1760 silly placeDep ROOT depd@2.0.0 OK for: express@5.2.1 want: ^2.0.0
1761 silly placeDep ROOT encodeurl@2.0.0 OK for: express@5.2.1 want: ^2.0.0
1762 silly placeDep ROOT escape-html@1.0.3 OK for: express@5.2.1 want: ^1.0.3
1763 silly placeDep ROOT etag@1.8.1 OK for: express@5.2.1 want: ^1.8.1
1764 silly placeDep ROOT finalhandler@2.1.1 OK for: express@5.2.1 want: ^2.1.0
1765 silly placeDep ROOT fresh@2.0.0 OK for: express@5.2.1 want: ^2.0.0
1766 silly placeDep ROOT http-errors@2.0.1 OK for: express@5.2.1 want: ^2.0.0
1767 silly placeDep ROOT merge-descriptors@2.0.0 OK for: express@5.2.1 want: ^2.0.0
1768 silly placeDep ROOT mime-types@3.0.2 OK for: express@5.2.1 want: ^3.0.0
1769 silly placeDep ROOT on-finished@2.4.1 OK for: express@5.2.1 want: ^2.4.1
1770 silly placeDep ROOT once@1.4.0 OK for: express@5.2.1 want: ^1.4.0
1771 silly placeDep ROOT parseurl@1.3.3 OK for: express@5.2.1 want: ^1.3.3
1772 silly placeDep ROOT proxy-addr@2.0.7 OK for: express@5.2.1 want: ^2.0.7
1773 silly placeDep ROOT qs@6.15.2 OK for: express@5.2.1 want: ^6.14.0
1774 silly placeDep ROOT range-parser@1.2.1 OK for: express@5.2.1 want: ^1.2.1
1775 silly placeDep ROOT router@2.2.0 OK for: express@5.2.1 want: ^2.2.0
1776 silly placeDep ROOT send@1.2.1 OK for: express@5.2.1 want: ^1.1.0
1777 silly placeDep ROOT serve-static@2.2.1 OK for: express@5.2.1 want: ^2.2.0
1778 silly placeDep ROOT statuses@2.0.2 OK for: express@5.2.1 want: ^2.0.1
1779 silly placeDep ROOT type-is@2.1.0 OK for: express@5.2.1 want: ^2.0.1
1780 silly fetch manifest negotiator@^1.0.0
1781 silly packumentCache full:https://registry.npmjs.org/negotiator cache-miss
1782 silly fetch manifest qs@^6.14.1
1783 silly packumentCache full:https://registry.npmjs.org/qs cache-miss
1784 silly fetch manifest bytes@^3.1.2
1785 silly packumentCache full:https://registry.npmjs.org/bytes cache-miss
1786 silly fetch manifest raw-body@^3.0.1
1787 silly packumentCache full:https://registry.npmjs.org/raw-body cache-miss
1788 silly fetch manifest inherits@~2.0.4
1789 silly packumentCache full:https://registry.npmjs.org/inherits cache-miss
1790 silly fetch manifest setprototypeof@~1.2.0
1791 silly packumentCache full:https://registry.npmjs.org/setprototypeof cache-miss
1792 silly fetch manifest statuses@~2.0.2
1793 silly packumentCache full:https://registry.npmjs.org/statuses cache-miss
1794 http cache https://registry.npmjs.org/statuses 7ms (cache hit)
1795 silly packumentCache full:https://registry.npmjs.org/statuses set size:37117 disposed:false
1796 silly fetch manifest toidentifier@~1.0.1
1797 silly packumentCache full:https://registry.npmjs.org/toidentifier cache-miss
1798 http cache https://registry.npmjs.org/inherits 9ms (cache hit)
1799 silly packumentCache full:https://registry.npmjs.org/inherits set size:12925 disposed:false
1800 silly fetch manifest ee-first@1.1.1
1801 silly packumentCache full:https://registry.npmjs.org/ee-first cache-miss
1802 http cache https://registry.npmjs.org/qs 12ms (cache hit)
1803 silly packumentCache full:https://registry.npmjs.org/qs set size:356906 disposed:false
1804 silly fetch manifest wrappy@1
1805 silly packumentCache full:https://registry.npmjs.org/wrappy cache-miss
1806 http fetch GET 200 https://registry.npmjs.org/setprototypeof 34ms (cache miss)
1807 silly packumentCache full:https://registry.npmjs.org/setprototypeof set size:undefined disposed:false
1808 silly fetch manifest forwarded@0.2.0
1809 silly packumentCache full:https://registry.npmjs.org/forwarded cache-miss
1810 http fetch GET 200 https://registry.npmjs.org/toidentifier 32ms (cache miss)
1811 silly packumentCache full:https://registry.npmjs.org/toidentifier set size:undefined disposed:false
1812 silly fetch manifest ipaddr.js@1.9.1
1813 silly packumentCache full:https://registry.npmjs.org/ipaddr.js cache-miss
1814 http fetch GET 200 https://registry.npmjs.org/raw-body 42ms (cache miss)
1815 silly packumentCache full:https://registry.npmjs.org/raw-body set size:undefined disposed:false
1816 silly fetch manifest side-channel@^1.1.0
1817 silly packumentCache full:https://registry.npmjs.org/side-channel cache-miss
1818 http fetch GET 200 https://registry.npmjs.org/negotiator 48ms (cache miss)
1819 silly packumentCache full:https://registry.npmjs.org/negotiator set size:undefined disposed:false
1820 silly fetch manifest is-promise@^4.0.0
1821 silly packumentCache full:https://registry.npmjs.org/is-promise cache-miss
1822 http fetch GET 200 https://registry.npmjs.org/bytes 49ms (cache miss)
1823 silly packumentCache full:https://registry.npmjs.org/bytes set size:undefined disposed:false
1824 silly fetch manifest statuses@^2.0.2
1825 silly packumentCache full:https://registry.npmjs.org/statuses cache-hit
1826 silly fetch manifest content-type@^2.0.0
1827 silly packumentCache full:https://registry.npmjs.org/content-type cache-miss
1828 http cache https://registry.npmjs.org/content-type 2ms (cache hit)
1829 silly packumentCache full:https://registry.npmjs.org/content-type set size:18994 disposed:false
1830 silly fetch manifest media-typer@^1.1.0
1831 silly packumentCache full:https://registry.npmjs.org/media-typer cache-miss
1832 http fetch GET 200 https://registry.npmjs.org/ee-first 42ms (cache miss)
1833 silly packumentCache full:https://registry.npmjs.org/ee-first set size:undefined disposed:false
1834 http fetch GET 200 https://registry.npmjs.org/forwarded 37ms (cache miss)
1835 silly packumentCache full:https://registry.npmjs.org/forwarded set size:undefined disposed:false
1836 http fetch GET 200 https://registry.npmjs.org/ipaddr.js 34ms (cache miss)
1837 silly packumentCache full:https://registry.npmjs.org/ipaddr.js set size:undefined disposed:false
1838 http fetch GET 200 https://registry.npmjs.org/is-promise 37ms (cache miss)
1839 silly packumentCache full:https://registry.npmjs.org/is-promise set size:undefined disposed:false
1840 http fetch GET 200 https://registry.npmjs.org/media-typer 37ms (cache miss)
1841 silly packumentCache full:https://registry.npmjs.org/media-typer set size:undefined disposed:false
1842 http fetch GET 200 https://registry.npmjs.org/wrappy 267ms (cache miss)
1843 silly packumentCache full:https://registry.npmjs.org/wrappy set size:undefined disposed:false
1844 http fetch GET 200 https://registry.npmjs.org/side-channel 250ms (cache miss)
1845 silly packumentCache full:https://registry.npmjs.org/side-channel set size:undefined disposed:false
1846 silly placeDep ROOT negotiator@1.0.0 OK for: accepts@2.0.0 want: ^1.0.0
1847 silly placeDep ROOT bytes@3.1.2 OK for: body-parser@2.2.2 want: ^3.1.2
1848 silly placeDep ROOT raw-body@3.0.2 OK for: body-parser@2.2.2 want: ^3.0.1
1849 silly fetch manifest unpipe@~1.0.0
1850 silly packumentCache full:https://registry.npmjs.org/unpipe cache-miss
1851 http fetch GET 200 https://registry.npmjs.org/unpipe 37ms (cache miss)
1852 silly packumentCache full:https://registry.npmjs.org/unpipe set size:undefined disposed:false
1853 silly placeDep ROOT flat-cache@4.0.1 OK for: file-entry-cache@8.0.0 want: ^4.0.0
1854 silly fetch manifest keyv@^4.5.4
1855 silly packumentCache full:https://registry.npmjs.org/keyv cache-miss
1856 silly fetch manifest flatted@^3.2.9
1857 silly packumentCache full:https://registry.npmjs.org/flatted cache-miss
1858 http fetch GET 200 https://registry.npmjs.org/flatted 46ms (cache miss)
1859 silly packumentCache full:https://registry.npmjs.org/flatted set size:undefined disposed:false
1860 http fetch GET 200 https://registry.npmjs.org/keyv 49ms (cache miss)
1861 silly packumentCache full:https://registry.npmjs.org/keyv set size:undefined disposed:false
1862 silly placeDep ROOT @tokenizer/inflate@0.4.1 OK for: file-type@21.3.4 want: ^0.4.1
1863 silly placeDep ROOT strtok3@10.3.5 OK for: file-type@21.3.4 want: ^10.3.4
1864 silly placeDep ROOT token-types@6.1.2 OK for: file-type@21.3.4 want: ^6.1.1
1865 silly placeDep ROOT uint8array-extras@1.5.0 OK for: file-type@21.3.4 want: ^1.4.0
1866 silly fetch manifest @tokenizer/token@^0.3.0
1867 silly packumentCache full:https://registry.npmjs.org/@tokenizer%2ftoken cache-miss
1868 silly fetch manifest @borewit/text-codec@^0.2.1
1869 silly packumentCache full:https://registry.npmjs.org/@borewit%2ftext-codec cache-miss
1870 silly fetch manifest @tokenizer/token@^0.3.0
1871 silly packumentCache full:https://registry.npmjs.org/@tokenizer%2ftoken cache-miss
1872 silly fetch manifest ieee754@^1.2.1
1873 silly packumentCache full:https://registry.npmjs.org/ieee754 cache-miss
1874 http cache https://registry.npmjs.org/ieee754 5ms (cache hit)
1875 silly packumentCache full:https://registry.npmjs.org/ieee754 set size:34910 disposed:false
1876 http fetch GET 200 https://registry.npmjs.org/@tokenizer%2ftoken 47ms (cache miss)
1877 silly packumentCache full:https://registry.npmjs.org/@tokenizer%2ftoken set size:undefined disposed:false
1878 http fetch GET 200 https://registry.npmjs.org/@tokenizer%2ftoken 52ms (cache miss)
1879 silly packumentCache full:https://registry.npmjs.org/@tokenizer%2ftoken set size:undefined disposed:false
1880 http fetch GET 200 https://registry.npmjs.org/@borewit%2ftext-codec 296ms (cache miss)
1881 silly packumentCache full:https://registry.npmjs.org/@borewit%2ftext-codec set size:undefined disposed:false
1882 silly placeDep ROOT locate-path@6.0.0 OK for: find-up@5.0.0 want: ^6.0.0
1883 silly placeDep ROOT path-exists@4.0.0 OK for: find-up@5.0.0 want: ^4.0.0
1884 silly fetch manifest p-locate@^5.0.0
1885 silly packumentCache full:https://registry.npmjs.org/p-locate cache-miss
1886 http fetch GET 200 https://registry.npmjs.org/p-locate 36ms (cache miss)
1887 silly packumentCache full:https://registry.npmjs.org/p-locate set size:undefined disposed:false
1888 silly placeDep ROOT flatted@3.4.2 OK for: flat-cache@4.0.1 want: ^3.2.9
1889 silly placeDep ROOT keyv@4.5.4 OK for: flat-cache@4.0.1 want: ^4.5.4
1890 silly fetch manifest json-buffer@3.0.1
1891 silly packumentCache full:https://registry.npmjs.org/json-buffer cache-miss
1892 http fetch GET 200 https://registry.npmjs.org/json-buffer 38ms (cache miss)
1893 silly packumentCache full:https://registry.npmjs.org/json-buffer set size:undefined disposed:false
1894 silly fetch manifest typescript@>3.6.0
1895 silly packumentCache full:https://registry.npmjs.org/typescript cache-miss
1896 http cache https://registry.npmjs.org/typescript 40ms (cache hit)
1897 silly packumentCache full:https://registry.npmjs.org/typescript set size:15409943 disposed:false
1898 silly placeDep ROOT @babel/code-frame@7.29.7 OK for: fork-ts-checker-webpack-plugin@9.1.0 want: ^7.16.7
1899 silly placeDep ROOT cosmiconfig@8.3.6 OK for: fork-ts-checker-webpack-plugin@9.1.0 want: ^8.2.0
1900 silly placeDep ROOT deepmerge@4.3.1 OK for: fork-ts-checker-webpack-plugin@9.1.0 want: ^4.2.2
1901 silly placeDep ROOT fs-extra@10.1.0 OK for: fork-ts-checker-webpack-plugin@9.1.0 want: ^10.0.0
1902 silly placeDep ROOT memfs@3.5.3 OK for: fork-ts-checker-webpack-plugin@9.1.0 want: ^3.4.1
1903 silly placeDep ROOT node-abort-controller@3.1.1 OK for: fork-ts-checker-webpack-plugin@9.1.0 want: ^3.0.1
1904 silly placeDep ROOT schema-utils@3.3.0 OK for: fork-ts-checker-webpack-plugin@9.1.0 want: ^3.1.1
1905 silly placeDep ROOT semver@7.8.2 OK for: fork-ts-checker-webpack-plugin@9.1.0 want: ^7.3.5
1906 silly placeDep ROOT tapable@2.3.3 OK for: fork-ts-checker-webpack-plugin@9.1.0 want: ^2.2.1
1907 silly fetch manifest @babel/helper-validator-identifier@^7.29.7
1908 silly packumentCache full:https://registry.npmjs.org/@babel%2fhelper-validator-identifier cache-miss
1909 silly fetch manifest js-tokens@^4.0.0
1910 silly packumentCache full:https://registry.npmjs.org/js-tokens cache-miss
1911 silly fetch manifest picocolors@^1.1.1
1912 silly packumentCache full:https://registry.npmjs.org/picocolors cache-miss
1913 silly fetch manifest path-type@^4.0.0
1914 silly packumentCache full:https://registry.npmjs.org/path-type cache-miss
1915 silly fetch manifest parse-json@^5.2.0
1916 silly packumentCache full:https://registry.npmjs.org/parse-json cache-miss
1917 silly fetch manifest jsonfile@^6.0.1
1918 silly packumentCache full:https://registry.npmjs.org/jsonfile cache-miss
1919 silly fetch manifest graceful-fs@^4.2.0
1920 silly packumentCache full:https://registry.npmjs.org/graceful-fs cache-hit
1921 silly fetch manifest universalify@^2.0.0
1922 silly packumentCache full:https://registry.npmjs.org/universalify cache-miss
1923 http cache https://registry.npmjs.org/js-tokens 6ms (cache hit)
1924 silly packumentCache full:https://registry.npmjs.org/js-tokens set size:41947 disposed:false
1925 silly fetch manifest fs-monkey@^1.0.4
1926 silly packumentCache full:https://registry.npmjs.org/fs-monkey cache-miss
1927 http cache https://registry.npmjs.org/universalify 6ms (cache hit)
1928 silly packumentCache full:https://registry.npmjs.org/universalify set size:19431 disposed:false
1929 silly fetch manifest ajv-keywords@^3.5.2
1930 silly packumentCache full:https://registry.npmjs.org/ajv-keywords cache-miss
1931 http cache https://registry.npmjs.org/@babel%2fhelper-validator-identifier 7ms (cache hit)
1932 silly packumentCache full:https://registry.npmjs.org/@babel%2fhelper-validator-identifier set size:123928 disposed:false
1933 http cache https://registry.npmjs.org/path-type 8ms (cache hit)
1934 silly packumentCache full:https://registry.npmjs.org/path-type set size:15341 disposed:false
1935 http cache https://registry.npmjs.org/parse-json 8ms (cache hit)
1936 silly packumentCache full:https://registry.npmjs.org/parse-json set size:48198 disposed:false
1937 http cache https://registry.npmjs.org/jsonfile 9ms (cache hit)
1938 silly packumentCache full:https://registry.npmjs.org/jsonfile set size:53210 disposed:false
1939 http cache https://registry.npmjs.org/picocolors 9ms (cache hit)
1940 silly packumentCache full:https://registry.npmjs.org/picocolors set size:16648 disposed:false
1941 http cache https://registry.npmjs.org/fs-monkey 7ms (cache hit)
1942 silly packumentCache full:https://registry.npmjs.org/fs-monkey set size:50154 disposed:false
1943 http cache https://registry.npmjs.org/ajv-keywords 9ms (cache hit)
1944 silly packumentCache full:https://registry.npmjs.org/ajv-keywords set size:310004 disposed:false
1945 silly placeDep ROOT @babel/helper-validator-identifier@7.29.7 OK for: @babel/code-frame@7.29.7 want: ^7.29.7
1946 silly placeDep ROOT js-tokens@4.0.0 OK for: @babel/code-frame@7.29.7 want: ^4.0.0
1947 silly placeDep ROOT picocolors@1.1.1 OK for: @babel/code-frame@7.29.7 want: ^1.1.1
1948 silly placeDep ROOT parse-json@5.2.0 OK for: cosmiconfig@8.3.6 want: ^5.2.0
1949 silly placeDep ROOT path-type@4.0.0 OK for: cosmiconfig@8.3.6 want: ^4.0.0
1950 silly fetch manifest error-ex@^1.3.1
1951 silly packumentCache full:https://registry.npmjs.org/error-ex cache-miss
1952 silly fetch manifest lines-and-columns@^1.1.6
1953 silly packumentCache full:https://registry.npmjs.org/lines-and-columns cache-miss
1954 silly fetch manifest json-parse-even-better-errors@^2.3.0
1955 silly packumentCache full:https://registry.npmjs.org/json-parse-even-better-errors cache-hit
1956 http cache https://registry.npmjs.org/error-ex 2ms (cache hit)
1957 silly packumentCache full:https://registry.npmjs.org/error-ex set size:31684 disposed:false
1958 http cache https://registry.npmjs.org/lines-and-columns 3ms (cache hit)
1959 silly packumentCache full:https://registry.npmjs.org/lines-and-columns set size:73796 disposed:false
1960 silly placeDep ROOT asynckit@0.4.0 OK for: form-data@4.0.5 want: ^0.4.0
1961 silly placeDep ROOT combined-stream@1.0.8 OK for: form-data@4.0.5 want: ^1.0.8
1962 silly placeDep ROOT es-set-tostringtag@2.1.0 OK for: form-data@4.0.5 want: ^2.1.0
1963 silly placeDep ROOT hasown@2.0.4 OK for: form-data@4.0.5 want: ^2.0.2
1964 silly placeDep node_modules/form-data mime-types@2.1.35 OK for: form-data@4.0.5 want: ^2.1.12
1965 silly fetch manifest delayed-stream@~1.0.0
1966 silly packumentCache full:https://registry.npmjs.org/delayed-stream cache-miss
1967 silly fetch manifest es-errors@^1.3.0
1968 silly packumentCache full:https://registry.npmjs.org/es-errors cache-miss
1969 silly fetch manifest get-intrinsic@^1.2.6
1970 silly packumentCache full:https://registry.npmjs.org/get-intrinsic cache-miss
1971 silly fetch manifest has-tostringtag@^1.0.2
1972 silly packumentCache full:https://registry.npmjs.org/has-tostringtag cache-miss
1973 silly fetch manifest function-bind@^1.1.2
1974 silly packumentCache full:https://registry.npmjs.org/function-bind cache-miss
1975 silly fetch manifest mime-db@1.52.0
1976 silly packumentCache full:https://registry.npmjs.org/mime-db cache-hit
1977 http fetch GET 200 https://registry.npmjs.org/delayed-stream 33ms (cache miss)
1978 silly packumentCache full:https://registry.npmjs.org/delayed-stream set size:undefined disposed:false
1979 http fetch GET 200 https://registry.npmjs.org/es-errors 34ms (cache miss)
1980 silly packumentCache full:https://registry.npmjs.org/es-errors set size:undefined disposed:false
1981 http fetch GET 200 https://registry.npmjs.org/has-tostringtag 36ms (cache miss)
1982 silly packumentCache full:https://registry.npmjs.org/has-tostringtag set size:undefined disposed:false
1983 http fetch GET 200 https://registry.npmjs.org/function-bind 36ms (cache miss)
1984 silly packumentCache full:https://registry.npmjs.org/function-bind set size:undefined disposed:false
1985 http fetch GET 200 https://registry.npmjs.org/get-intrinsic 38ms (cache miss)
1986 silly packumentCache full:https://registry.npmjs.org/get-intrinsic set size:undefined disposed:false
1987 silly placeDep ROOT delayed-stream@1.0.0 OK for: combined-stream@1.0.8 want: ~1.0.0
1988 silly placeDep ROOT es-errors@1.3.0 OK for: es-set-tostringtag@2.1.0 want: ^1.3.0
1989 silly placeDep ROOT get-intrinsic@1.3.0 OK for: es-set-tostringtag@2.1.0 want: ^1.2.6
1990 silly placeDep ROOT has-tostringtag@1.0.2 OK for: es-set-tostringtag@2.1.0 want: ^1.0.2
1991 silly fetch manifest gopd@^1.2.0
1992 silly packumentCache full:https://registry.npmjs.org/gopd cache-miss
1993 silly fetch manifest get-proto@^1.0.1
1994 silly packumentCache full:https://registry.npmjs.org/get-proto cache-miss
1995 silly fetch manifest has-symbols@^1.1.0
1996 silly packumentCache full:https://registry.npmjs.org/has-symbols cache-miss
1997 silly fetch manifest es-object-atoms@^1.1.1
1998 silly packumentCache full:https://registry.npmjs.org/es-object-atoms cache-miss
1999 silly fetch manifest math-intrinsics@^1.1.0
2000 silly packumentCache full:https://registry.npmjs.org/math-intrinsics cache-miss
2001 silly fetch manifest es-define-property@^1.0.1
2002 silly packumentCache full:https://registry.npmjs.org/es-define-property cache-miss
2003 silly fetch manifest call-bind-apply-helpers@^1.0.2
2004 silly packumentCache full:https://registry.npmjs.org/call-bind-apply-helpers cache-miss
2005 http fetch GET 200 https://registry.npmjs.org/gopd 36ms (cache miss)
2006 silly packumentCache full:https://registry.npmjs.org/gopd set size:undefined disposed:false
2007 silly fetch manifest has-symbols@^1.0.3
2008 silly packumentCache full:https://registry.npmjs.org/has-symbols cache-miss
2009 http fetch GET 200 https://registry.npmjs.org/es-define-property 37ms (cache miss)
2010 silly packumentCache full:https://registry.npmjs.org/es-define-property set size:undefined disposed:false
2011 http fetch GET 200 https://registry.npmjs.org/es-object-atoms 37ms (cache miss)
2012 silly packumentCache full:https://registry.npmjs.org/es-object-atoms set size:undefined disposed:false
2013 http fetch GET 200 https://registry.npmjs.org/has-symbols 37ms (cache miss)
2014 silly packumentCache full:https://registry.npmjs.org/has-symbols set size:undefined disposed:false
2015 http fetch GET 200 https://registry.npmjs.org/math-intrinsics 38ms (cache miss)
2016 silly packumentCache full:https://registry.npmjs.org/math-intrinsics set size:undefined disposed:false
2017 http fetch GET 200 https://registry.npmjs.org/get-proto 39ms (cache miss)
2018 silly packumentCache full:https://registry.npmjs.org/get-proto set size:undefined disposed:false
2019 http fetch GET 200 https://registry.npmjs.org/call-bind-apply-helpers 40ms (cache miss)
2020 silly packumentCache full:https://registry.npmjs.org/call-bind-apply-helpers set size:undefined disposed:false
2021 http fetch GET 200 https://registry.npmjs.org/has-symbols 30ms (cache miss)
2022 silly packumentCache full:https://registry.npmjs.org/has-symbols set size:undefined disposed:false
2023 silly placeDep ROOT graceful-fs@4.2.11 OK for: fs-extra@10.1.0 want: ^4.2.0
2024 silly placeDep ROOT jsonfile@6.2.1 OK for: fs-extra@10.1.0 want: ^6.0.1
2025 silly placeDep ROOT universalify@2.0.1 OK for: fs-extra@10.1.0 want: ^2.0.0
2026 silly placeDep ROOT call-bind-apply-helpers@1.0.2 OK for: get-intrinsic@1.3.0 want: ^1.0.2
2027 silly placeDep ROOT es-define-property@1.0.1 OK for: get-intrinsic@1.3.0 want: ^1.0.1
2028 silly placeDep ROOT es-object-atoms@1.1.2 OK for: get-intrinsic@1.3.0 want: ^1.1.1
2029 silly placeDep ROOT function-bind@1.1.2 OK for: get-intrinsic@1.3.0 want: ^1.1.2
2030 silly placeDep ROOT get-proto@1.0.1 OK for: get-intrinsic@1.3.0 want: ^1.0.1
2031 silly placeDep ROOT gopd@1.2.0 OK for: get-intrinsic@1.3.0 want: ^1.2.0
2032 silly placeDep ROOT has-symbols@1.1.0 OK for: get-intrinsic@1.3.0 want: ^1.1.0
2033 silly placeDep ROOT math-intrinsics@1.1.0 OK for: get-intrinsic@1.3.0 want: ^1.1.0
2034 silly fetch manifest dunder-proto@^1.0.1
2035 silly packumentCache full:https://registry.npmjs.org/dunder-proto cache-miss
2036 http fetch GET 200 https://registry.npmjs.org/dunder-proto 34ms (cache miss)
2037 silly packumentCache full:https://registry.npmjs.org/dunder-proto set size:undefined disposed:false
2038 silly placeDep ROOT dunder-proto@1.0.1 OK for: get-proto@1.0.1 want: ^1.0.1
2039 silly placeDep node_modules/glob minimatch@10.2.5 OK for: glob@13.0.6 want: ^10.2.2
2040 silly placeDep ROOT minipass@7.1.3 OK for: glob@13.0.6 want: ^7.1.3
2041 silly placeDep ROOT path-scurry@2.0.2 OK for: glob@13.0.6 want: ^2.0.2
2042 silly fetch manifest brace-expansion@^5.0.5
2043 silly packumentCache full:https://registry.npmjs.org/brace-expansion cache-hit
2044 silly fetch manifest lru-cache@^11.0.0
2045 silly packumentCache full:https://registry.npmjs.org/lru-cache cache-miss
2046 http cache https://registry.npmjs.org/lru-cache 4ms (cache hit)
2047 silly packumentCache full:https://registry.npmjs.org/lru-cache set size:456196 disposed:false
2048 silly placeDep ROOT inherits@2.0.4 OK for: http-errors@2.0.1 want: ~2.0.4
2049 silly placeDep ROOT setprototypeof@1.2.0 OK for: http-errors@2.0.1 want: ~1.2.0
2050 silly placeDep ROOT toidentifier@1.0.1 OK for: http-errors@2.0.1 want: ~1.0.1
2051 silly placeDep ROOT safer-buffer@2.1.2 OK for: iconv-lite@0.7.2 want: >= 2.1.2 < 3.0.0
2052 silly placeDep ROOT parent-module@1.0.1 OK for: import-fresh@3.3.1 want: ^1.0.0
2053 silly placeDep ROOT resolve-from@4.0.0 OK for: import-fresh@3.3.1 want: ^4.0.0
2054 silly fetch manifest callsites@^3.0.0
2055 silly packumentCache full:https://registry.npmjs.org/callsites cache-miss
2056 http cache https://registry.npmjs.org/callsites 1ms (cache hit)
2057 silly packumentCache full:https://registry.npmjs.org/callsites set size:21349 disposed:false
2058 silly placeDep ROOT is-extglob@2.1.1 OK for: is-glob@4.0.3 want: ^2.1.1
2059 silly placeDep ROOT @jest/core@30.4.2 OK for: jest@30.4.2 want: 30.4.2
2060 silly placeDep ROOT @jest/types@30.4.1 OK for: jest@30.4.2 want: 30.4.1
2061 silly placeDep ROOT import-local@3.2.0 OK for: jest@30.4.2 want: ^3.2.0
2062 silly placeDep ROOT jest-cli@30.4.2 OK for: jest@30.4.2 want: 30.4.2
2063 silly fetch manifest @jest/console@30.4.1
2064 silly packumentCache full:https://registry.npmjs.org/@jest%2fconsole cache-miss
2065 silly fetch manifest @jest/pattern@30.4.0
2066 silly packumentCache full:https://registry.npmjs.org/@jest%2fpattern cache-miss
2067 silly fetch manifest @jest/reporters@30.4.1
2068 silly packumentCache full:https://registry.npmjs.org/@jest%2freporters cache-miss
2069 silly fetch manifest @jest/test-result@30.4.1
2070 silly packumentCache full:https://registry.npmjs.org/@jest%2ftest-result cache-miss
2071 silly fetch manifest @jest/transform@30.4.1
2072 silly packumentCache full:https://registry.npmjs.org/@jest%2ftransform cache-miss
2073 silly fetch manifest ansi-escapes@^4.3.2
2074 silly packumentCache full:https://registry.npmjs.org/ansi-escapes cache-miss
2075 silly fetch manifest exit-x@^0.2.2
2076 silly packumentCache full:https://registry.npmjs.org/exit-x cache-miss
2077 http cache https://registry.npmjs.org/@jest%2ftransform 4ms (cache hit)
2078 silly packumentCache full:https://registry.npmjs.org/@jest%2ftransform set size:468349 disposed:false
2079 silly fetch manifest jest-changed-files@30.4.1
2080 silly packumentCache full:https://registry.npmjs.org/jest-changed-files cache-miss
2081 http fetch GET 200 https://registry.npmjs.org/ansi-escapes 45ms (cache miss)
2082 silly packumentCache full:https://registry.npmjs.org/ansi-escapes set size:undefined disposed:false
2083 silly fetch manifest jest-config@30.4.2
2084 silly packumentCache full:https://registry.npmjs.org/jest-config cache-miss
2085 http fetch GET 200 https://registry.npmjs.org/jest-changed-files 45ms (cache miss)
2086 silly packumentCache full:https://registry.npmjs.org/jest-changed-files set size:undefined disposed:false
2087 silly fetch manifest jest-haste-map@30.4.1
2088 silly packumentCache full:https://registry.npmjs.org/jest-haste-map cache-miss
2089 http fetch GET 200 https://registry.npmjs.org/@jest%2fpattern 56ms (cache miss)
2090 silly packumentCache full:https://registry.npmjs.org/@jest%2fpattern set size:undefined disposed:false
2091 silly fetch manifest jest-regex-util@30.4.0
2092 silly packumentCache full:https://registry.npmjs.org/jest-regex-util cache-miss
2093 http fetch GET 200 https://registry.npmjs.org/@jest%2fconsole 57ms (cache miss)
2094 silly packumentCache full:https://registry.npmjs.org/@jest%2fconsole set size:undefined disposed:false
2095 silly fetch manifest jest-resolve@30.4.1
2096 silly packumentCache full:https://registry.npmjs.org/jest-resolve cache-miss
2097 http fetch GET 200 https://registry.npmjs.org/@jest%2ftest-result 71ms (cache miss)
2098 silly packumentCache full:https://registry.npmjs.org/@jest%2ftest-result set size:undefined disposed:false
2099 silly fetch manifest jest-resolve-dependencies@30.4.2
2100 silly packumentCache full:https://registry.npmjs.org/jest-resolve-dependencies cache-miss
2101 http fetch GET 200 https://registry.npmjs.org/jest-regex-util 39ms (cache miss)
2102 silly packumentCache full:https://registry.npmjs.org/jest-regex-util set size:undefined disposed:false
2103 silly fetch manifest jest-runner@30.4.2
2104 silly packumentCache full:https://registry.npmjs.org/jest-runner cache-miss
2105 http fetch GET 200 https://registry.npmjs.org/jest-haste-map 52ms (cache miss)
2106 silly packumentCache full:https://registry.npmjs.org/jest-haste-map set size:undefined disposed:false
2107 silly fetch manifest jest-runtime@30.4.2
2108 silly packumentCache full:https://registry.npmjs.org/jest-runtime cache-miss
2109 http fetch GET 200 https://registry.npmjs.org/jest-config 75ms (cache miss)
2110 silly packumentCache full:https://registry.npmjs.org/jest-config set size:undefined disposed:false
2111 silly fetch manifest jest-snapshot@30.4.1
2112 silly packumentCache full:https://registry.npmjs.org/jest-snapshot cache-miss
2113 http fetch GET 200 https://registry.npmjs.org/jest-resolve 71ms (cache miss)
2114 silly packumentCache full:https://registry.npmjs.org/jest-resolve set size:undefined disposed:false
2115 silly fetch manifest jest-validate@30.4.1
2116 silly packumentCache full:https://registry.npmjs.org/jest-validate cache-miss
2117 http fetch GET 200 https://registry.npmjs.org/jest-resolve-dependencies 80ms (cache miss)
2118 silly packumentCache full:https://registry.npmjs.org/jest-resolve-dependencies set size:undefined disposed:false
2119 silly fetch manifest jest-watcher@30.4.1
2120 silly packumentCache full:https://registry.npmjs.org/jest-watcher cache-miss
2121 http fetch GET 200 https://registry.npmjs.org/jest-runner 61ms (cache miss)
2122 silly packumentCache full:https://registry.npmjs.org/jest-runner set size:undefined disposed:false
2123 silly fetch manifest @types/istanbul-lib-coverage@^2.0.6
2124 silly packumentCache full:https://registry.npmjs.org/@types%2fistanbul-lib-coverage cache-miss
2125 http fetch GET 200 https://registry.npmjs.org/jest-runtime 62ms (cache miss)
2126 silly packumentCache full:https://registry.npmjs.org/jest-runtime set size:undefined disposed:false
2127 silly fetch manifest @types/istanbul-reports@^3.0.4
2128 silly packumentCache full:https://registry.npmjs.org/@types%2fistanbul-reports cache-miss
2129 http fetch GET 200 https://registry.npmjs.org/jest-snapshot 71ms (cache miss)
2130 silly packumentCache full:https://registry.npmjs.org/jest-snapshot set size:undefined disposed:false
2131 silly fetch manifest @types/yargs@^17.0.33
2132 silly packumentCache full:https://registry.npmjs.org/@types%2fyargs cache-miss
2133 http fetch GET 200 https://registry.npmjs.org/@types%2fistanbul-lib-coverage 46ms (cache miss)
2134 silly packumentCache full:https://registry.npmjs.org/@types%2fistanbul-lib-coverage set size:undefined disposed:false
2135 silly fetch manifest pkg-dir@^4.2.0
2136 silly packumentCache full:https://registry.npmjs.org/pkg-dir cache-miss
2137 http fetch GET 200 https://registry.npmjs.org/jest-validate 75ms (cache miss)
2138 silly packumentCache full:https://registry.npmjs.org/jest-validate set size:undefined disposed:false
2139 silly fetch manifest resolve-cwd@^3.0.0
2140 silly packumentCache full:https://registry.npmjs.org/resolve-cwd cache-miss
2141 http fetch GET 200 https://registry.npmjs.org/jest-watcher 57ms (cache miss)
2142 silly packumentCache full:https://registry.npmjs.org/jest-watcher set size:undefined disposed:false
2143 silly fetch manifest exit-x@^0.2.2
2144 silly packumentCache full:https://registry.npmjs.org/exit-x cache-miss
2145 http fetch GET 200 https://registry.npmjs.org/@jest%2freporters 214ms (cache miss)
2146 silly packumentCache full:https://registry.npmjs.org/@jest%2freporters set size:undefined disposed:false
2147 silly fetch manifest yargs@^17.7.2
2148 silly packumentCache full:https://registry.npmjs.org/yargs cache-miss
2149 http fetch GET 200 https://registry.npmjs.org/@types%2fistanbul-reports 44ms (cache miss)
2150 silly packumentCache full:https://registry.npmjs.org/@types%2fistanbul-reports set size:undefined disposed:false
2151 http fetch GET 200 https://registry.npmjs.org/resolve-cwd 42ms (cache miss)
2152 silly packumentCache full:https://registry.npmjs.org/resolve-cwd set size:undefined disposed:false
2153 http fetch GET 200 https://registry.npmjs.org/exit-x 39ms (cache miss)
2154 silly packumentCache full:https://registry.npmjs.org/exit-x set size:undefined disposed:false
2155 http fetch GET 200 https://registry.npmjs.org/exit-x 250ms (cache miss)
2156 silly packumentCache full:https://registry.npmjs.org/exit-x set size:undefined disposed:false
2157 http fetch GET 200 https://registry.npmjs.org/@types%2fyargs 58ms (cache miss)
2158 silly packumentCache full:https://registry.npmjs.org/@types%2fyargs set size:undefined disposed:false
2159 http fetch GET 200 https://registry.npmjs.org/yargs 60ms (cache miss)
2160 silly packumentCache full:https://registry.npmjs.org/yargs set size:undefined disposed:false
2161 http fetch GET 200 https://registry.npmjs.org/pkg-dir 269ms (cache miss)
2162 silly packumentCache full:https://registry.npmjs.org/pkg-dir set size:undefined disposed:false
2163 silly fetch manifest @types/node@*
2164 silly packumentCache full:https://registry.npmjs.org/@types%2fnode cache-miss
2165 http cache https://registry.npmjs.org/@types%2fnode 18ms (cache hit)
2166 silly packumentCache full:https://registry.npmjs.org/@types%2fnode set size:11019425 disposed:false
2167 silly fetch manifest esbuild-register@>=3.4.0
2168 silly packumentCache full:https://registry.npmjs.org/esbuild-register cache-miss
2169 http fetch GET 200 https://registry.npmjs.org/esbuild-register 38ms (cache miss)
2170 silly packumentCache full:https://registry.npmjs.org/esbuild-register set size:undefined disposed:false
2171 silly fetch manifest esbuild@>=0.12 <1
2172 silly packumentCache full:https://registry.npmjs.org/esbuild cache-miss
2173 http fetch GET 200 https://registry.npmjs.org/esbuild 84ms (cache miss)
2174 silly packumentCache full:https://registry.npmjs.org/esbuild set size:undefined disposed:false
2175 silly fetch manifest ts-node@>=9.0.0
2176 silly packumentCache full:https://registry.npmjs.org/ts-node cache-miss
2177 http cache https://registry.npmjs.org/ts-node 3ms (cache hit)
2178 silly packumentCache full:https://registry.npmjs.org/ts-node set size:574573 disposed:false
2179 silly fetch manifest typescript@>=2.7
2180 silly packumentCache full:https://registry.npmjs.org/typescript cache-miss
2181 http cache https://registry.npmjs.org/typescript 18ms (cache hit)
2182 silly packumentCache full:https://registry.npmjs.org/typescript set size:15409943 disposed:false
2183 silly placeDep ROOT @jest/console@30.4.1 OK for: @jest/core@30.4.2 want: 30.4.1
2184 silly placeDep ROOT @jest/pattern@30.4.0 OK for: @jest/core@30.4.2 want: 30.4.0
2185 silly placeDep ROOT @jest/reporters@30.4.1 OK for: @jest/core@30.4.2 want: 30.4.1
2186 silly placeDep ROOT @jest/test-result@30.4.1 OK for: @jest/core@30.4.2 want: 30.4.1
2187 silly placeDep ROOT @jest/transform@30.4.1 OK for: @jest/core@30.4.2 want: 30.4.1
2188 silly placeDep ROOT ansi-escapes@4.3.2 OK for: @jest/core@30.4.2 want: ^4.3.2
2189 silly placeDep ROOT ci-info@4.4.0 OK for: @jest/core@30.4.2 want: ^4.2.0
2190 silly placeDep ROOT exit-x@0.2.2 OK for: @jest/core@30.4.2 want: ^0.2.2
2191 silly placeDep ROOT jest-changed-files@30.4.1 OK for: @jest/core@30.4.2 want: 30.4.1
2192 silly placeDep ROOT jest-config@30.4.2 OK for: @jest/core@30.4.2 want: 30.4.2
2193 silly placeDep ROOT jest-haste-map@30.4.1 OK for: @jest/core@30.4.2 want: 30.4.1
2194 silly placeDep ROOT jest-regex-util@30.4.0 OK for: @jest/core@30.4.2 want: 30.4.0
2195 silly placeDep ROOT jest-resolve@30.4.1 OK for: @jest/core@30.4.2 want: 30.4.1
2196 silly placeDep ROOT jest-resolve-dependencies@30.4.2 OK for: @jest/core@30.4.2 want: 30.4.2
2197 silly placeDep ROOT jest-runner@30.4.2 OK for: @jest/core@30.4.2 want: 30.4.2
2198 silly placeDep ROOT jest-runtime@30.4.2 OK for: @jest/core@30.4.2 want: 30.4.2
2199 silly placeDep ROOT jest-snapshot@30.4.1 OK for: @jest/core@30.4.2 want: 30.4.1
2200 silly placeDep ROOT jest-validate@30.4.1 OK for: @jest/core@30.4.2 want: 30.4.1
2201 silly placeDep ROOT jest-watcher@30.4.1 OK for: @jest/core@30.4.2 want: 30.4.1
2202 silly placeDep ROOT slash@3.0.0 OK for: @jest/core@30.4.2 want: ^3.0.0
2203 silly fetch manifest @bcoe/v8-coverage@^0.2.3
2204 silly packumentCache full:https://registry.npmjs.org/@bcoe%2fv8-coverage cache-miss
2205 silly fetch manifest @jridgewell/trace-mapping@^0.3.25
2206 silly packumentCache full:https://registry.npmjs.org/@jridgewell%2ftrace-mapping cache-miss
2207 silly fetch manifest collect-v8-coverage@^1.0.2
2208 silly packumentCache full:https://registry.npmjs.org/collect-v8-coverage cache-miss
2209 silly fetch manifest glob@^10.5.0
2210 silly packumentCache full:https://registry.npmjs.org/glob cache-hit
2211 silly fetch manifest istanbul-lib-coverage@^3.0.0
2212 silly packumentCache full:https://registry.npmjs.org/istanbul-lib-coverage cache-miss
2213 silly fetch manifest istanbul-lib-instrument@^6.0.0
2214 silly packumentCache full:https://registry.npmjs.org/istanbul-lib-instrument cache-miss
2215 silly fetch manifest istanbul-lib-report@^3.0.0
2216 silly packumentCache full:https://registry.npmjs.org/istanbul-lib-report cache-miss
2217 silly fetch manifest istanbul-lib-source-maps@^5.0.0
2218 silly packumentCache full:https://registry.npmjs.org/istanbul-lib-source-maps cache-miss
2219 http cache https://registry.npmjs.org/@jridgewell%2ftrace-mapping 5ms (cache hit)
2220 silly packumentCache full:https://registry.npmjs.org/@jridgewell%2ftrace-mapping set size:170909 disposed:false
2221 silly fetch manifest istanbul-reports@^3.1.3
2222 silly packumentCache full:https://registry.npmjs.org/istanbul-reports cache-miss
2223 http fetch GET 200 https://registry.npmjs.org/collect-v8-coverage 39ms (cache miss)
2224 silly packumentCache full:https://registry.npmjs.org/collect-v8-coverage set size:undefined disposed:false
2225 silly fetch manifest jest-worker@30.4.1
2226 silly packumentCache full:https://registry.npmjs.org/jest-worker cache-miss
2227 http fetch GET 200 https://registry.npmjs.org/istanbul-lib-source-maps 38ms (cache miss)
2228 silly packumentCache full:https://registry.npmjs.org/istanbul-lib-source-maps set size:undefined disposed:false
2229 silly fetch manifest string-length@^4.0.2
2230 silly packumentCache full:https://registry.npmjs.org/string-length cache-miss
2231 http fetch GET 200 https://registry.npmjs.org/istanbul-lib-coverage 41ms (cache miss)
2232 silly packumentCache full:https://registry.npmjs.org/istanbul-lib-coverage set size:undefined disposed:false
2233 silly fetch manifest v8-to-istanbul@^9.0.1
2234 silly packumentCache full:https://registry.npmjs.org/v8-to-istanbul cache-miss
2235 http fetch GET 200 https://registry.npmjs.org/istanbul-lib-report 42ms (cache miss)
2236 silly packumentCache full:https://registry.npmjs.org/istanbul-lib-report set size:undefined disposed:false
2237 silly fetch manifest @babel/core@^7.27.4
2238 silly packumentCache full:https://registry.npmjs.org/@babel%2fcore cache-miss
2239 http fetch GET 200 https://registry.npmjs.org/@bcoe%2fv8-coverage 47ms (cache miss)
2240 silly packumentCache full:https://registry.npmjs.org/@bcoe%2fv8-coverage set size:undefined disposed:false
2241 silly fetch manifest babel-plugin-istanbul@^7.0.1
2242 silly packumentCache full:https://registry.npmjs.org/babel-plugin-istanbul cache-miss
2243 http cache https://registry.npmjs.org/jest-worker 8ms (cache hit)
2244 silly packumentCache full:https://registry.npmjs.org/jest-worker set size:466737 disposed:false
2245 silly fetch manifest convert-source-map@^2.0.0
2246 silly packumentCache full:https://registry.npmjs.org/convert-source-map cache-miss
2247 http cache https://registry.npmjs.org/@babel%2fcore 7ms (cache hit)
2248 silly packumentCache full:https://registry.npmjs.org/@babel%2fcore set size:779631 disposed:false
2249 silly fetch manifest pirates@^4.0.7
2250 silly packumentCache full:https://registry.npmjs.org/pirates cache-miss
2251 http fetch GET 200 https://registry.npmjs.org/istanbul-reports 49ms (cache miss)
2252 silly packumentCache full:https://registry.npmjs.org/istanbul-reports set size:undefined disposed:false
2253 silly fetch manifest write-file-atomic@^5.0.1
2254 silly packumentCache full:https://registry.npmjs.org/write-file-atomic cache-miss
2255 http fetch GET 200 https://registry.npmjs.org/istanbul-lib-instrument 55ms (cache miss)
2256 silly packumentCache full:https://registry.npmjs.org/istanbul-lib-instrument set size:undefined disposed:false
2257 silly fetch manifest type-fest@^0.21.3
2258 silly packumentCache full:https://registry.npmjs.org/type-fest cache-miss
2259 http cache https://registry.npmjs.org/type-fest 2ms (cache hit)
2260 silly packumentCache full:https://registry.npmjs.org/type-fest set size:563278 disposed:false
2261 silly fetch manifest execa@^5.1.1
2262 silly packumentCache full:https://registry.npmjs.org/execa cache-miss
2263 http fetch GET 200 https://registry.npmjs.org/pirates 45ms (cache miss)
2264 silly packumentCache full:https://registry.npmjs.org/pirates set size:undefined disposed:false
2265 silly fetch manifest p-limit@^3.1.0
2266 silly packumentCache full:https://registry.npmjs.org/p-limit cache-miss
2267 http fetch GET 200 https://registry.npmjs.org/v8-to-istanbul 56ms (cache miss)
2268 silly packumentCache full:https://registry.npmjs.org/v8-to-istanbul set size:undefined disposed:false
2269 silly fetch manifest @jest/test-sequencer@30.4.1
2270 silly packumentCache full:https://registry.npmjs.org/@jest%2ftest-sequencer cache-miss
2271 http fetch GET 200 https://registry.npmjs.org/convert-source-map 51ms (cache miss)
2272 silly packumentCache full:https://registry.npmjs.org/convert-source-map set size:undefined disposed:false
2273 silly fetch manifest babel-jest@30.4.1
2274 silly packumentCache full:https://registry.npmjs.org/babel-jest cache-miss
2275 http fetch GET 200 https://registry.npmjs.org/write-file-atomic 47ms (cache miss)
2276 silly packumentCache full:https://registry.npmjs.org/write-file-atomic set size:undefined disposed:false
2277 silly fetch manifest jest-circus@30.4.2
2278 silly packumentCache full:https://registry.npmjs.org/jest-circus cache-miss
2279 http fetch GET 200 https://registry.npmjs.org/babel-plugin-istanbul 55ms (cache miss)
2280 silly packumentCache full:https://registry.npmjs.org/babel-plugin-istanbul set size:undefined disposed:false
2281 silly fetch manifest jest-docblock@30.4.0
2282 silly packumentCache full:https://registry.npmjs.org/jest-docblock cache-miss
2283 http cache https://registry.npmjs.org/babel-jest 4ms (cache hit)
2284 silly packumentCache full:https://registry.npmjs.org/babel-jest set size:690787 disposed:false
2285 silly fetch manifest jest-environment-node@30.4.1
2286 silly packumentCache full:https://registry.npmjs.org/jest-environment-node cache-miss
2287 http fetch GET 200 https://registry.npmjs.org/execa 48ms (cache miss)
2288 silly packumentCache full:https://registry.npmjs.org/execa set size:undefined disposed:false
2289 silly fetch manifest anymatch@^3.1.3
2290 silly packumentCache full:https://registry.npmjs.org/anymatch cache-miss
2291 http fetch GET 200 https://registry.npmjs.org/p-limit 38ms (cache miss)
2292 silly packumentCache full:https://registry.npmjs.org/p-limit set size:undefined disposed:false
2293 silly fetch manifest fb-watchman@^2.0.2
2294 silly packumentCache full:https://registry.npmjs.org/fb-watchman cache-miss
2295 http fetch GET 200 https://registry.npmjs.org/jest-docblock 42ms (cache miss)
2296 silly packumentCache full:https://registry.npmjs.org/jest-docblock set size:undefined disposed:false
2297 silly fetch manifest walker@^1.0.8
2298 silly packumentCache full:https://registry.npmjs.org/walker cache-miss
2299 http fetch GET 200 https://registry.npmjs.org/@jest%2ftest-sequencer 63ms (cache miss)
2300 silly packumentCache full:https://registry.npmjs.org/@jest%2ftest-sequencer set size:undefined disposed:false
2301 silly fetch manifest fsevents@^2.3.3
2302 silly packumentCache full:https://registry.npmjs.org/fsevents cache-miss
2303 http fetch GET 200 https://registry.npmjs.org/jest-environment-node 59ms (cache miss)
2304 silly packumentCache full:https://registry.npmjs.org/jest-environment-node set size:undefined disposed:false
2305 silly fetch manifest jest-pnp-resolver@^1.2.3
2306 silly packumentCache full:https://registry.npmjs.org/jest-pnp-resolver cache-miss
2307 http fetch GET 200 https://registry.npmjs.org/fb-watchman 39ms (cache miss)
2308 silly packumentCache full:https://registry.npmjs.org/fb-watchman set size:undefined disposed:false
2309 silly fetch manifest unrs-resolver@^1.7.11
2310 silly packumentCache full:https://registry.npmjs.org/unrs-resolver cache-miss
2311 http fetch GET 200 https://registry.npmjs.org/jest-circus 76ms (cache miss)
2312 silly packumentCache full:https://registry.npmjs.org/jest-circus set size:undefined disposed:false
2313 silly fetch manifest @jest/environment@30.4.1
2314 silly packumentCache full:https://registry.npmjs.org/@jest%2fenvironment cache-miss
2315 http fetch GET 200 https://registry.npmjs.org/walker 51ms (cache miss)
2316 silly packumentCache full:https://registry.npmjs.org/walker set size:undefined disposed:false
2317 silly fetch manifest emittery@^0.13.1
2318 silly packumentCache full:https://registry.npmjs.org/emittery cache-miss
2319 http fetch GET 200 https://registry.npmjs.org/fsevents 37ms (cache miss)
2320 silly packumentCache full:https://registry.npmjs.org/fsevents set size:undefined disposed:false
2321 silly fetch manifest jest-leak-detector@30.4.1
2322 silly packumentCache full:https://registry.npmjs.org/jest-leak-detector cache-miss
2323 http fetch GET 200 https://registry.npmjs.org/jest-pnp-resolver 37ms (cache miss)
2324 silly packumentCache full:https://registry.npmjs.org/jest-pnp-resolver set size:undefined disposed:false
2325 silly fetch manifest source-map-support@0.5.13
2326 silly packumentCache full:https://registry.npmjs.org/source-map-support cache-hit
2327 silly fetch manifest @jest/environment@30.4.1
2328 silly packumentCache full:https://registry.npmjs.org/@jest%2fenvironment cache-miss
2329 http fetch GET 200 https://registry.npmjs.org/emittery 43ms (cache miss)
2330 silly packumentCache full:https://registry.npmjs.org/emittery set size:undefined disposed:false
2331 silly fetch manifest @jest/fake-timers@30.4.1
2332 silly packumentCache full:https://registry.npmjs.org/@jest%2ffake-timers cache-miss
2333 http fetch GET 200 https://registry.npmjs.org/@jest%2fenvironment 64ms (cache miss)
2334 silly packumentCache full:https://registry.npmjs.org/@jest%2fenvironment set size:undefined disposed:false
2335 silly fetch manifest @jest/globals@30.4.1
2336 silly packumentCache full:https://registry.npmjs.org/@jest%2fglobals cache-miss
2337 http fetch GET 200 https://registry.npmjs.org/jest-leak-detector 47ms (cache miss)
2338 silly packumentCache full:https://registry.npmjs.org/jest-leak-detector set size:undefined disposed:false
2339 silly fetch manifest @jest/source-map@30.0.1
2340 silly packumentCache full:https://registry.npmjs.org/@jest%2fsource-map cache-miss
2341 http fetch GET 200 https://registry.npmjs.org/@jest%2fenvironment 51ms (cache miss)
2342 silly packumentCache full:https://registry.npmjs.org/@jest%2fenvironment set size:undefined disposed:false
2343 silly fetch manifest cjs-module-lexer@^2.1.0
2344 silly packumentCache full:https://registry.npmjs.org/cjs-module-lexer cache-miss
2345 http fetch GET 200 https://registry.npmjs.org/string-length 262ms (cache miss)
2346 silly packumentCache full:https://registry.npmjs.org/string-length set size:undefined disposed:false
2347 silly fetch manifest strip-bom@^4.0.0
2348 silly packumentCache full:https://registry.npmjs.org/strip-bom cache-hit
2349 silly fetch manifest @babel/generator@^7.27.5
2350 silly packumentCache full:https://registry.npmjs.org/@babel%2fgenerator cache-miss
2351 http fetch GET 200 https://registry.npmjs.org/cjs-module-lexer 47ms (cache miss)
2352 silly packumentCache full:https://registry.npmjs.org/cjs-module-lexer set size:undefined disposed:false
2353 silly fetch manifest @babel/plugin-syntax-jsx@^7.27.1
2354 silly packumentCache full:https://registry.npmjs.org/@babel%2fplugin-syntax-jsx cache-miss
2355 http fetch GET 200 https://registry.npmjs.org/@jest%2ffake-timers 69ms (cache miss)
2356 silly packumentCache full:https://registry.npmjs.org/@jest%2ffake-timers set size:undefined disposed:false
2357 silly fetch manifest @babel/plugin-syntax-typescript@^7.27.1
2358 silly packumentCache full:https://registry.npmjs.org/@babel%2fplugin-syntax-typescript cache-miss
2359 http fetch GET 200 https://registry.npmjs.org/@jest%2fglobals 68ms (cache miss)
2360 silly packumentCache full:https://registry.npmjs.org/@jest%2fglobals set size:undefined disposed:false
2361 silly fetch manifest @babel/types@^7.27.3
2362 silly packumentCache full:https://registry.npmjs.org/@babel%2ftypes cache-miss
2363 http fetch GET 200 https://registry.npmjs.org/@babel%2fplugin-syntax-jsx 46ms (cache miss)
2364 silly packumentCache full:https://registry.npmjs.org/@babel%2fplugin-syntax-jsx set size:undefined disposed:false
2365 silly fetch manifest @jest/snapshot-utils@30.4.1
2366 silly packumentCache full:https://registry.npmjs.org/@jest%2fsnapshot-utils cache-miss
2367 http fetch GET 200 https://registry.npmjs.org/@babel%2fgenerator 53ms (cache miss)
2368 silly packumentCache full:https://registry.npmjs.org/@babel%2fgenerator set size:undefined disposed:false
2369 silly fetch manifest babel-preset-current-node-syntax@^1.2.0
2370 silly packumentCache full:https://registry.npmjs.org/babel-preset-current-node-syntax cache-miss
2371 http fetch GET 200 https://registry.npmjs.org/anymatch 255ms (cache miss)
2372 silly packumentCache full:https://registry.npmjs.org/anymatch set size:undefined disposed:false
2373 silly fetch manifest camelcase@^6.3.0
2374 silly packumentCache full:https://registry.npmjs.org/camelcase cache-miss
2375 http fetch GET 200 https://registry.npmjs.org/@babel%2fplugin-syntax-typescript 55ms (cache miss)
2376 silly packumentCache full:https://registry.npmjs.org/@babel%2fplugin-syntax-typescript set size:undefined disposed:false
2377 silly fetch manifest leven@^3.1.0
2378 silly packumentCache full:https://registry.npmjs.org/leven cache-miss
2379 http fetch GET 200 https://registry.npmjs.org/@babel%2ftypes 62ms (cache miss)
2380 silly packumentCache full:https://registry.npmjs.org/@babel%2ftypes set size:undefined disposed:false
2381 http fetch GET 200 https://registry.npmjs.org/babel-preset-current-node-syntax 45ms (cache miss)
2382 silly packumentCache full:https://registry.npmjs.org/babel-preset-current-node-syntax set size:undefined disposed:false
2383 http fetch GET 200 https://registry.npmjs.org/leven 37ms (cache miss)
2384 silly packumentCache full:https://registry.npmjs.org/leven set size:undefined disposed:false
2385 http fetch GET 200 https://registry.npmjs.org/unrs-resolver 256ms (cache miss)
2386 silly packumentCache full:https://registry.npmjs.org/unrs-resolver set size:undefined disposed:false
2387 http fetch GET 200 https://registry.npmjs.org/@jest%2fsource-map 265ms (cache miss)
2388 silly packumentCache full:https://registry.npmjs.org/@jest%2fsource-map set size:undefined disposed:false
2389 http fetch GET 200 https://registry.npmjs.org/camelcase 250ms (cache miss)
2390 silly packumentCache full:https://registry.npmjs.org/camelcase set size:undefined disposed:false
2391 http fetch GET 200 https://registry.npmjs.org/@jest%2fsnapshot-utils 499ms (cache miss)
2392 silly packumentCache full:https://registry.npmjs.org/@jest%2fsnapshot-utils set size:undefined disposed:false
2393 silly placeDep ROOT @bcoe/v8-coverage@0.2.3 OK for: @jest/reporters@30.4.1 want: ^0.2.3
2394 silly placeDep ROOT @jridgewell/trace-mapping@0.3.31 OK for: @jest/reporters@30.4.1 want: ^0.3.25
2395 silly placeDep ROOT collect-v8-coverage@1.0.3 OK for: @jest/reporters@30.4.1 want: ^1.0.2
2396 silly placeDep node_modules/@jest/reporters glob@10.5.0 OK for: @jest/reporters@30.4.1 want: ^10.5.0
2397 silly placeDep ROOT istanbul-lib-coverage@3.2.2 OK for: @jest/reporters@30.4.1 want: ^3.0.0
2398 silly placeDep ROOT istanbul-lib-instrument@6.0.3 OK for: @jest/reporters@30.4.1 want: ^6.0.0
2399 silly placeDep ROOT istanbul-lib-report@3.0.1 OK for: @jest/reporters@30.4.1 want: ^3.0.0
2400 silly placeDep ROOT istanbul-lib-source-maps@5.0.6 OK for: @jest/reporters@30.4.1 want: ^5.0.0
2401 silly placeDep ROOT istanbul-reports@3.2.0 OK for: @jest/reporters@30.4.1 want: ^3.1.3
2402 silly placeDep ROOT jest-worker@30.4.1 OK for: @jest/reporters@30.4.1 want: 30.4.1
2403 silly placeDep ROOT string-length@4.0.2 OK for: @jest/reporters@30.4.1 want: ^4.0.2
2404 silly placeDep ROOT v8-to-istanbul@9.3.0 OK for: @jest/reporters@30.4.1 want: ^9.0.1
2405 silly fetch manifest @jridgewell/resolve-uri@^3.1.0
2406 silly packumentCache full:https://registry.npmjs.org/@jridgewell%2fresolve-uri cache-miss
2407 silly fetch manifest @jridgewell/sourcemap-codec@^1.4.14
2408 silly packumentCache full:https://registry.npmjs.org/@jridgewell%2fsourcemap-codec cache-hit
2409 silly fetch manifest jackspeak@^3.1.2
2410 silly packumentCache full:https://registry.npmjs.org/jackspeak cache-miss
2411 silly fetch manifest minimatch@^9.0.4
2412 silly packumentCache full:https://registry.npmjs.org/minimatch cache-hit
2413 silly fetch manifest path-scurry@^1.11.1
2414 silly packumentCache full:https://registry.npmjs.org/path-scurry cache-hit
2415 silly fetch manifest foreground-child@^3.1.0
2416 silly packumentCache full:https://registry.npmjs.org/foreground-child cache-miss
2417 silly fetch manifest package-json-from-dist@^1.0.0
2418 silly packumentCache full:https://registry.npmjs.org/package-json-from-dist cache-miss
2419 silly fetch manifest @babel/core@^7.23.9
2420 silly packumentCache full:https://registry.npmjs.org/@babel%2fcore cache-hit
2421 silly fetch manifest @babel/parser@^7.23.9
2422 silly packumentCache full:https://registry.npmjs.org/@babel%2fparser cache-miss
2423 silly fetch manifest @istanbuljs/schema@^0.1.3
2424 silly packumentCache full:https://registry.npmjs.org/@istanbuljs%2fschema cache-miss
2425 silly fetch manifest make-dir@^4.0.0
2426 silly packumentCache full:https://registry.npmjs.org/make-dir cache-miss
2427 http cache https://registry.npmjs.org/@jridgewell%2fresolve-uri 9ms (cache hit)
2428 silly packumentCache full:https://registry.npmjs.org/@jridgewell%2fresolve-uri set size:57361 disposed:false
2429 silly fetch manifest html-escaper@^2.0.0
2430 silly packumentCache full:https://registry.npmjs.org/html-escaper cache-miss
2431 http fetch GET 200 https://registry.npmjs.org/package-json-from-dist 55ms (cache miss)
2432 silly packumentCache full:https://registry.npmjs.org/package-json-from-dist set size:undefined disposed:false
2433 silly fetch manifest @ungap/structured-clone@^1.3.0
2434 silly packumentCache full:https://registry.npmjs.org/@ungap%2fstructured-clone cache-miss
2435 http fetch GET 200 https://registry.npmjs.org/html-escaper 47ms (cache miss)
2436 silly packumentCache full:https://registry.npmjs.org/html-escaper set size:undefined disposed:false
2437 silly fetch manifest merge-stream@^2.0.0
2438 silly packumentCache full:https://registry.npmjs.org/merge-stream cache-miss
2439 http fetch GET 200 https://registry.npmjs.org/@istanbuljs%2fschema 55ms (cache miss)
2440 silly packumentCache full:https://registry.npmjs.org/@istanbuljs%2fschema set size:undefined disposed:false
2441 silly fetch manifest supports-color@^8.1.1
2442 silly packumentCache full:https://registry.npmjs.org/supports-color cache-hit
2443 silly fetch manifest char-regex@^1.0.2
2444 silly packumentCache full:https://registry.npmjs.org/char-regex cache-miss
2445 http fetch GET 200 https://registry.npmjs.org/foreground-child 63ms (cache miss)
2446 silly packumentCache full:https://registry.npmjs.org/foreground-child set size:undefined disposed:false
2447 silly fetch manifest @types/istanbul-lib-coverage@^2.0.1
2448 silly packumentCache full:https://registry.npmjs.org/@types%2fistanbul-lib-coverage cache-miss
2449 http fetch GET 200 https://registry.npmjs.org/make-dir 61ms (cache miss)
2450 silly packumentCache full:https://registry.npmjs.org/make-dir set size:undefined disposed:false
2451 http fetch GET 200 https://registry.npmjs.org/jackspeak 66ms (cache miss)
2452 silly packumentCache full:https://registry.npmjs.org/jackspeak set size:undefined disposed:false
2453 http cache https://registry.npmjs.org/@types%2fistanbul-lib-coverage 6ms (cache hit)
2454 silly packumentCache full:https://registry.npmjs.org/@types%2fistanbul-lib-coverage set size:18110 disposed:false
2455 http cache https://registry.npmjs.org/merge-stream 14ms (cache hit)
2456 silly packumentCache full:https://registry.npmjs.org/merge-stream set size:22168 disposed:false
2457 http fetch GET 200 https://registry.npmjs.org/@babel%2fparser 85ms (cache miss)
2458 silly packumentCache full:https://registry.npmjs.org/@babel%2fparser set size:undefined disposed:false
2459 http fetch GET 200 https://registry.npmjs.org/char-regex 46ms (cache miss)
2460 silly packumentCache full:https://registry.npmjs.org/char-regex set size:undefined disposed:false
2461 http fetch GET 200 https://registry.npmjs.org/@ungap%2fstructured-clone 59ms (cache miss)
2462 silly packumentCache full:https://registry.npmjs.org/@ungap%2fstructured-clone set size:undefined disposed:false
2463 silly placeDep ROOT @types/istanbul-lib-coverage@2.0.6 OK for: @jest/test-result@30.4.1 want: ^2.0.6
2464 silly placeDep ROOT @babel/core@7.29.7 OK for: @jest/transform@30.4.1 want: ^7.27.4
2465 silly placeDep ROOT babel-plugin-istanbul@7.0.1 OK for: @jest/transform@30.4.1 want: ^7.0.1
2466 silly placeDep ROOT convert-source-map@2.0.0 OK for: @jest/transform@30.4.1 want: ^2.0.0
2467 silly placeDep ROOT pirates@4.0.7 OK for: @jest/transform@30.4.1 want: ^4.0.7
2468 silly placeDep ROOT write-file-atomic@5.0.1 OK for: @jest/transform@30.4.1 want: ^5.0.1
2469 silly fetch manifest @babel/generator@^7.29.7
2470 silly packumentCache full:https://registry.npmjs.org/@babel%2fgenerator cache-miss
2471 silly fetch manifest @babel/helper-compilation-targets@^7.29.7
2472 silly packumentCache full:https://registry.npmjs.org/@babel%2fhelper-compilation-targets cache-miss
2473 silly fetch manifest @babel/helper-module-transforms@^7.29.7
2474 silly packumentCache full:https://registry.npmjs.org/@babel%2fhelper-module-transforms cache-miss
2475 silly fetch manifest @babel/helpers@^7.29.7
2476 silly packumentCache full:https://registry.npmjs.org/@babel%2fhelpers cache-miss
2477 silly fetch manifest @babel/parser@^7.29.7
2478 silly packumentCache full:https://registry.npmjs.org/@babel%2fparser cache-miss
2479 silly fetch manifest @babel/template@^7.29.7
2480 silly packumentCache full:https://registry.npmjs.org/@babel%2ftemplate cache-miss
2481 silly fetch manifest @babel/traverse@^7.29.7
2482 silly packumentCache full:https://registry.npmjs.org/@babel%2ftraverse cache-miss
2483 http cache https://registry.npmjs.org/@babel%2fgenerator 3ms (cache hit)
2484 silly packumentCache full:https://registry.npmjs.org/@babel%2fgenerator set size:518214 disposed:false
2485 silly fetch manifest @babel/types@^7.29.7
2486 silly packumentCache full:https://registry.npmjs.org/@babel%2ftypes cache-miss
2487 http cache https://registry.npmjs.org/@babel%2fparser 6ms (cache hit)
2488 silly packumentCache full:https://registry.npmjs.org/@babel%2fparser set size:730539 disposed:false
2489 silly fetch manifest @jridgewell/remapping@^2.3.5
2490 silly packumentCache full:https://registry.npmjs.org/@jridgewell%2fremapping cache-miss
2491 http cache https://registry.npmjs.org/@babel%2ftypes 6ms (cache hit)
2492 silly packumentCache full:https://registry.npmjs.org/@babel%2ftypes set size:496342 disposed:false
2493 silly fetch manifest gensync@^1.0.0-beta.2
2494 silly packumentCache full:https://registry.npmjs.org/gensync cache-miss
2495 http fetch GET 200 https://registry.npmjs.org/gensync 39ms (cache miss)
2496 silly packumentCache full:https://registry.npmjs.org/gensync set size:undefined disposed:false
2497 silly fetch manifest semver@^6.3.1
2498 silly packumentCache full:https://registry.npmjs.org/semver cache-hit
2499 silly fetch manifest test-exclude@^6.0.0
2500 silly packumentCache full:https://registry.npmjs.org/test-exclude cache-miss
2501 http fetch GET 200 https://registry.npmjs.org/@babel%2fhelper-compilation-targets 55ms (cache miss)
2502 silly packumentCache full:https://registry.npmjs.org/@babel%2fhelper-compilation-targets set size:undefined disposed:false
2503 silly fetch manifest @babel/helper-plugin-utils@^7.0.0
2504 silly packumentCache full:https://registry.npmjs.org/@babel%2fhelper-plugin-utils cache-miss
2505 http fetch GET 200 https://registry.npmjs.org/@babel%2ftemplate 59ms (cache miss)
2506 silly packumentCache full:https://registry.npmjs.org/@babel%2ftemplate set size:undefined disposed:false
2507 silly fetch manifest @istanbuljs/load-nyc-config@^1.0.0
2508 silly packumentCache full:https://registry.npmjs.org/@istanbuljs%2fload-nyc-config cache-miss
2509 http fetch GET 200 https://registry.npmjs.org/@jridgewell%2fremapping 52ms (cache miss)
2510 silly packumentCache full:https://registry.npmjs.org/@jridgewell%2fremapping set size:undefined disposed:false
2511 http fetch GET 200 https://registry.npmjs.org/@babel%2fhelpers 64ms (cache miss)
2512 silly packumentCache full:https://registry.npmjs.org/@babel%2fhelpers set size:undefined disposed:false
2513 http fetch GET 200 https://registry.npmjs.org/@babel%2ftraverse 68ms (cache miss)
2514 silly packumentCache full:https://registry.npmjs.org/@babel%2ftraverse set size:undefined disposed:false
2515 http fetch GET 200 https://registry.npmjs.org/@babel%2fhelper-module-transforms 70ms (cache miss)
2516 silly packumentCache full:https://registry.npmjs.org/@babel%2fhelper-module-transforms set size:undefined disposed:false
2517 http fetch GET 200 https://registry.npmjs.org/test-exclude 37ms (cache miss)
2518 silly packumentCache full:https://registry.npmjs.org/test-exclude set size:undefined disposed:false
2519 http fetch GET 200 https://registry.npmjs.org/@babel%2fhelper-plugin-utils 44ms (cache miss)
2520 silly packumentCache full:https://registry.npmjs.org/@babel%2fhelper-plugin-utils set size:undefined disposed:false
2521 http fetch GET 200 https://registry.npmjs.org/@istanbuljs%2fload-nyc-config 47ms (cache miss)
2522 silly packumentCache full:https://registry.npmjs.org/@istanbuljs%2fload-nyc-config set size:undefined disposed:false
2523 silly fetch manifest @babel/core@^7.0.0
2524 silly packumentCache full:https://registry.npmjs.org/@babel%2fcore cache-hit
2525 silly placeDep ROOT @babel/generator@7.29.7 OK for: @babel/core@7.29.7 want: ^7.29.7
2526 silly placeDep ROOT @babel/helper-compilation-targets@7.29.7 OK for: @babel/core@7.29.7 want: ^7.29.7
2527 silly placeDep ROOT @babel/helper-module-transforms@7.29.7 OK for: @babel/core@7.29.7 want: ^7.29.7
2528 silly placeDep ROOT @babel/helpers@7.29.7 OK for: @babel/core@7.29.7 want: ^7.29.7
2529 silly placeDep ROOT @babel/parser@7.29.7 OK for: @babel/core@7.29.7 want: ^7.29.7
2530 silly placeDep ROOT @babel/template@7.29.7 OK for: @babel/core@7.29.7 want: ^7.29.7
2531 silly placeDep ROOT @babel/traverse@7.29.7 OK for: @babel/core@7.29.7 want: ^7.29.7
2532 silly placeDep ROOT @babel/types@7.29.7 OK for: @babel/core@7.29.7 want: ^7.29.7
2533 silly placeDep ROOT @jridgewell/remapping@2.3.5 OK for: @babel/core@7.29.7 want: ^2.3.5
2534 silly placeDep ROOT gensync@1.0.0-beta.2 OK for: @babel/core@7.29.7 want: ^1.0.0-beta.2
2535 silly placeDep ROOT json5@2.2.3 OK for: @babel/core@7.29.7 want: ^2.2.3
2536 silly placeDep node_modules/@babel/core semver@6.3.1 OK for: @babel/core@7.29.7 want: ^6.3.1
2537 silly fetch manifest @jridgewell/gen-mapping@^0.3.12
2538 silly packumentCache full:https://registry.npmjs.org/@jridgewell%2fgen-mapping cache-miss
2539 silly fetch manifest jsesc@^3.0.2
2540 silly packumentCache full:https://registry.npmjs.org/jsesc cache-miss
2541 silly fetch manifest @babel/compat-data@^7.29.7
2542 silly packumentCache full:https://registry.npmjs.org/@babel%2fcompat-data cache-miss
2543 silly fetch manifest @babel/helper-validator-option@^7.29.7
2544 silly packumentCache full:https://registry.npmjs.org/@babel%2fhelper-validator-option cache-miss
2545 silly fetch manifest browserslist@^4.24.0
2546 silly packumentCache full:https://registry.npmjs.org/browserslist cache-hit
2547 silly fetch manifest lru-cache@^5.1.1
2548 silly packumentCache full:https://registry.npmjs.org/lru-cache cache-hit
2549 silly fetch manifest @babel/helper-module-imports@^7.29.7
2550 silly packumentCache full:https://registry.npmjs.org/@babel%2fhelper-module-imports cache-miss
2551 silly fetch manifest @babel/helper-globals@^7.29.7
2552 silly packumentCache full:https://registry.npmjs.org/@babel%2fhelper-globals cache-miss
2553 silly fetch manifest @babel/helper-string-parser@^7.29.7
2554 silly packumentCache full:https://registry.npmjs.org/@babel%2fhelper-string-parser cache-miss
2555 http cache https://registry.npmjs.org/@jridgewell%2fgen-mapping 9ms (cache hit)
2556 silly packumentCache full:https://registry.npmjs.org/@jridgewell%2fgen-mapping set size:75941 disposed:false
2557 silly fetch manifest @jridgewell/gen-mapping@^0.3.5
2558 silly packumentCache full:https://registry.npmjs.org/@jridgewell%2fgen-mapping cache-hit
2559 http fetch GET 200 https://registry.npmjs.org/jsesc 39ms (cache miss)
2560 silly packumentCache full:https://registry.npmjs.org/jsesc set size:undefined disposed:false
2561 http fetch GET 200 https://registry.npmjs.org/@babel%2fhelper-string-parser 42ms (cache miss)
2562 silly packumentCache full:https://registry.npmjs.org/@babel%2fhelper-string-parser set size:undefined disposed:false
2563 http fetch GET 200 https://registry.npmjs.org/@babel%2fhelper-validator-option 57ms (cache miss)
2564 silly packumentCache full:https://registry.npmjs.org/@babel%2fhelper-validator-option set size:undefined disposed:false
2565 http fetch GET 200 https://registry.npmjs.org/@babel%2fhelper-module-imports 56ms (cache miss)
2566 silly packumentCache full:https://registry.npmjs.org/@babel%2fhelper-module-imports set size:undefined disposed:false
2567 http fetch GET 200 https://registry.npmjs.org/@babel%2fcompat-data 60ms (cache miss)
2568 silly packumentCache full:https://registry.npmjs.org/@babel%2fcompat-data set size:undefined disposed:false
2569 http fetch GET 200 https://registry.npmjs.org/@babel%2fhelper-globals 260ms (cache miss)
2570 silly packumentCache full:https://registry.npmjs.org/@babel%2fhelper-globals set size:undefined disposed:false
2571 silly placeDep ROOT @jridgewell/gen-mapping@0.3.13 OK for: @babel/generator@7.29.7 want: ^0.3.12
2572 silly placeDep ROOT jsesc@3.1.0 OK for: @babel/generator@7.29.7 want: ^3.0.2
2573 silly placeDep ROOT @babel/compat-data@7.29.7 OK for: @babel/helper-compilation-targets@7.29.7 want: ^7.29.7
2574 silly placeDep ROOT @babel/helper-validator-option@7.29.7 OK for: @babel/helper-compilation-targets@7.29.7 want: ^7.29.7
2575 silly placeDep ROOT browserslist@4.28.2 OK for: @babel/helper-compilation-targets@7.29.7 want: ^4.24.0
2576 silly placeDep ROOT lru-cache@5.1.1 OK for: @babel/helper-compilation-targets@7.29.7 want: ^5.1.1
2577 silly placeDep node_modules/@babel/helper-compilation-targets semver@6.3.1 OK for: @babel/helper-compilation-targets@7.29.7 want: ^6.3.1
2578 silly fetch manifest baseline-browser-mapping@^2.10.12
2579 silly packumentCache full:https://registry.npmjs.org/baseline-browser-mapping cache-miss
2580 silly fetch manifest caniuse-lite@^1.0.30001782
2581 silly packumentCache full:https://registry.npmjs.org/caniuse-lite cache-miss
2582 silly fetch manifest electron-to-chromium@^1.5.328
2583 silly packumentCache full:https://registry.npmjs.org/electron-to-chromium cache-miss
2584 silly fetch manifest node-releases@^2.0.36
2585 silly packumentCache full:https://registry.npmjs.org/node-releases cache-miss
2586 silly fetch manifest update-browserslist-db@^1.2.3
2587 silly packumentCache full:https://registry.npmjs.org/update-browserslist-db cache-miss
2588 silly fetch manifest yallist@^3.0.2
2589 silly packumentCache full:https://registry.npmjs.org/yallist cache-miss
2590 http cache https://registry.npmjs.org/baseline-browser-mapping 7ms (cache hit)
2591 silly packumentCache full:https://registry.npmjs.org/baseline-browser-mapping set size:494649 disposed:false
2592 http cache https://registry.npmjs.org/update-browserslist-db 10ms (cache hit)
2593 silly packumentCache full:https://registry.npmjs.org/update-browserslist-db set size:62000 disposed:false
2594 http cache https://registry.npmjs.org/node-releases 12ms (cache hit)
2595 silly packumentCache full:https://registry.npmjs.org/node-releases set size:283168 disposed:false
2596 http cache https://registry.npmjs.org/caniuse-lite 16ms (cache hit)
2597 silly packumentCache full:https://registry.npmjs.org/caniuse-lite set size:2293068 disposed:false
2598 http cache https://registry.npmjs.org/electron-to-chromium 30ms (cache hit)
2599 silly packumentCache full:https://registry.npmjs.org/electron-to-chromium set size:4819207 disposed:false
2600 http fetch GET 200 https://registry.npmjs.org/yallist 46ms (cache miss)
2601 silly packumentCache full:https://registry.npmjs.org/yallist set size:undefined disposed:false
2602 silly placeDep ROOT @babel/helper-module-imports@7.29.7 OK for: @babel/helper-module-transforms@7.29.7 want: ^7.29.7
2603 silly placeDep ROOT @babel/helper-globals@7.29.7 OK for: @babel/traverse@7.29.7 want: ^7.29.7
2604 silly placeDep ROOT @babel/helper-string-parser@7.29.7 OK for: @babel/types@7.29.7 want: ^7.29.7
2605 silly placeDep ROOT @jest/schemas@30.4.1 OK for: @jest/types@30.4.1 want: 30.4.1
2606 silly placeDep ROOT @types/istanbul-reports@3.0.4 OK for: @jest/types@30.4.1 want: ^3.0.4
2607 silly placeDep ROOT @types/yargs@17.0.35 OK for: @jest/types@30.4.1 want: ^17.0.33
2608 silly fetch manifest @sinclair/typebox@^0.34.0
2609 silly packumentCache full:https://registry.npmjs.org/@sinclair%2ftypebox cache-miss
2610 silly fetch manifest @types/istanbul-lib-report@*
2611 silly packumentCache full:https://registry.npmjs.org/@types%2fistanbul-lib-report cache-miss
2612 silly fetch manifest @types/yargs-parser@*
2613 silly packumentCache full:https://registry.npmjs.org/@types%2fyargs-parser cache-miss
2614 http fetch GET 200 https://registry.npmjs.org/@types%2fyargs-parser 46ms (cache miss)
2615 silly packumentCache full:https://registry.npmjs.org/@types%2fyargs-parser set size:undefined disposed:false
2616 http fetch GET 200 https://registry.npmjs.org/@types%2fistanbul-lib-report 256ms (cache miss)
2617 silly packumentCache full:https://registry.npmjs.org/@types%2fistanbul-lib-report set size:undefined disposed:false
2618 http fetch GET 200 https://registry.npmjs.org/@sinclair%2ftypebox 1073ms (cache miss)
2619 silly packumentCache full:https://registry.npmjs.org/@sinclair%2ftypebox set size:undefined disposed:false
2620 silly placeDep ROOT @sinclair/typebox@0.34.49 OK for: @jest/schemas@30.4.1 want: ^0.34.0
2621 silly placeDep ROOT @jridgewell/sourcemap-codec@1.5.5 OK for: @jridgewell/gen-mapping@0.3.13 want: ^1.5.0
2622 silly placeDep ROOT @jridgewell/resolve-uri@3.1.2 OK for: @jridgewell/trace-mapping@0.3.31 want: ^3.1.0
2623 silly placeDep ROOT @types/istanbul-lib-report@3.0.3 OK for: @types/istanbul-reports@3.0.4 want: *
2624 silly placeDep ROOT @types/yargs-parser@21.0.3 OK for: @types/yargs@17.0.35 want: *
2625 silly placeDep ROOT type-fest@0.21.3 OK for: ansi-escapes@4.3.2 want: ^0.21.3
2626 silly placeDep ROOT @babel/helper-plugin-utils@7.29.7 OK for: babel-plugin-istanbul@7.0.1 want: ^7.0.0
2627 silly placeDep ROOT @istanbuljs/load-nyc-config@1.1.0 OK for: babel-plugin-istanbul@7.0.1 want: ^1.0.0
2628 silly placeDep ROOT @istanbuljs/schema@0.1.6 OK for: babel-plugin-istanbul@7.0.1 want: ^0.1.3
2629 silly placeDep ROOT test-exclude@6.0.0 OK for: babel-plugin-istanbul@7.0.1 want: ^6.0.0
2630 silly fetch manifest camelcase@^5.3.1
2631 silly packumentCache full:https://registry.npmjs.org/camelcase cache-miss
2632 silly fetch manifest find-up@^4.1.0
2633 silly packumentCache full:https://registry.npmjs.org/find-up cache-miss
2634 silly fetch manifest get-package-type@^0.1.0
2635 silly packumentCache full:https://registry.npmjs.org/get-package-type cache-miss
2636 silly fetch manifest js-yaml@^3.13.1
2637 silly packumentCache full:https://registry.npmjs.org/js-yaml cache-hit
2638 silly fetch manifest resolve-from@^5.0.0
2639 silly packumentCache full:https://registry.npmjs.org/resolve-from cache-hit
2640 silly fetch manifest glob@^7.1.4
2641 silly packumentCache full:https://registry.npmjs.org/glob cache-hit
2642 http cache https://registry.npmjs.org/camelcase 5ms (cache hit)
2643 silly packumentCache full:https://registry.npmjs.org/camelcase set size:60255 disposed:false
2644 http cache https://registry.npmjs.org/find-up 5ms (cache hit)
2645 silly packumentCache full:https://registry.npmjs.org/find-up set size:42620 disposed:false
2646 http fetch GET 200 https://registry.npmjs.org/get-package-type 43ms (cache miss)
2647 silly packumentCache full:https://registry.npmjs.org/get-package-type set size:undefined disposed:false
2648 silly placeDep ROOT camelcase@5.3.1 OK for: @istanbuljs/load-nyc-config@1.1.0 want: ^5.3.1
2649 silly placeDep node_modules/@istanbuljs/load-nyc-config find-up@4.1.0 OK for: @istanbuljs/load-nyc-config@1.1.0 want: ^4.1.0
2650 silly placeDep ROOT get-package-type@0.1.0 OK for: @istanbuljs/load-nyc-config@1.1.0 want: ^0.1.0
2651 silly placeDep node_modules/@istanbuljs/load-nyc-config js-yaml@3.14.2 OK for: @istanbuljs/load-nyc-config@1.1.0 want: ^3.13.1
2652 silly placeDep node_modules/@istanbuljs/load-nyc-config resolve-from@5.0.0 OK for: @istanbuljs/load-nyc-config@1.1.0 want: ^5.0.0
2653 silly fetch manifest locate-path@^5.0.0
2654 silly packumentCache full:https://registry.npmjs.org/locate-path cache-miss
2655 silly fetch manifest argparse@^1.0.7
2656 silly packumentCache full:https://registry.npmjs.org/argparse cache-hit
2657 http cache https://registry.npmjs.org/locate-path 2ms (cache hit)
2658 silly packumentCache full:https://registry.npmjs.org/locate-path set size:31329 disposed:false
2659 silly fetch manifest browserslist@>= 4.21.0
2660 silly packumentCache full:https://registry.npmjs.org/browserslist cache-hit
2661 silly placeDep ROOT baseline-browser-mapping@2.10.33 OK for: browserslist@4.28.2 want: ^2.10.12
2662 silly placeDep ROOT caniuse-lite@1.0.30001793 OK for: browserslist@4.28.2 want: ^1.0.30001782
2663 silly placeDep ROOT electron-to-chromium@1.5.368 OK for: browserslist@4.28.2 want: ^1.5.328
2664 silly placeDep ROOT node-releases@2.0.47 OK for: browserslist@4.28.2 want: ^2.0.36
2665 silly placeDep ROOT update-browserslist-db@1.2.3 OK for: browserslist@4.28.2 want: ^1.2.3
2666 silly fetch manifest escalade@^3.2.0
2667 silly packumentCache full:https://registry.npmjs.org/escalade cache-miss
2668 http cache https://registry.npmjs.org/escalade 2ms (cache hit)
2669 silly packumentCache full:https://registry.npmjs.org/escalade set size:33724 disposed:false
2670 silly placeDep ROOT pkg-dir@4.2.0 OK for: import-local@3.2.0 want: ^4.2.0
2671 silly placeDep ROOT resolve-cwd@3.0.0 OK for: import-local@3.2.0 want: ^3.0.0
2672 silly fetch manifest find-up@^4.0.0
2673 silly packumentCache full:https://registry.npmjs.org/find-up cache-hit
2674 silly placeDep ROOT make-dir@4.0.0 OK for: istanbul-lib-report@3.0.1 want: ^4.0.0
2675 silly placeDep ROOT html-escaper@2.0.2 OK for: istanbul-reports@3.2.0 want: ^2.0.0
2676 silly placeDep ROOT execa@5.1.1 OK for: jest-changed-files@30.4.1 want: ^5.1.1
2677 silly placeDep ROOT p-limit@3.1.0 OK for: jest-changed-files@30.4.1 want: ^3.1.0
2678 silly fetch manifest onetime@^5.1.2
2679 silly packumentCache full:https://registry.npmjs.org/onetime cache-miss
2680 silly fetch manifest is-stream@^2.0.0
2681 silly packumentCache full:https://registry.npmjs.org/is-stream cache-miss
2682 silly fetch manifest get-stream@^6.0.0
2683 silly packumentCache full:https://registry.npmjs.org/get-stream cache-miss
2684 silly fetch manifest signal-exit@^3.0.3
2685 silly packumentCache full:https://registry.npmjs.org/signal-exit cache-hit
2686 silly fetch manifest npm-run-path@^4.0.1
2687 silly packumentCache full:https://registry.npmjs.org/npm-run-path cache-miss
2688 silly fetch manifest human-signals@^2.1.0
2689 silly packumentCache full:https://registry.npmjs.org/human-signals cache-miss
2690 silly fetch manifest strip-final-newline@^2.0.0
2691 silly packumentCache full:https://registry.npmjs.org/strip-final-newline cache-miss
2692 silly fetch manifest yocto-queue@^0.1.0
2693 silly packumentCache full:https://registry.npmjs.org/yocto-queue cache-miss
2694 http cache https://registry.npmjs.org/onetime 5ms (cache hit)
2695 silly packumentCache full:https://registry.npmjs.org/onetime set size:32314 disposed:false
2696 http fetch GET 200 https://registry.npmjs.org/strip-final-newline 30ms (cache miss)
2697 silly packumentCache full:https://registry.npmjs.org/strip-final-newline set size:undefined disposed:false
2698 http fetch GET 200 https://registry.npmjs.org/npm-run-path 35ms (cache miss)
2699 silly packumentCache full:https://registry.npmjs.org/npm-run-path set size:undefined disposed:false
2700 http fetch GET 200 https://registry.npmjs.org/is-stream 38ms (cache miss)
2701 silly packumentCache full:https://registry.npmjs.org/is-stream set size:undefined disposed:false
2702 http fetch GET 200 https://registry.npmjs.org/human-signals 39ms (cache miss)
2703 silly packumentCache full:https://registry.npmjs.org/human-signals set size:undefined disposed:false
2704 http fetch GET 200 https://registry.npmjs.org/get-stream 41ms (cache miss)
2705 silly packumentCache full:https://registry.npmjs.org/get-stream set size:undefined disposed:false
2706 http fetch GET 200 https://registry.npmjs.org/yocto-queue 256ms (cache miss)
2707 silly packumentCache full:https://registry.npmjs.org/yocto-queue set size:undefined disposed:false
2708 silly placeDep ROOT get-stream@6.0.1 OK for: execa@5.1.1 want: ^6.0.0
2709 silly placeDep ROOT human-signals@2.1.0 OK for: execa@5.1.1 want: ^2.1.0
2710 silly placeDep ROOT is-stream@2.0.1 OK for: execa@5.1.1 want: ^2.0.0
2711 silly placeDep ROOT merge-stream@2.0.0 OK for: execa@5.1.1 want: ^2.0.0
2712 silly placeDep ROOT npm-run-path@4.0.1 OK for: execa@5.1.1 want: ^4.0.1
2713 silly placeDep ROOT onetime@5.1.2 OK for: execa@5.1.1 want: ^5.1.2
2714 silly placeDep node_modules/execa signal-exit@3.0.7 OK for: execa@5.1.1 want: ^3.0.3
2715 silly placeDep ROOT strip-final-newline@2.0.0 OK for: execa@5.1.1 want: ^2.0.0
2716 silly fetch manifest mimic-fn@^2.1.0
2717 silly packumentCache full:https://registry.npmjs.org/mimic-fn cache-miss
2718 http cache https://registry.npmjs.org/mimic-fn 3ms (cache hit)
2719 silly packumentCache full:https://registry.npmjs.org/mimic-fn set size:22257 disposed:false
2720 silly placeDep ROOT yargs@17.7.2 OK for: jest-cli@30.4.2 want: ^17.7.2
2721 silly fetch manifest y18n@^5.0.5
2722 silly packumentCache full:https://registry.npmjs.org/y18n cache-miss
2723 silly fetch manifest cliui@^8.0.1
2724 silly packumentCache full:https://registry.npmjs.org/cliui cache-miss
2725 silly fetch manifest escalade@^3.1.1
2726 silly packumentCache full:https://registry.npmjs.org/escalade cache-hit
2727 silly fetch manifest get-caller-file@^2.0.5
2728 silly packumentCache full:https://registry.npmjs.org/get-caller-file cache-miss
2729 silly fetch manifest require-directory@^2.1.1
2730 silly packumentCache full:https://registry.npmjs.org/require-directory cache-miss
2731 http fetch GET 200 https://registry.npmjs.org/get-caller-file 38ms (cache miss)
2732 silly packumentCache full:https://registry.npmjs.org/get-caller-file set size:undefined disposed:false
2733 http fetch GET 200 https://registry.npmjs.org/cliui 40ms (cache miss)
2734 silly packumentCache full:https://registry.npmjs.org/cliui set size:undefined disposed:false
2735 http fetch GET 200 https://registry.npmjs.org/require-directory 43ms (cache miss)
2736 silly packumentCache full:https://registry.npmjs.org/require-directory set size:undefined disposed:false
2737 http fetch GET 200 https://registry.npmjs.org/y18n 47ms (cache miss)
2738 silly packumentCache full:https://registry.npmjs.org/y18n set size:undefined disposed:false
2739 silly placeDep ROOT @jest/test-sequencer@30.4.1 OK for: jest-config@30.4.2 want: 30.4.1
2740 silly placeDep ROOT babel-jest@30.4.1 OK for: jest-config@30.4.2 want: 30.4.1
2741 silly placeDep node_modules/jest-config glob@10.5.0 OK for: jest-config@30.4.2 want: ^10.5.0
2742 silly placeDep ROOT jest-circus@30.4.2 OK for: jest-config@30.4.2 want: 30.4.2
2743 silly placeDep ROOT jest-docblock@30.4.0 OK for: jest-config@30.4.2 want: 30.4.0
2744 silly placeDep ROOT jest-environment-node@30.4.1 OK for: jest-config@30.4.2 want: 30.4.1
2745 silly fetch manifest @types/babel__core@^7.20.5
2746 silly packumentCache full:https://registry.npmjs.org/@types%2fbabel__core cache-miss
2747 silly fetch manifest babel-preset-jest@30.4.0
2748 silly packumentCache full:https://registry.npmjs.org/babel-preset-jest cache-miss
2749 silly fetch manifest @jest/expect@30.4.1
2750 silly packumentCache full:https://registry.npmjs.org/@jest%2fexpect cache-miss
2751 silly fetch manifest co@^4.6.0
2752 silly packumentCache full:https://registry.npmjs.org/co cache-miss
2753 silly fetch manifest dedent@^1.6.0
2754 silly packumentCache full:https://registry.npmjs.org/dedent cache-miss
2755 silly fetch manifest is-generator-fn@^2.1.0
2756 silly packumentCache full:https://registry.npmjs.org/is-generator-fn cache-miss
2757 silly fetch manifest jest-each@30.4.1
2758 silly packumentCache full:https://registry.npmjs.org/jest-each cache-miss
2759 http fetch GET 200 https://registry.npmjs.org/co 36ms (cache miss)
2760 silly packumentCache full:https://registry.npmjs.org/co set size:undefined disposed:false
2761 silly fetch manifest pure-rand@^7.0.0
2762 silly packumentCache full:https://registry.npmjs.org/pure-rand cache-miss
2763 http fetch GET 200 https://registry.npmjs.org/dedent 38ms (cache miss)
2764 silly packumentCache full:https://registry.npmjs.org/dedent set size:undefined disposed:false
2765 silly fetch manifest detect-newline@^3.1.0
2766 silly packumentCache full:https://registry.npmjs.org/detect-newline cache-miss
2767 http fetch GET 200 https://registry.npmjs.org/is-generator-fn 41ms (cache miss)
2768 silly packumentCache full:https://registry.npmjs.org/is-generator-fn set size:undefined disposed:false
2769 http fetch GET 200 https://registry.npmjs.org/@jest%2fexpect 64ms (cache miss)
2770 silly packumentCache full:https://registry.npmjs.org/@jest%2fexpect set size:undefined disposed:false
2771 http fetch GET 200 https://registry.npmjs.org/jest-each 65ms (cache miss)
2772 silly packumentCache full:https://registry.npmjs.org/jest-each set size:undefined disposed:false
2773 http fetch GET 200 https://registry.npmjs.org/detect-newline 33ms (cache miss)
2774 silly packumentCache full:https://registry.npmjs.org/detect-newline set size:undefined disposed:false
2775 http fetch GET 200 https://registry.npmjs.org/pure-rand 38ms (cache miss)
2776 silly packumentCache full:https://registry.npmjs.org/pure-rand set size:undefined disposed:false
2777 http fetch GET 200 https://registry.npmjs.org/@types%2fbabel__core 277ms (cache miss)
2778 silly packumentCache full:https://registry.npmjs.org/@types%2fbabel__core set size:undefined disposed:false
2779 http fetch GET 200 https://registry.npmjs.org/babel-preset-jest 279ms (cache miss)
2780 silly packumentCache full:https://registry.npmjs.org/babel-preset-jest set size:undefined disposed:false
2781 silly fetch manifest @babel/core@^7.11.0 || ^8.0.0-0
2782 silly packumentCache full:https://registry.npmjs.org/@babel%2fcore cache-hit
2783 silly placeDep ROOT @types/babel__core@7.20.5 OK for: babel-jest@30.4.1 want: ^7.20.5
2784 silly placeDep ROOT babel-preset-jest@30.4.0 OK for: babel-jest@30.4.1 want: 30.4.0
2785 silly fetch manifest @types/babel__template@*
2786 silly packumentCache full:https://registry.npmjs.org/@types%2fbabel__template cache-miss
2787 silly fetch manifest @types/babel__traverse@*
2788 silly packumentCache full:https://registry.npmjs.org/@types%2fbabel__traverse cache-miss
2789 silly fetch manifest @types/babel__generator@*
2790 silly packumentCache full:https://registry.npmjs.org/@types%2fbabel__generator cache-miss
2791 silly fetch manifest babel-plugin-jest-hoist@30.4.0
2792 silly packumentCache full:https://registry.npmjs.org/babel-plugin-jest-hoist cache-miss
2793 http fetch GET 200 https://registry.npmjs.org/@types%2fbabel__traverse 48ms (cache miss)
2794 silly packumentCache full:https://registry.npmjs.org/@types%2fbabel__traverse set size:undefined disposed:false
2795 http fetch GET 200 https://registry.npmjs.org/@types%2fbabel__generator 52ms (cache miss)
2796 silly packumentCache full:https://registry.npmjs.org/@types%2fbabel__generator set size:undefined disposed:false
2797 http fetch GET 200 https://registry.npmjs.org/@types%2fbabel__template 52ms (cache miss)
2798 silly packumentCache full:https://registry.npmjs.org/@types%2fbabel__template set size:undefined disposed:false
2799 http fetch GET 200 https://registry.npmjs.org/babel-plugin-jest-hoist 56ms (cache miss)
2800 silly packumentCache full:https://registry.npmjs.org/babel-plugin-jest-hoist set size:undefined disposed:false
2801 silly placeDep ROOT @types/babel__generator@7.27.0 OK for: @types/babel__core@7.20.5 want: *
2802 silly placeDep ROOT @types/babel__template@7.4.4 OK for: @types/babel__core@7.20.5 want: *
2803 silly placeDep ROOT @types/babel__traverse@7.28.0 OK for: @types/babel__core@7.20.5 want: *
2804 silly fetch manifest @babel/core@^7.11.0 || ^8.0.0-beta.1
2805 silly packumentCache full:https://registry.npmjs.org/@babel%2fcore cache-hit
2806 silly placeDep ROOT babel-plugin-jest-hoist@30.4.0 OK for: babel-preset-jest@30.4.0 want: 30.4.0
2807 silly placeDep ROOT babel-preset-current-node-syntax@1.2.0 OK for: babel-preset-jest@30.4.0 want: ^1.2.0
2808 silly fetch manifest @babel/plugin-syntax-async-generators@^7.8.4
2809 silly packumentCache full:https://registry.npmjs.org/@babel%2fplugin-syntax-async-generators cache-miss
2810 silly fetch manifest @babel/plugin-syntax-bigint@^7.8.3
2811 silly packumentCache full:https://registry.npmjs.org/@babel%2fplugin-syntax-bigint cache-miss
2812 silly fetch manifest @babel/plugin-syntax-class-properties@^7.12.13
2813 silly packumentCache full:https://registry.npmjs.org/@babel%2fplugin-syntax-class-properties cache-miss
2814 silly fetch manifest @babel/plugin-syntax-class-static-block@^7.14.5
2815 silly packumentCache full:https://registry.npmjs.org/@babel%2fplugin-syntax-class-static-block cache-miss
2816 silly fetch manifest @babel/plugin-syntax-import-attributes@^7.24.7
2817 silly packumentCache full:https://registry.npmjs.org/@babel%2fplugin-syntax-import-attributes cache-miss
2818 silly fetch manifest @babel/plugin-syntax-import-meta@^7.10.4
2819 silly packumentCache full:https://registry.npmjs.org/@babel%2fplugin-syntax-import-meta cache-miss
2820 silly fetch manifest @babel/plugin-syntax-json-strings@^7.8.3
2821 silly packumentCache full:https://registry.npmjs.org/@babel%2fplugin-syntax-json-strings cache-miss
2822 http fetch GET 200 https://registry.npmjs.org/@babel%2fplugin-syntax-class-static-block 47ms (cache miss)
2823 silly packumentCache full:https://registry.npmjs.org/@babel%2fplugin-syntax-class-static-block set size:undefined disposed:false
2824 silly fetch manifest @babel/plugin-syntax-logical-assignment-operators@^7.10.4
2825 silly packumentCache full:https://registry.npmjs.org/@babel%2fplugin-syntax-logical-assignment-operators cache-miss
2826 http fetch GET 200 https://registry.npmjs.org/@babel%2fplugin-syntax-async-generators 49ms (cache miss)
2827 silly packumentCache full:https://registry.npmjs.org/@babel%2fplugin-syntax-async-generators set size:undefined disposed:false
2828 silly fetch manifest @babel/plugin-syntax-nullish-coalescing-operator@^7.8.3
2829 silly packumentCache full:https://registry.npmjs.org/@babel%2fplugin-syntax-nullish-coalescing-operator cache-miss
2830 http fetch GET 200 https://registry.npmjs.org/@babel%2fplugin-syntax-bigint 53ms (cache miss)
2831 silly packumentCache full:https://registry.npmjs.org/@babel%2fplugin-syntax-bigint set size:undefined disposed:false
2832 silly fetch manifest @babel/plugin-syntax-numeric-separator@^7.10.4
2833 silly packumentCache full:https://registry.npmjs.org/@babel%2fplugin-syntax-numeric-separator cache-miss
2834 http fetch GET 200 https://registry.npmjs.org/@babel%2fplugin-syntax-json-strings 52ms (cache miss)
2835 silly packumentCache full:https://registry.npmjs.org/@babel%2fplugin-syntax-json-strings set size:undefined disposed:false
2836 silly fetch manifest @babel/plugin-syntax-object-rest-spread@^7.8.3
2837 silly packumentCache full:https://registry.npmjs.org/@babel%2fplugin-syntax-object-rest-spread cache-miss
2838 http fetch GET 200 https://registry.npmjs.org/@babel%2fplugin-syntax-import-attributes 55ms (cache miss)
2839 silly packumentCache full:https://registry.npmjs.org/@babel%2fplugin-syntax-import-attributes set size:undefined disposed:false
2840 silly fetch manifest @babel/plugin-syntax-optional-catch-binding@^7.8.3
2841 silly packumentCache full:https://registry.npmjs.org/@babel%2fplugin-syntax-optional-catch-binding cache-miss
2842 http fetch GET 200 https://registry.npmjs.org/@babel%2fplugin-syntax-class-properties 56ms (cache miss)
2843 silly packumentCache full:https://registry.npmjs.org/@babel%2fplugin-syntax-class-properties set size:undefined disposed:false
2844 silly fetch manifest @babel/plugin-syntax-optional-chaining@^7.8.3
2845 silly packumentCache full:https://registry.npmjs.org/@babel%2fplugin-syntax-optional-chaining cache-miss
2846 http fetch GET 200 https://registry.npmjs.org/@babel%2fplugin-syntax-import-meta 56ms (cache miss)
2847 silly packumentCache full:https://registry.npmjs.org/@babel%2fplugin-syntax-import-meta set size:undefined disposed:false
2848 silly fetch manifest @babel/plugin-syntax-private-property-in-object@^7.14.5
2849 silly packumentCache full:https://registry.npmjs.org/@babel%2fplugin-syntax-private-property-in-object cache-miss
2850 http fetch GET 200 https://registry.npmjs.org/@babel%2fplugin-syntax-logical-assignment-operators 43ms (cache miss)
2851 silly packumentCache full:https://registry.npmjs.org/@babel%2fplugin-syntax-logical-assignment-operators set size:undefined disposed:false
2852 silly fetch manifest @babel/plugin-syntax-top-level-await@^7.14.5
2853 silly packumentCache full:https://registry.npmjs.org/@babel%2fplugin-syntax-top-level-await cache-miss
2854 http fetch GET 200 https://registry.npmjs.org/@babel%2fplugin-syntax-nullish-coalescing-operator 41ms (cache miss)
2855 silly packumentCache full:https://registry.npmjs.org/@babel%2fplugin-syntax-nullish-coalescing-operator set size:undefined disposed:false
2856 http fetch GET 200 https://registry.npmjs.org/@babel%2fplugin-syntax-object-rest-spread 40ms (cache miss)
2857 silly packumentCache full:https://registry.npmjs.org/@babel%2fplugin-syntax-object-rest-spread set size:undefined disposed:false
2858 http fetch GET 200 https://registry.npmjs.org/@babel%2fplugin-syntax-private-property-in-object 60ms (cache miss)
2859 silly packumentCache full:https://registry.npmjs.org/@babel%2fplugin-syntax-private-property-in-object set size:undefined disposed:false
2860 http fetch GET 200 https://registry.npmjs.org/@babel%2fplugin-syntax-optional-catch-binding 62ms (cache miss)
2861 silly packumentCache full:https://registry.npmjs.org/@babel%2fplugin-syntax-optional-catch-binding set size:undefined disposed:false
2862 http fetch GET 200 https://registry.npmjs.org/@babel%2fplugin-syntax-optional-chaining 61ms (cache miss)
2863 silly packumentCache full:https://registry.npmjs.org/@babel%2fplugin-syntax-optional-chaining set size:undefined disposed:false
2864 http fetch GET 200 https://registry.npmjs.org/@babel%2fplugin-syntax-top-level-await 40ms (cache miss)
2865 silly packumentCache full:https://registry.npmjs.org/@babel%2fplugin-syntax-top-level-await set size:undefined disposed:false
2866 http fetch GET 200 https://registry.npmjs.org/@babel%2fplugin-syntax-numeric-separator 281ms (cache miss)
2867 silly packumentCache full:https://registry.npmjs.org/@babel%2fplugin-syntax-numeric-separator set size:undefined disposed:false
2868 silly fetch manifest @babel/core@^7.0.0 || ^8.0.0-0
2869 silly packumentCache full:https://registry.npmjs.org/@babel%2fcore cache-hit
2870 silly placeDep ROOT @babel/plugin-syntax-async-generators@7.8.4 OK for: babel-preset-current-node-syntax@1.2.0 want: ^7.8.4
2871 silly placeDep ROOT @babel/plugin-syntax-bigint@7.8.3 OK for: babel-preset-current-node-syntax@1.2.0 want: ^7.8.3
2872 silly placeDep ROOT @babel/plugin-syntax-class-properties@7.12.13 OK for: babel-preset-current-node-syntax@1.2.0 want: ^7.12.13
2873 silly placeDep ROOT @babel/plugin-syntax-class-static-block@7.14.5 OK for: babel-preset-current-node-syntax@1.2.0 want: ^7.14.5
2874 silly placeDep ROOT @babel/plugin-syntax-import-attributes@7.29.7 OK for: babel-preset-current-node-syntax@1.2.0 want: ^7.24.7
2875 silly placeDep ROOT @babel/plugin-syntax-import-meta@7.10.4 OK for: babel-preset-current-node-syntax@1.2.0 want: ^7.10.4
2876 silly placeDep ROOT @babel/plugin-syntax-json-strings@7.8.3 OK for: babel-preset-current-node-syntax@1.2.0 want: ^7.8.3
2877 silly placeDep ROOT @babel/plugin-syntax-logical-assignment-operators@7.10.4 OK for: babel-preset-current-node-syntax@1.2.0 want: ^7.10.4
2878 silly placeDep ROOT @babel/plugin-syntax-nullish-coalescing-operator@7.8.3 OK for: babel-preset-current-node-syntax@1.2.0 want: ^7.8.3
2879 silly placeDep ROOT @babel/plugin-syntax-numeric-separator@7.10.4 OK for: babel-preset-current-node-syntax@1.2.0 want: ^7.10.4
2880 silly placeDep ROOT @babel/plugin-syntax-object-rest-spread@7.8.3 OK for: babel-preset-current-node-syntax@1.2.0 want: ^7.8.3
2881 silly placeDep ROOT @babel/plugin-syntax-optional-catch-binding@7.8.3 OK for: babel-preset-current-node-syntax@1.2.0 want: ^7.8.3
2882 silly placeDep ROOT @babel/plugin-syntax-optional-chaining@7.8.3 OK for: babel-preset-current-node-syntax@1.2.0 want: ^7.8.3
2883 silly placeDep ROOT @babel/plugin-syntax-private-property-in-object@7.14.5 OK for: babel-preset-current-node-syntax@1.2.0 want: ^7.14.5
2884 silly placeDep ROOT @babel/plugin-syntax-top-level-await@7.14.5 OK for: babel-preset-current-node-syntax@1.2.0 want: ^7.14.5
2885 silly fetch manifest babel-plugin-macros@^3.1.0
2886 silly packumentCache full:https://registry.npmjs.org/babel-plugin-macros cache-miss
2887 http fetch GET 200 https://registry.npmjs.org/babel-plugin-macros 35ms (cache miss)
2888 silly packumentCache full:https://registry.npmjs.org/babel-plugin-macros set size:undefined disposed:false
2889 silly placeDep ROOT @jest/environment@30.4.1 OK for: jest-circus@30.4.2 want: 30.4.1
2890 silly placeDep ROOT @jest/expect@30.4.1 OK for: jest-circus@30.4.2 want: 30.4.1
2891 silly placeDep ROOT co@4.6.0 OK for: jest-circus@30.4.2 want: ^4.6.0
2892 silly placeDep ROOT dedent@1.7.2 OK for: jest-circus@30.4.2 want: ^1.6.0
2893 silly placeDep ROOT is-generator-fn@2.1.0 OK for: jest-circus@30.4.2 want: ^2.1.0
2894 silly placeDep ROOT jest-each@30.4.1 OK for: jest-circus@30.4.2 want: 30.4.1
2895 silly placeDep ROOT pure-rand@7.0.1 OK for: jest-circus@30.4.2 want: ^7.0.0
2896 silly placeDep ROOT stack-utils@2.0.6 OK for: jest-circus@30.4.2 want: ^2.0.6
2897 silly fetch manifest escape-string-regexp@^2.0.0
2898 silly packumentCache full:https://registry.npmjs.org/escape-string-regexp cache-miss
2899 http cache https://registry.npmjs.org/escape-string-regexp 2ms (cache hit)
2900 silly packumentCache full:https://registry.npmjs.org/escape-string-regexp set size:22244 disposed:false
2901 silly placeDep ROOT @jest/fake-timers@30.4.1 OK for: @jest/environment@30.4.1 want: 30.4.1
2902 silly fetch manifest @sinonjs/fake-timers@^15.4.0
2903 silly packumentCache full:https://registry.npmjs.org/@sinonjs%2ffake-timers cache-miss
2904 http fetch GET 200 https://registry.npmjs.org/@sinonjs%2ffake-timers 51ms (cache miss)
2905 silly packumentCache full:https://registry.npmjs.org/@sinonjs%2ffake-timers set size:undefined disposed:false
2906 silly placeDep ROOT @sinonjs/fake-timers@15.4.0 OK for: @jest/fake-timers@30.4.1 want: ^15.4.0
2907 silly fetch manifest @sinonjs/commons@^3.0.1
2908 silly packumentCache full:https://registry.npmjs.org/@sinonjs%2fcommons cache-miss
2909 http fetch GET 200 https://registry.npmjs.org/@sinonjs%2fcommons 68ms (cache miss)
2910 silly packumentCache full:https://registry.npmjs.org/@sinonjs%2fcommons set size:undefined disposed:false
2911 silly placeDep ROOT @sinonjs/commons@3.0.1 OK for: @sinonjs/fake-timers@15.4.0 want: ^3.0.1
2912 silly fetch manifest type-detect@4.0.8
2913 silly packumentCache full:https://registry.npmjs.org/type-detect cache-miss
2914 http fetch GET 200 https://registry.npmjs.org/type-detect 36ms (cache miss)
2915 silly packumentCache full:https://registry.npmjs.org/type-detect set size:undefined disposed:false
2916 silly placeDep ROOT type-detect@4.0.8 OK for: @sinonjs/commons@3.0.1 want: 4.0.8
2917 silly placeDep ROOT detect-newline@3.1.0 OK for: jest-docblock@30.4.0 want: ^3.1.0
2918 silly placeDep ROOT anymatch@3.1.3 OK for: jest-haste-map@30.4.1 want: ^3.1.3
2919 silly placeDep ROOT fb-watchman@2.0.2 OK for: jest-haste-map@30.4.1 want: ^2.0.2
2920 silly placeDep ROOT fsevents@2.3.3 OK for: jest-haste-map@30.4.1 want: ^2.3.3
2921 silly placeDep ROOT walker@1.0.8 OK for: jest-haste-map@30.4.1 want: ^1.0.8
2922 silly fetch manifest picomatch@^2.0.4
2923 silly packumentCache full:https://registry.npmjs.org/picomatch cache-hit
2924 silly fetch manifest normalize-path@^3.0.0
2925 silly packumentCache full:https://registry.npmjs.org/normalize-path cache-miss
2926 silly fetch manifest bser@2.1.1
2927 silly packumentCache full:https://registry.npmjs.org/bser cache-miss
2928 silly fetch manifest makeerror@1.0.12
2929 silly packumentCache full:https://registry.npmjs.org/makeerror cache-miss
2930 http fetch GET 200 https://registry.npmjs.org/bser 34ms (cache miss)
2931 silly packumentCache full:https://registry.npmjs.org/bser set size:undefined disposed:false
2932 http fetch GET 200 https://registry.npmjs.org/makeerror 41ms (cache miss)
2933 silly packumentCache full:https://registry.npmjs.org/makeerror set size:undefined disposed:false
2934 http fetch GET 200 https://registry.npmjs.org/normalize-path 41ms (cache miss)
2935 silly packumentCache full:https://registry.npmjs.org/normalize-path set size:undefined disposed:false
2936 silly placeDep ROOT normalize-path@3.0.0 OK for: anymatch@3.1.3 want: ^3.0.0
2937 silly placeDep node_modules/anymatch picomatch@2.3.2 OK for: anymatch@3.1.3 want: ^2.0.4
2938 silly placeDep ROOT bser@2.1.1 OK for: fb-watchman@2.0.2 want: 2.1.1
2939 silly fetch manifest node-int64@^0.4.0
2940 silly packumentCache full:https://registry.npmjs.org/node-int64 cache-miss
2941 http fetch GET 200 https://registry.npmjs.org/node-int64 35ms (cache miss)
2942 silly packumentCache full:https://registry.npmjs.org/node-int64 set size:undefined disposed:false
2943 silly placeDep ROOT node-int64@0.4.0 OK for: bser@2.1.1 want: ^0.4.0
2944 silly placeDep ROOT jest-diff@30.4.1 OK for: jest-matcher-utils@30.4.1 want: 30.4.1
2945 silly fetch manifest @jest/diff-sequences@30.4.0
2946 silly packumentCache full:https://registry.npmjs.org/@jest%2fdiff-sequences cache-miss
2947 http fetch GET 200 https://registry.npmjs.org/@jest%2fdiff-sequences 278ms (cache miss)
2948 silly packumentCache full:https://registry.npmjs.org/@jest%2fdiff-sequences set size:undefined disposed:false
2949 silly placeDep ROOT @jest/diff-sequences@30.4.0 OK for: jest-diff@30.4.1 want: 30.4.0
2950 silly placeDep ROOT @types/stack-utils@2.0.3 OK for: jest-message-util@30.4.1 want: ^2.0.3
2951 silly fetch manifest jest-resolve@*
2952 silly packumentCache full:https://registry.npmjs.org/jest-resolve cache-miss
2953 http cache https://registry.npmjs.org/jest-resolve 4ms (cache hit)
2954 silly packumentCache full:https://registry.npmjs.org/jest-resolve set size:660045 disposed:false
2955 silly placeDep ROOT jest-pnp-resolver@1.2.3 OK for: jest-resolve@30.4.1 want: ^1.2.3
2956 silly placeDep ROOT unrs-resolver@1.12.2 OK for: jest-resolve@30.4.1 want: ^1.7.11
2957 silly fetch manifest napi-postinstall@^0.3.4
2958 silly packumentCache full:https://registry.npmjs.org/napi-postinstall cache-miss
2959 silly fetch manifest @unrs/resolver-binding-darwin-arm64@1.12.2
2960 silly packumentCache full:https://registry.npmjs.org/@unrs%2fresolver-binding-darwin-arm64 cache-miss
2961 silly fetch manifest @unrs/resolver-binding-android-arm64@1.12.2
2962 silly packumentCache full:https://registry.npmjs.org/@unrs%2fresolver-binding-android-arm64 cache-miss
2963 silly fetch manifest @unrs/resolver-binding-win32-arm64-msvc@1.12.2
2964 silly packumentCache full:https://registry.npmjs.org/@unrs%2fresolver-binding-win32-arm64-msvc cache-miss
2965 silly fetch manifest @unrs/resolver-binding-linux-arm64-gnu@1.12.2
2966 silly packumentCache full:https://registry.npmjs.org/@unrs%2fresolver-binding-linux-arm64-gnu cache-miss
2967 silly fetch manifest @unrs/resolver-binding-linux-arm64-musl@1.12.2
2968 silly packumentCache full:https://registry.npmjs.org/@unrs%2fresolver-binding-linux-arm64-musl cache-miss
2969 silly fetch manifest @unrs/resolver-binding-openharmony-arm64@1.12.2
2970 silly packumentCache full:https://registry.npmjs.org/@unrs%2fresolver-binding-openharmony-arm64 cache-miss
2971 http fetch GET 200 https://registry.npmjs.org/@unrs%2fresolver-binding-openharmony-arm64 43ms (cache miss)
2972 silly packumentCache full:https://registry.npmjs.org/@unrs%2fresolver-binding-openharmony-arm64 set size:undefined disposed:false
2973 silly fetch manifest @unrs/resolver-binding-android-arm-eabi@1.12.2
2974 silly packumentCache full:https://registry.npmjs.org/@unrs%2fresolver-binding-android-arm-eabi cache-miss
2975 http fetch GET 200 https://registry.npmjs.org/napi-postinstall 45ms (cache miss)
2976 silly packumentCache full:https://registry.npmjs.org/napi-postinstall set size:undefined disposed:false
2977 silly fetch manifest @unrs/resolver-binding-linux-arm-gnueabihf@1.12.2
2978 silly packumentCache full:https://registry.npmjs.org/@unrs%2fresolver-binding-linux-arm-gnueabihf cache-miss
2979 http fetch GET 200 https://registry.npmjs.org/@unrs%2fresolver-binding-android-arm-eabi 55ms (cache miss)
2980 silly packumentCache full:https://registry.npmjs.org/@unrs%2fresolver-binding-android-arm-eabi set size:undefined disposed:false
2981 silly fetch manifest @unrs/resolver-binding-linux-arm-musleabihf@1.12.2
2982 silly packumentCache full:https://registry.npmjs.org/@unrs%2fresolver-binding-linux-arm-musleabihf cache-miss
2983 http fetch GET 200 https://registry.npmjs.org/@unrs%2fresolver-binding-darwin-arm64 267ms (cache miss)
2984 silly packumentCache full:https://registry.npmjs.org/@unrs%2fresolver-binding-darwin-arm64 set size:undefined disposed:false
2985 silly fetch manifest @unrs/resolver-binding-win32-ia32-msvc@1.12.2
2986 silly packumentCache full:https://registry.npmjs.org/@unrs%2fresolver-binding-win32-ia32-msvc cache-miss
2987 http fetch GET 200 https://registry.npmjs.org/@unrs%2fresolver-binding-linux-arm64-musl 289ms (cache miss)
2988 silly packumentCache full:https://registry.npmjs.org/@unrs%2fresolver-binding-linux-arm64-musl set size:undefined disposed:false
2989 silly fetch manifest @unrs/resolver-binding-linux-loong64-gnu@1.12.2
2990 silly packumentCache full:https://registry.npmjs.org/@unrs%2fresolver-binding-linux-loong64-gnu cache-miss
2991 http fetch GET 200 https://registry.npmjs.org/@unrs%2fresolver-binding-win32-arm64-msvc 291ms (cache miss)
2992 silly packumentCache full:https://registry.npmjs.org/@unrs%2fresolver-binding-win32-arm64-msvc set size:undefined disposed:false
2993 silly fetch manifest @unrs/resolver-binding-linux-loong64-musl@1.12.2
2994 silly packumentCache full:https://registry.npmjs.org/@unrs%2fresolver-binding-linux-loong64-musl cache-miss
2995 http fetch GET 200 https://registry.npmjs.org/@unrs%2fresolver-binding-linux-arm-gnueabihf 247ms (cache miss)
2996 silly packumentCache full:https://registry.npmjs.org/@unrs%2fresolver-binding-linux-arm-gnueabihf set size:undefined disposed:false
2997 silly fetch manifest @unrs/resolver-binding-linux-ppc64-gnu@1.12.2
2998 silly packumentCache full:https://registry.npmjs.org/@unrs%2fresolver-binding-linux-ppc64-gnu cache-miss
2999 http fetch GET 200 https://registry.npmjs.org/@unrs%2fresolver-binding-linux-arm64-gnu 299ms (cache miss)
3000 silly packumentCache full:https://registry.npmjs.org/@unrs%2fresolver-binding-linux-arm64-gnu set size:undefined disposed:false
3001 silly fetch manifest @unrs/resolver-binding-linux-riscv64-gnu@1.12.2
3002 silly packumentCache full:https://registry.npmjs.org/@unrs%2fresolver-binding-linux-riscv64-gnu cache-miss
3003 http fetch GET 200 https://registry.npmjs.org/@unrs%2fresolver-binding-linux-arm-musleabihf 290ms (cache miss)
3004 silly packumentCache full:https://registry.npmjs.org/@unrs%2fresolver-binding-linux-arm-musleabihf set size:undefined disposed:false
3005 silly fetch manifest @unrs/resolver-binding-linux-riscv64-musl@1.12.2
3006 silly packumentCache full:https://registry.npmjs.org/@unrs%2fresolver-binding-linux-riscv64-musl cache-miss
3007 http fetch GET 200 https://registry.npmjs.org/@unrs%2fresolver-binding-linux-riscv64-musl 51ms (cache miss)
3008 silly packumentCache full:https://registry.npmjs.org/@unrs%2fresolver-binding-linux-riscv64-musl set size:undefined disposed:false
3009 silly fetch manifest @unrs/resolver-binding-linux-s390x-gnu@1.12.2
3010 silly packumentCache full:https://registry.npmjs.org/@unrs%2fresolver-binding-linux-s390x-gnu cache-miss
3011 http fetch GET 200 https://registry.npmjs.org/@unrs%2fresolver-binding-android-arm64 506ms (cache miss)
3012 silly packumentCache full:https://registry.npmjs.org/@unrs%2fresolver-binding-android-arm64 set size:undefined disposed:false
3013 silly fetch manifest @unrs/resolver-binding-wasm32-wasi@1.12.2
3014 silly packumentCache full:https://registry.npmjs.org/@unrs%2fresolver-binding-wasm32-wasi cache-miss
3015 http fetch GET 200 https://registry.npmjs.org/@unrs%2fresolver-binding-linux-loong64-musl 221ms (cache miss)
3016 silly packumentCache full:https://registry.npmjs.org/@unrs%2fresolver-binding-linux-loong64-musl set size:undefined disposed:false
3017 silly fetch manifest @unrs/resolver-binding-darwin-x64@1.12.2
3018 silly packumentCache full:https://registry.npmjs.org/@unrs%2fresolver-binding-darwin-x64 cache-miss
3019 http fetch GET 200 https://registry.npmjs.org/@unrs%2fresolver-binding-linux-ppc64-gnu 234ms (cache miss)
3020 silly packumentCache full:https://registry.npmjs.org/@unrs%2fresolver-binding-linux-ppc64-gnu set size:undefined disposed:false
3021 silly fetch manifest @unrs/resolver-binding-win32-x64-msvc@1.12.2
3022 silly packumentCache full:https://registry.npmjs.org/@unrs%2fresolver-binding-win32-x64-msvc cache-miss
3023 http fetch GET 200 https://registry.npmjs.org/@unrs%2fresolver-binding-linux-loong64-gnu 307ms (cache miss)
3024 silly packumentCache full:https://registry.npmjs.org/@unrs%2fresolver-binding-linux-loong64-gnu set size:undefined disposed:false
3025 silly fetch manifest @unrs/resolver-binding-freebsd-x64@1.12.2
3026 silly packumentCache full:https://registry.npmjs.org/@unrs%2fresolver-binding-freebsd-x64 cache-miss
3027 http fetch GET 200 https://registry.npmjs.org/@unrs%2fresolver-binding-linux-riscv64-gnu 460ms (cache miss)
3028 silly packumentCache full:https://registry.npmjs.org/@unrs%2fresolver-binding-linux-riscv64-gnu set size:undefined disposed:false
3029 silly fetch manifest @unrs/resolver-binding-linux-x64-gnu@1.12.2
3030 silly packumentCache full:https://registry.npmjs.org/@unrs%2fresolver-binding-linux-x64-gnu cache-miss
3031 http fetch GET 200 https://registry.npmjs.org/@unrs%2fresolver-binding-wasm32-wasi 258ms (cache miss)
3032 silly packumentCache full:https://registry.npmjs.org/@unrs%2fresolver-binding-wasm32-wasi set size:undefined disposed:false
3033 silly fetch manifest @unrs/resolver-binding-linux-x64-musl@1.12.2
3034 silly packumentCache full:https://registry.npmjs.org/@unrs%2fresolver-binding-linux-x64-musl cache-miss
3035 http fetch GET 200 https://registry.npmjs.org/@unrs%2fresolver-binding-win32-x64-msvc 238ms (cache miss)
3036 silly packumentCache full:https://registry.npmjs.org/@unrs%2fresolver-binding-win32-x64-msvc set size:undefined disposed:false
3037 http fetch GET 200 https://registry.npmjs.org/@unrs%2fresolver-binding-win32-ia32-msvc 639ms (cache miss)
3038 silly packumentCache full:https://registry.npmjs.org/@unrs%2fresolver-binding-win32-ia32-msvc set size:undefined disposed:false
3039 http fetch GET 200 https://registry.npmjs.org/@unrs%2fresolver-binding-linux-s390x-gnu 544ms (cache miss)
3040 silly packumentCache full:https://registry.npmjs.org/@unrs%2fresolver-binding-linux-s390x-gnu set size:undefined disposed:false
3041 http fetch GET 200 https://registry.npmjs.org/@unrs%2fresolver-binding-darwin-x64 698ms (cache miss)
3042 silly packumentCache full:https://registry.npmjs.org/@unrs%2fresolver-binding-darwin-x64 set size:undefined disposed:false
3043 http fetch GET 200 https://registry.npmjs.org/@unrs%2fresolver-binding-freebsd-x64 626ms (cache miss)
3044 silly packumentCache full:https://registry.npmjs.org/@unrs%2fresolver-binding-freebsd-x64 set size:undefined disposed:false
3045 http fetch GET 200 https://registry.npmjs.org/@unrs%2fresolver-binding-linux-x64-musl 487ms (cache miss)
3046 silly packumentCache full:https://registry.npmjs.org/@unrs%2fresolver-binding-linux-x64-musl set size:undefined disposed:false
3047 http fetch GET 200 https://registry.npmjs.org/@unrs%2fresolver-binding-linux-x64-gnu 616ms (cache miss)
3048 silly packumentCache full:https://registry.npmjs.org/@unrs%2fresolver-binding-linux-x64-gnu set size:undefined disposed:false
3049 silly placeDep ROOT emittery@0.13.1 OK for: jest-runner@30.4.2 want: ^0.13.1
3050 silly placeDep ROOT jest-leak-detector@30.4.1 OK for: jest-runner@30.4.2 want: 30.4.1
3051 silly placeDep node_modules/jest-runner source-map-support@0.5.13 OK for: jest-runner@30.4.2 want: 0.5.13
3052 silly placeDep ROOT @jest/globals@30.4.1 OK for: jest-runtime@30.4.2 want: 30.4.1
3053 silly placeDep ROOT @jest/source-map@30.0.1 OK for: jest-runtime@30.4.2 want: 30.0.1
3054 silly placeDep ROOT cjs-module-lexer@2.2.0 OK for: jest-runtime@30.4.2 want: ^2.1.0
3055 silly placeDep node_modules/jest-runtime glob@10.5.0 OK for: jest-runtime@30.4.2 want: ^10.5.0
3056 silly placeDep ROOT strip-bom@4.0.0 OK for: jest-runtime@30.4.2 want: ^4.0.0
3057 silly fetch manifest callsites@^3.1.0
3058 silly packumentCache full:https://registry.npmjs.org/callsites cache-hit
3059 silly placeDep ROOT callsites@3.1.0 OK for: @jest/source-map@30.0.1 want: ^3.1.0
3060 silly placeDep ROOT @babel/plugin-syntax-jsx@7.29.7 OK for: jest-snapshot@30.4.1 want: ^7.27.1
3061 silly placeDep ROOT @babel/plugin-syntax-typescript@7.29.7 OK for: jest-snapshot@30.4.1 want: ^7.27.1
3062 silly placeDep ROOT @jest/snapshot-utils@30.4.1 OK for: jest-snapshot@30.4.1 want: 30.4.1
3063 silly placeDep node_modules/jest-validate camelcase@6.3.0 OK for: jest-validate@30.4.1 want: ^6.3.0
3064 silly placeDep ROOT leven@3.1.0 OK for: jest-validate@30.4.1 want: ^3.1.0
3065 silly placeDep ROOT @ungap/structured-clone@1.3.1 OK for: jest-worker@30.4.1 want: ^1.3.0
3066 silly placeDep node_modules/jest-worker supports-color@8.1.1 OK for: jest-worker@30.4.1 want: ^8.1.1
3067 silly placeDep ROOT argparse@2.0.1 OK for: js-yaml@4.2.0 want: ^2.0.1
3068 silly placeDep ROOT json-buffer@3.0.1 OK for: keyv@4.5.4 want: 3.0.1
3069 silly placeDep ROOT prelude-ls@1.2.1 OK for: levn@0.4.1 want: ^1.2.1
3070 silly placeDep ROOT type-check@0.4.0 OK for: levn@0.4.1 want: ~0.4.0
3071 silly placeDep ROOT p-locate@5.0.0 OK for: locate-path@6.0.0 want: ^5.0.0
3072 silly placeDep ROOT yallist@3.1.1 OK for: lru-cache@5.1.1 want: ^3.0.2
3073 silly placeDep ROOT fs-monkey@1.1.0 OK for: memfs@3.5.3 want: ^1.0.4
3074 silly placeDep ROOT mime-db@1.54.0 OK for: mime-types@3.0.2 want: ^1.54.0
3075 silly placeDep ROOT brace-expansion@1.1.15 OK for: minimatch@3.1.5 want: ^1.1.7
3076 silly fetch manifest balanced-match@^1.0.0
3077 silly packumentCache full:https://registry.npmjs.org/balanced-match cache-miss
3078 silly fetch manifest concat-map@0.0.1
3079 silly packumentCache full:https://registry.npmjs.org/concat-map cache-miss
3080 http cache https://registry.npmjs.org/concat-map 2ms (cache hit)
3081 silly packumentCache full:https://registry.npmjs.org/concat-map set size:9290 disposed:false
3082 http cache https://registry.npmjs.org/balanced-match 3ms (cache hit)
3083 silly packumentCache full:https://registry.npmjs.org/balanced-match set size:39082 disposed:false
3084 silly placeDep ROOT balanced-match@1.0.2 OK for: brace-expansion@1.1.15 want: ^1.0.0
3085 silly placeDep ROOT concat-map@0.0.1 OK for: brace-expansion@1.1.15 want: 0.0.1
3086 silly placeDep ROOT append-field@1.0.0 OK for: multer@2.1.1 want: ^1.0.0
3087 silly placeDep ROOT busboy@1.6.0 OK for: multer@2.1.1 want: ^1.6.0
3088 silly placeDep ROOT concat-stream@2.0.0 OK for: multer@2.1.1 want: ^2.0.0
3089 silly placeDep node_modules/multer type-is@1.6.18 OK for: multer@2.1.1 want: ^1.6.18
3090 silly fetch manifest streamsearch@^1.1.0
3091 silly packumentCache full:https://registry.npmjs.org/streamsearch cache-miss
3092 silly fetch manifest readable-stream@^3.0.2
3093 silly packumentCache full:https://registry.npmjs.org/readable-stream cache-miss
3094 silly fetch manifest typedarray@^0.0.6
3095 silly packumentCache full:https://registry.npmjs.org/typedarray cache-miss
3096 silly fetch manifest mime-types@~2.1.24
3097 silly packumentCache full:https://registry.npmjs.org/mime-types cache-hit
3098 silly fetch manifest media-typer@0.3.0
3099 silly packumentCache full:https://registry.npmjs.org/media-typer cache-miss
3100 http cache https://registry.npmjs.org/media-typer 2ms (cache hit)
3101 silly packumentCache full:https://registry.npmjs.org/media-typer set size:22678 disposed:false
3102 http cache https://registry.npmjs.org/readable-stream 3ms (cache hit)
3103 silly packumentCache full:https://registry.npmjs.org/readable-stream set size:261096 disposed:false
3104 http fetch GET 200 https://registry.npmjs.org/streamsearch 29ms (cache miss)
3105 silly packumentCache full:https://registry.npmjs.org/streamsearch set size:undefined disposed:false
3106 http fetch GET 200 https://registry.npmjs.org/typedarray 41ms (cache miss)
3107 silly packumentCache full:https://registry.npmjs.org/typedarray set size:undefined disposed:false
3108 silly placeDep ROOT streamsearch@1.1.0 OK for: busboy@1.6.0 want: ^1.1.0
3109 silly placeDep ROOT buffer-from@1.1.2 OK for: concat-stream@2.0.0 want: ^1.0.0
3110 silly placeDep ROOT readable-stream@3.6.2 OK for: concat-stream@2.0.0 want: ^3.0.2
3111 silly placeDep ROOT typedarray@0.0.6 OK for: concat-stream@2.0.0 want: ^0.0.6
3112 silly fetch manifest string_decoder@^1.1.1
3113 silly packumentCache full:https://registry.npmjs.org/string_decoder cache-miss
3114 silly fetch manifest util-deprecate@^1.0.1
3115 silly packumentCache full:https://registry.npmjs.org/util-deprecate cache-miss
3116 http cache https://registry.npmjs.org/util-deprecate 1ms (cache hit)
3117 silly packumentCache full:https://registry.npmjs.org/util-deprecate set size:6674 disposed:false
3118 http cache https://registry.npmjs.org/string_decoder 1ms (cache hit)
3119 silly packumentCache full:https://registry.npmjs.org/string_decoder set size:28441 disposed:false
3120 silly placeDep ROOT lodash@4.18.1 OK for: node-emoji@1.11.0 want: ^4.17.21
3121 silly placeDep ROOT ee-first@1.1.1 OK for: on-finished@2.4.1 want: 1.1.1
3122 silly placeDep ROOT wrappy@1.0.2 OK for: once@1.4.0 want: 1
3123 silly placeDep ROOT mimic-fn@2.1.0 OK for: onetime@5.1.2 want: ^2.1.0
3124 silly placeDep ROOT deep-is@0.1.4 OK for: optionator@0.9.4 want: ^0.1.3
3125 silly placeDep ROOT fast-levenshtein@2.0.6 OK for: optionator@0.9.4 want: ^2.0.6
3126 silly placeDep ROOT word-wrap@1.2.5 OK for: optionator@0.9.4 want: ^1.2.5
3127 silly placeDep ROOT bl@4.1.0 OK for: ora@5.4.1 want: ^4.1.0
3128 silly placeDep ROOT cli-cursor@3.1.0 OK for: ora@5.4.1 want: ^3.1.0
3129 silly placeDep ROOT cli-spinners@2.9.2 OK for: ora@5.4.1 want: ^2.5.0
3130 silly placeDep ROOT is-interactive@1.0.0 OK for: ora@5.4.1 want: ^1.0.0
3131 silly placeDep ROOT is-unicode-supported@0.1.0 OK for: ora@5.4.1 want: ^0.1.0
3132 silly placeDep ROOT log-symbols@4.1.0 OK for: ora@5.4.1 want: ^4.1.0
3133 silly placeDep ROOT strip-ansi@6.0.1 OK for: ora@5.4.1 want: ^6.0.0
3134 silly placeDep ROOT wcwidth@1.0.1 OK for: ora@5.4.1 want: ^1.0.1
3135 silly fetch manifest buffer@^5.5.0
3136 silly packumentCache full:https://registry.npmjs.org/buffer cache-miss
3137 silly fetch manifest restore-cursor@^3.1.0
3138 silly packumentCache full:https://registry.npmjs.org/restore-cursor cache-miss
3139 silly fetch manifest ansi-regex@^5.0.1
3140 silly packumentCache full:https://registry.npmjs.org/ansi-regex cache-miss
3141 silly fetch manifest defaults@^1.0.3
3142 silly packumentCache full:https://registry.npmjs.org/defaults cache-miss
3143 http cache https://registry.npmjs.org/restore-cursor 2ms (cache hit)
3144 silly packumentCache full:https://registry.npmjs.org/restore-cursor set size:17895 disposed:false
3145 http cache https://registry.npmjs.org/defaults 2ms (cache hit)
3146 silly packumentCache full:https://registry.npmjs.org/defaults set size:18134 disposed:false
3147 http cache https://registry.npmjs.org/ansi-regex 3ms (cache hit)
3148 silly packumentCache full:https://registry.npmjs.org/ansi-regex set size:43572 disposed:false
3149 http cache https://registry.npmjs.org/buffer 3ms (cache hit)
3150 silly packumentCache full:https://registry.npmjs.org/buffer set size:280480 disposed:false
3151 silly placeDep ROOT buffer@5.7.1 OK for: bl@4.1.0 want: ^5.5.0
3152 silly fetch manifest base64-js@^1.3.1
3153 silly packumentCache full:https://registry.npmjs.org/base64-js cache-miss
3154 silly fetch manifest ieee754@^1.1.13
3155 silly packumentCache full:https://registry.npmjs.org/ieee754 cache-hit
3156 http cache https://registry.npmjs.org/base64-js 1ms (cache hit)
3157 silly packumentCache full:https://registry.npmjs.org/base64-js set size:41270 disposed:false
3158 silly placeDep ROOT base64-js@1.5.1 OK for: buffer@5.7.1 want: ^1.3.1
3159 silly placeDep ROOT ieee754@1.2.1 OK for: buffer@5.7.1 want: ^1.1.13
3160 silly placeDep ROOT restore-cursor@3.1.0 OK for: cli-cursor@3.1.0 want: ^3.1.0
3161 silly fetch manifest signal-exit@^3.0.2
3162 silly packumentCache full:https://registry.npmjs.org/signal-exit cache-hit
3163 silly placeDep ROOT yocto-queue@0.1.0 OK for: p-limit@3.1.0 want: ^0.1.0
3164 silly placeDep ROOT error-ex@1.3.4 OK for: parse-json@5.2.0 want: ^1.3.1
3165 silly placeDep ROOT json-parse-even-better-errors@2.3.1 OK for: parse-json@5.2.0 want: ^2.3.0
3166 silly placeDep ROOT lines-and-columns@1.2.4 OK for: parse-json@5.2.0 want: ^1.1.6
3167 silly fetch manifest is-arrayish@^0.2.1
3168 silly packumentCache full:https://registry.npmjs.org/is-arrayish cache-miss
3169 http cache https://registry.npmjs.org/is-arrayish 1ms (cache hit)
3170 silly packumentCache full:https://registry.npmjs.org/is-arrayish set size:15371 disposed:false
3171 silly placeDep ROOT is-arrayish@0.2.1 OK for: error-ex@1.3.4 want: ^0.2.1
3172 silly placeDep node_modules/path-scurry lru-cache@11.5.1 OK for: path-scurry@2.0.2 want: ^11.0.0
3173 silly placeDep node_modules/pkg-dir find-up@4.1.0 OK for: pkg-dir@4.2.0 want: ^4.0.0
3174 silly placeDep ROOT fast-diff@1.3.0 OK for: prettier-linter-helpers@1.0.1 want: ^1.1.2
3175 silly placeDep node_modules/pretty-format ansi-styles@5.2.0 OK for: pretty-format@30.4.1 want: ^5.2.0
3176 silly placeDep ROOT react-is-18@18.3.1 OK for: pretty-format@30.4.1 want: npm:react-is@^18.3.1
3177 silly placeDep ROOT react-is-19@19.2.7 OK for: pretty-format@30.4.1 want: npm:react-is@^19.2.5
3178 silly placeDep ROOT forwarded@0.2.0 OK for: proxy-addr@2.0.7 want: 0.2.0
3179 silly placeDep ROOT ipaddr.js@1.9.1 OK for: proxy-addr@2.0.7 want: 1.9.1
3180 silly placeDep ROOT side-channel@1.1.0 OK for: qs@6.15.2 want: ^1.1.0
3181 silly fetch manifest object-inspect@^1.13.3
3182 silly packumentCache full:https://registry.npmjs.org/object-inspect cache-miss
3183 silly fetch manifest side-channel-list@^1.0.0
3184 silly packumentCache full:https://registry.npmjs.org/side-channel-list cache-miss
3185 silly fetch manifest side-channel-map@^1.0.1
3186 silly packumentCache full:https://registry.npmjs.org/side-channel-map cache-miss
3187 silly fetch manifest side-channel-weakmap@^1.0.2
3188 silly packumentCache full:https://registry.npmjs.org/side-channel-weakmap cache-miss
3189 http fetch GET 200 https://registry.npmjs.org/side-channel-map 49ms (cache miss)
3190 silly packumentCache full:https://registry.npmjs.org/side-channel-map set size:undefined disposed:false
3191 http fetch GET 200 https://registry.npmjs.org/side-channel-list 50ms (cache miss)
3192 silly packumentCache full:https://registry.npmjs.org/side-channel-list set size:undefined disposed:false
3193 http fetch GET 200 https://registry.npmjs.org/object-inspect 50ms (cache miss)
3194 silly packumentCache full:https://registry.npmjs.org/object-inspect set size:undefined disposed:false
3195 http fetch GET 200 https://registry.npmjs.org/side-channel-weakmap 254ms (cache miss)
3196 silly packumentCache full:https://registry.npmjs.org/side-channel-weakmap set size:undefined disposed:false
3197 silly placeDep ROOT unpipe@1.0.0 OK for: raw-body@3.0.2 want: ~1.0.0
3198 silly placeDep ROOT string_decoder@1.3.0 OK for: readable-stream@3.6.2 want: ^1.1.1
3199 silly placeDep ROOT util-deprecate@1.0.2 OK for: readable-stream@3.6.2 want: ^1.0.1
3200 silly fetch manifest safe-buffer@~5.2.0
3201 silly packumentCache full:https://registry.npmjs.org/safe-buffer cache-miss
3202 http cache https://registry.npmjs.org/safe-buffer 3ms (cache hit)
3203 silly packumentCache full:https://registry.npmjs.org/safe-buffer set size:41183 disposed:false
3204 silly placeDep node_modules/resolve-cwd resolve-from@5.0.0 OK for: resolve-cwd@3.0.0 want: ^5.0.0
3205 silly placeDep node_modules/restore-cursor signal-exit@3.0.7 OK for: restore-cursor@3.1.0 want: ^3.0.2
3206 silly placeDep ROOT is-promise@4.0.0 OK for: router@2.2.0 want: ^4.0.0
3207 silly fetch manifest ajv@^6.12.5
3208 silly packumentCache full:https://registry.npmjs.org/ajv cache-miss
3209 http cache https://registry.npmjs.org/ajv 4ms (cache hit)
3210 silly packumentCache full:https://registry.npmjs.org/ajv set size:1142658 disposed:false
3211 silly placeDep ROOT ajv-keywords@3.5.2 OK for: schema-utils@3.3.0 want: ^3.5.2
3212 silly placeDep ROOT shebang-regex@3.0.0 OK for: shebang-command@2.0.0 want: ^3.0.0
3213 silly placeDep ROOT object-inspect@1.13.4 OK for: side-channel@1.1.0 want: ^1.13.3
3214 silly placeDep ROOT side-channel-list@1.0.1 OK for: side-channel@1.1.0 want: ^1.0.0
3215 silly placeDep ROOT side-channel-map@1.0.1 OK for: side-channel@1.1.0 want: ^1.0.1
3216 silly placeDep ROOT side-channel-weakmap@1.0.2 OK for: side-channel@1.1.0 want: ^1.0.2
3217 silly fetch manifest call-bound@^1.0.2
3218 silly packumentCache full:https://registry.npmjs.org/call-bound cache-miss
3219 silly fetch manifest call-bound@^1.0.2
3220 silly packumentCache full:https://registry.npmjs.org/call-bound cache-miss
3221 http fetch GET 200 https://registry.npmjs.org/call-bound 29ms (cache miss)
3222 silly packumentCache full:https://registry.npmjs.org/call-bound set size:undefined disposed:false
3223 http fetch GET 200 https://registry.npmjs.org/call-bound 34ms (cache miss)
3224 silly packumentCache full:https://registry.npmjs.org/call-bound set size:undefined disposed:false
3225 silly placeDep ROOT call-bound@1.0.4 OK for: side-channel-map@1.0.1 want: ^1.0.2
3226 silly placeDep node_modules/source-map-support source-map@0.6.1 OK for: source-map-support@0.5.21 want: ^0.6.0
3227 silly placeDep node_modules/stack-utils escape-string-regexp@2.0.0 OK for: stack-utils@2.0.6 want: ^2.0.0
3228 silly placeDep ROOT safe-buffer@5.2.1 OK for: string_decoder@1.3.0 want: ~5.2.0
3229 silly placeDep ROOT char-regex@1.0.2 OK for: string-length@4.0.2 want: ^1.0.2
3230 silly placeDep ROOT emoji-regex@8.0.0 OK for: string-width@4.2.3 want: ^8.0.0
3231 silly placeDep ROOT is-fullwidth-code-point@3.0.0 OK for: string-width@4.2.3 want: ^3.0.0
3232 silly placeDep ROOT ansi-regex@5.0.1 OK for: strip-ansi@6.0.1 want: ^5.0.1
3233 silly placeDep ROOT @tokenizer/token@0.3.0 OK for: strtok3@10.3.5 want: ^0.3.0
3234 silly placeDep ROOT methods@1.1.2 OK for: supertest@7.2.2 want: ^1.1.2
3235 silly placeDep ROOT superagent@10.3.0 OK for: supertest@7.2.2 want: ^10.3.0
3236 silly fetch manifest component-emitter@^1.3.1
3237 silly packumentCache full:https://registry.npmjs.org/component-emitter cache-miss
3238 silly fetch manifest cookiejar@^2.1.4
3239 silly packumentCache full:https://registry.npmjs.org/cookiejar cache-miss
3240 silly fetch manifest formidable@^3.5.4
3241 silly packumentCache full:https://registry.npmjs.org/formidable cache-miss
3242 silly fetch manifest mime@2.6.0
3243 silly packumentCache full:https://registry.npmjs.org/mime cache-miss
3244 http fetch GET 200 https://registry.npmjs.org/mime 43ms (cache miss)
3245 silly packumentCache full:https://registry.npmjs.org/mime set size:undefined disposed:false
3246 http fetch GET 200 https://registry.npmjs.org/component-emitter 258ms (cache miss)
3247 silly packumentCache full:https://registry.npmjs.org/component-emitter set size:undefined disposed:false
3248 http fetch GET 200 https://registry.npmjs.org/cookiejar 263ms (cache miss)
3249 silly packumentCache full:https://registry.npmjs.org/cookiejar set size:undefined disposed:false
3250 http fetch GET 200 https://registry.npmjs.org/formidable 276ms (cache miss)
3251 silly packumentCache full:https://registry.npmjs.org/formidable set size:undefined disposed:false
3252 silly placeDep ROOT component-emitter@1.3.1 OK for: superagent@10.3.0 want: ^1.3.1
3253 silly placeDep ROOT cookiejar@2.1.4 OK for: superagent@10.3.0 want: ^2.1.4
3254 silly placeDep ROOT formidable@3.5.4 OK for: superagent@10.3.0 want: ^3.5.4
3255 silly placeDep ROOT mime@2.6.0 OK for: superagent@10.3.0 want: 2.6.0
3256 silly fetch manifest dezalgo@^1.0.4
3257 silly packumentCache full:https://registry.npmjs.org/dezalgo cache-miss
3258 silly fetch manifest @paralleldrive/cuid2@^2.2.2
3259 silly packumentCache full:https://registry.npmjs.org/@paralleldrive%2fcuid2 cache-miss
3260 http fetch GET 200 https://registry.npmjs.org/dezalgo 35ms (cache miss)
3261 silly packumentCache full:https://registry.npmjs.org/dezalgo set size:undefined disposed:false
3262 http fetch GET 200 https://registry.npmjs.org/@paralleldrive%2fcuid2 753ms (cache miss)
3263 silly packumentCache full:https://registry.npmjs.org/@paralleldrive%2fcuid2 set size:undefined disposed:false
3264 silly placeDep ROOT @paralleldrive/cuid2@2.3.1 OK for: formidable@3.5.4 want: ^2.2.2
3265 silly placeDep ROOT dezalgo@1.0.4 OK for: formidable@3.5.4 want: ^1.0.4
3266 silly fetch manifest @noble/hashes@^1.1.5
3267 silly packumentCache full:https://registry.npmjs.org/@noble%2fhashes cache-miss
3268 silly fetch manifest asap@^2.0.0
3269 silly packumentCache full:https://registry.npmjs.org/asap cache-miss
3270 http fetch GET 200 https://registry.npmjs.org/asap 47ms (cache miss)
3271 silly packumentCache full:https://registry.npmjs.org/asap set size:undefined disposed:false
3272 http fetch GET 200 https://registry.npmjs.org/@noble%2fhashes 466ms (cache miss)
3273 silly packumentCache full:https://registry.npmjs.org/@noble%2fhashes set size:undefined disposed:false
3274 silly placeDep ROOT @noble/hashes@1.8.0 OK for: @paralleldrive/cuid2@2.3.1 want: ^1.1.5
3275 silly placeDep ROOT asap@2.0.6 OK for: dezalgo@1.0.4 want: ^2.0.0
3276 silly placeDep ROOT has-flag@4.0.0 OK for: supports-color@7.2.0 want: ^4.0.0
3277 silly placeDep ROOT @pkgr/core@0.3.6 OK for: synckit@0.11.13 want: ^0.3.6
3278 silly placeDep node_modules/test-exclude glob@7.2.3 OK for: test-exclude@6.0.0 want: ^7.1.4
3279 silly fetch manifest inflight@^1.0.4
3280 silly packumentCache full:https://registry.npmjs.org/inflight cache-miss
3281 silly fetch manifest fs.realpath@^1.0.0
3282 silly packumentCache full:https://registry.npmjs.org/fs.realpath cache-miss
3283 silly fetch manifest path-is-absolute@^1.0.0
3284 silly packumentCache full:https://registry.npmjs.org/path-is-absolute cache-miss
3285 http fetch GET 200 https://registry.npmjs.org/fs.realpath 51ms (cache miss)
3286 silly packumentCache full:https://registry.npmjs.org/fs.realpath set size:undefined disposed:false
3287 http fetch GET 200 https://registry.npmjs.org/path-is-absolute 51ms (cache miss)
3288 silly packumentCache full:https://registry.npmjs.org/path-is-absolute set size:undefined disposed:false
3289 http fetch GET 200 https://registry.npmjs.org/inflight 53ms (cache miss)
3290 silly packumentCache full:https://registry.npmjs.org/inflight set size:undefined disposed:false
3291 silly placeDep ROOT @borewit/text-codec@0.2.2 OK for: token-types@6.1.2 want: ^0.2.1
3292 silly placeDep ROOT bs-logger@0.2.6 OK for: ts-jest@29.4.11 want: ^0.2.6
3293 silly placeDep ROOT handlebars@4.7.9 OK for: ts-jest@29.4.11 want: ^4.7.9
3294 silly placeDep ROOT lodash.memoize@4.1.2 OK for: ts-jest@29.4.11 want: ^4.1.2
3295 silly placeDep ROOT make-error@1.3.6 OK for: ts-jest@29.4.11 want: ^1.3.6
3296 silly placeDep node_modules/ts-jest type-fest@4.41.0 OK for: ts-jest@29.4.11 want: ^4.41.0
3297 silly fetch manifest minimist@^1.2.5
3298 silly packumentCache full:https://registry.npmjs.org/minimist cache-hit
3299 silly fetch manifest source-map@^0.6.1
3300 silly packumentCache full:https://registry.npmjs.org/source-map cache-hit
3301 silly fetch manifest wordwrap@^1.0.0
3302 silly packumentCache full:https://registry.npmjs.org/wordwrap cache-miss
3303 silly fetch manifest uglify-js@^3.1.4
3304 silly packumentCache full:https://registry.npmjs.org/uglify-js cache-miss
3305 http fetch GET 200 https://registry.npmjs.org/wordwrap 33ms (cache miss)
3306 silly packumentCache full:https://registry.npmjs.org/wordwrap set size:undefined disposed:false
3307 http fetch GET 200 https://registry.npmjs.org/uglify-js 58ms (cache miss)
3308 silly packumentCache full:https://registry.npmjs.org/uglify-js set size:undefined disposed:false
3309 silly placeDep ROOT minimist@1.2.8 OK for: handlebars@4.7.9 want: ^1.2.5
3310 silly placeDep ROOT neo-async@2.6.2 OK for: handlebars@4.7.9 want: ^2.6.2
3311 silly placeDep node_modules/handlebars source-map@0.6.1 OK for: handlebars@4.7.9 want: ^0.6.1
3312 silly placeDep ROOT uglify-js@3.19.3 OK for: handlebars@4.7.9 want: ^3.1.4
3313 silly placeDep ROOT wordwrap@1.0.0 OK for: handlebars@4.7.9 want: ^1.0.0
3314 silly placeDep ROOT enhanced-resolve@5.22.2 OK for: ts-loader@9.6.0 want: ^5.0.0
3315 silly placeDep ROOT micromatch@4.0.8 OK for: ts-loader@9.6.0 want: ^4.0.0
3316 silly fetch manifest braces@^3.0.3
3317 silly packumentCache full:https://registry.npmjs.org/braces cache-miss
3318 silly fetch manifest picomatch@^2.3.1
3319 silly packumentCache full:https://registry.npmjs.org/picomatch cache-hit
3320 http fetch GET 200 https://registry.npmjs.org/braces 45ms (cache miss)
3321 silly packumentCache full:https://registry.npmjs.org/braces set size:undefined disposed:false
3322 silly placeDep ROOT braces@3.0.3 OK for: micromatch@4.0.8 want: ^3.0.3
3323 silly placeDep node_modules/micromatch picomatch@2.3.2 OK for: micromatch@4.0.8 want: ^2.3.1
3324 silly fetch manifest fill-range@^7.1.1
3325 silly packumentCache full:https://registry.npmjs.org/fill-range cache-miss
3326 http fetch GET 200 https://registry.npmjs.org/fill-range 40ms (cache miss)
3327 silly packumentCache full:https://registry.npmjs.org/fill-range set size:undefined disposed:false
3328 silly placeDep ROOT fill-range@7.1.1 OK for: braces@3.0.3 want: ^7.1.1
3329 silly fetch manifest to-regex-range@^5.0.1
3330 silly packumentCache full:https://registry.npmjs.org/to-regex-range cache-miss
3331 http fetch GET 200 https://registry.npmjs.org/to-regex-range 35ms (cache miss)
3332 silly packumentCache full:https://registry.npmjs.org/to-regex-range set size:undefined disposed:false
3333 silly placeDep ROOT to-regex-range@5.0.1 OK for: fill-range@7.1.1 want: ^5.0.1
3334 silly fetch manifest is-number@^7.0.0
3335 silly packumentCache full:https://registry.npmjs.org/is-number cache-miss
3336 http fetch GET 200 https://registry.npmjs.org/is-number 37ms (cache miss)
3337 silly packumentCache full:https://registry.npmjs.org/is-number set size:undefined disposed:false
3338 silly placeDep ROOT is-number@7.0.0 OK for: to-regex-range@5.0.1 want: ^7.0.0
3339 silly placeDep ROOT @cspotcode/source-map-support@0.8.1 OK for: ts-node@10.9.2 want: ^0.8.0
3340 silly placeDep ROOT @tsconfig/node10@1.0.12 OK for: ts-node@10.9.2 want: ^1.0.7
3341 silly placeDep ROOT @tsconfig/node12@1.0.11 OK for: ts-node@10.9.2 want: ^1.0.7
3342 silly placeDep ROOT @tsconfig/node14@1.0.3 OK for: ts-node@10.9.2 want: ^1.0.0
3343 silly placeDep ROOT @tsconfig/node16@1.0.4 OK for: ts-node@10.9.2 want: ^1.0.2
3344 silly placeDep ROOT acorn-walk@8.3.5 OK for: ts-node@10.9.2 want: ^8.1.1
3345 silly placeDep ROOT arg@4.1.3 OK for: ts-node@10.9.2 want: ^4.1.0
3346 silly placeDep ROOT create-require@1.1.1 OK for: ts-node@10.9.2 want: ^1.1.0
3347 silly placeDep ROOT diff@4.0.4 OK for: ts-node@10.9.2 want: ^4.0.1
3348 silly placeDep ROOT v8-compile-cache-lib@3.0.1 OK for: ts-node@10.9.2 want: ^3.0.1
3349 silly placeDep ROOT yn@3.1.1 OK for: ts-node@10.9.2 want: 3.1.1
3350 silly fetch manifest @jridgewell/trace-mapping@0.3.9
3351 silly packumentCache full:https://registry.npmjs.org/@jridgewell%2ftrace-mapping cache-hit
3352 silly placeDep node_modules/@cspotcode/source-map-support @jridgewell/trace-mapping@0.3.9 OK for: @cspotcode/source-map-support@0.8.1 want: 0.3.9
3353 silly placeDep node_modules/tsconfig-paths strip-bom@3.0.0 OK for: tsconfig-paths@4.2.0 want: ^3.0.0
3354 silly placeDep node_modules/type-is content-type@2.0.0 OK for: type-is@2.1.0 want: ^2.0.0
3355 silly placeDep ROOT media-typer@1.1.0 OK for: type-is@2.1.0 want: ^1.1.0
3356 silly fetch manifest eslint@^8.57.0 || ^9.0.0 || ^10.0.0
3357 silly packumentCache full:https://registry.npmjs.org/eslint cache-miss
3358 http cache https://registry.npmjs.org/eslint 5ms (cache hit)
3359 silly packumentCache full:https://registry.npmjs.org/eslint set size:2004222 disposed:false
3360 silly fetch manifest typescript@>=4.8.4 <6.1.0
3361 silly packumentCache full:https://registry.npmjs.org/typescript cache-miss
3362 http cache https://registry.npmjs.org/typescript 22ms (cache hit)
3363 silly packumentCache full:https://registry.npmjs.org/typescript set size:15409943 disposed:false
3364 silly placeDep ROOT @typescript-eslint/eslint-plugin@8.60.1 OK for: typescript-eslint@8.60.1 want: 8.60.1
3365 silly placeDep ROOT @typescript-eslint/parser@8.60.1 OK for: @typescript-eslint/eslint-plugin@8.60.1 want: ^8.60.1
3366 silly placeDep ROOT @typescript-eslint/typescript-estree@8.60.1 OK for: typescript-eslint@8.60.1 want: 8.60.1
3367 silly placeDep ROOT @typescript-eslint/utils@8.60.1 OK for: typescript-eslint@8.60.1 want: 8.60.1
3368 silly fetch manifest ignore@^7.0.5
3369 silly packumentCache full:https://registry.npmjs.org/ignore cache-miss
3370 silly fetch manifest ts-api-utils@^2.5.0
3371 silly packumentCache full:https://registry.npmjs.org/ts-api-utils cache-miss
3372 silly fetch manifest @typescript-eslint/type-utils@8.60.1
3373 silly packumentCache full:https://registry.npmjs.org/@typescript-eslint%2ftype-utils cache-miss
3374 silly fetch manifest @typescript-eslint/visitor-keys@8.60.1
3375 silly packumentCache full:https://registry.npmjs.org/@typescript-eslint%2fvisitor-keys cache-miss
3376 silly fetch manifest @typescript-eslint/scope-manager@8.60.1
3377 silly packumentCache full:https://registry.npmjs.org/@typescript-eslint%2fscope-manager cache-miss
3378 silly fetch manifest @typescript-eslint/types@8.60.1
3379 silly packumentCache full:https://registry.npmjs.org/@typescript-eslint%2ftypes cache-miss
3380 silly fetch manifest @typescript-eslint/visitor-keys@8.60.1
3381 silly packumentCache full:https://registry.npmjs.org/@typescript-eslint%2fvisitor-keys cache-miss
3382 http cache https://registry.npmjs.org/ignore 4ms (cache hit)
3383 silly packumentCache full:https://registry.npmjs.org/ignore set size:237380 disposed:false
3384 silly fetch manifest @typescript-eslint/scope-manager@8.60.1
3385 silly packumentCache full:https://registry.npmjs.org/@typescript-eslint%2fscope-manager cache-miss
3386 http fetch GET 200 https://registry.npmjs.org/ts-api-utils 50ms (cache miss)
3387 silly packumentCache full:https://registry.npmjs.org/ts-api-utils set size:undefined disposed:false
3388 silly fetch manifest tinyglobby@^0.2.15
3389 silly packumentCache full:https://registry.npmjs.org/tinyglobby cache-miss
3390 http fetch GET 200 https://registry.npmjs.org/tinyglobby 63ms (cache miss)
3391 silly packumentCache full:https://registry.npmjs.org/tinyglobby set size:undefined disposed:false
3392 silly fetch manifest @typescript-eslint/types@8.60.1
3393 silly packumentCache full:https://registry.npmjs.org/@typescript-eslint%2ftypes cache-miss
3394 http fetch GET 200 https://registry.npmjs.org/@typescript-eslint%2ftype-utils 377ms (cache miss)
3395 silly packumentCache full:https://registry.npmjs.org/@typescript-eslint%2ftype-utils set size:undefined disposed:false
3396 silly fetch manifest @typescript-eslint/visitor-keys@8.60.1
3397 silly packumentCache full:https://registry.npmjs.org/@typescript-eslint%2fvisitor-keys cache-miss
3398 http fetch GET 200 https://registry.npmjs.org/@typescript-eslint%2fvisitor-keys 466ms (cache miss)
3399 silly packumentCache full:https://registry.npmjs.org/@typescript-eslint%2fvisitor-keys set size:undefined disposed:false
3400 silly fetch manifest @typescript-eslint/tsconfig-utils@8.60.1
3401 silly packumentCache full:https://registry.npmjs.org/@typescript-eslint%2ftsconfig-utils cache-miss
3402 http fetch GET 200 https://registry.npmjs.org/@typescript-eslint%2fscope-manager 533ms (cache miss)
3403 silly packumentCache full:https://registry.npmjs.org/@typescript-eslint%2fscope-manager set size:undefined disposed:false
3404 silly fetch manifest @typescript-eslint/project-service@8.60.1
3405 silly packumentCache full:https://registry.npmjs.org/@typescript-eslint%2fproject-service cache-miss
3406 http fetch GET 200 https://registry.npmjs.org/@typescript-eslint%2ftypes 685ms (cache miss)
3407 silly packumentCache full:https://registry.npmjs.org/@typescript-eslint%2ftypes set size:undefined disposed:false
3408 http fetch GET 200 https://registry.npmjs.org/@typescript-eslint%2fproject-service 203ms (cache miss)
3409 silly packumentCache full:https://registry.npmjs.org/@typescript-eslint%2fproject-service set size:undefined disposed:false
3410 http fetch GET 200 https://registry.npmjs.org/@typescript-eslint%2fvisitor-keys 782ms (cache miss)
3411 silly packumentCache full:https://registry.npmjs.org/@typescript-eslint%2fvisitor-keys set size:undefined disposed:false
3412 http fetch GET 200 https://registry.npmjs.org/@typescript-eslint%2ftypes 751ms (cache miss)
3413 silly packumentCache full:https://registry.npmjs.org/@typescript-eslint%2ftypes set size:undefined disposed:false
3414 http fetch GET 200 https://registry.npmjs.org/@typescript-eslint%2fvisitor-keys 516ms (cache miss)
3415 silly packumentCache full:https://registry.npmjs.org/@typescript-eslint%2fvisitor-keys set size:undefined disposed:false
3416 http fetch GET 200 https://registry.npmjs.org/@typescript-eslint%2ftsconfig-utils 542ms (cache miss)
3417 silly packumentCache full:https://registry.npmjs.org/@typescript-eslint%2ftsconfig-utils set size:undefined disposed:false
3418 http fetch GET 200 https://registry.npmjs.org/@typescript-eslint%2fscope-manager 1122ms (cache miss)
3419 silly packumentCache full:https://registry.npmjs.org/@typescript-eslint%2fscope-manager set size:undefined disposed:false
3420 silly placeDep ROOT @typescript-eslint/scope-manager@8.60.1 OK for: @typescript-eslint/eslint-plugin@8.60.1 want: 8.60.1
3421 silly placeDep ROOT @typescript-eslint/type-utils@8.60.1 OK for: @typescript-eslint/eslint-plugin@8.60.1 want: 8.60.1
3422 silly placeDep ROOT @typescript-eslint/visitor-keys@8.60.1 OK for: @typescript-eslint/eslint-plugin@8.60.1 want: 8.60.1
3423 silly placeDep node_modules/@typescript-eslint/eslint-plugin ignore@7.0.5 OK for: @typescript-eslint/eslint-plugin@8.60.1 want: ^7.0.5
3424 silly placeDep ROOT ts-api-utils@2.5.0 OK for: @typescript-eslint/eslint-plugin@8.60.1 want: ^2.5.0
3425 silly fetch manifest eslint-visitor-keys@^5.0.0
3426 silly packumentCache full:https://registry.npmjs.org/eslint-visitor-keys cache-hit
3427 silly placeDep ROOT @typescript-eslint/types@8.60.1 OK for: @typescript-eslint/parser@8.60.1 want: 8.60.1
3428 silly placeDep ROOT @typescript-eslint/project-service@8.60.1 OK for: @typescript-eslint/typescript-estree@8.60.1 want: 8.60.1
3429 silly placeDep ROOT @typescript-eslint/tsconfig-utils@8.60.1 OK for: @typescript-eslint/typescript-estree@8.60.1 want: 8.60.1
3430 silly placeDep node_modules/@typescript-eslint/typescript-estree minimatch@10.2.5 OK for: @typescript-eslint/typescript-estree@8.60.1 want: ^10.2.2
3431 silly placeDep ROOT tinyglobby@0.2.17 OK for: @typescript-eslint/typescript-estree@8.60.1 want: ^0.2.15
3432 silly fetch manifest @typescript-eslint/tsconfig-utils@^8.60.1
3433 silly packumentCache full:https://registry.npmjs.org/@typescript-eslint%2ftsconfig-utils cache-miss
3434 silly fetch manifest fdir@^6.5.0
3435 silly packumentCache full:https://registry.npmjs.org/fdir cache-miss
3436 http cache https://registry.npmjs.org/@typescript-eslint%2ftsconfig-utils 5ms (cache hit)
3437 silly packumentCache full:https://registry.npmjs.org/@typescript-eslint%2ftsconfig-utils set size:1308444 disposed:false
3438 http fetch GET 200 https://registry.npmjs.org/fdir 45ms (cache miss)
3439 silly packumentCache full:https://registry.npmjs.org/fdir set size:undefined disposed:false
3440 silly placeDep node_modules/@typescript-eslint/visitor-keys eslint-visitor-keys@5.0.1 OK for: @typescript-eslint/visitor-keys@8.60.1 want: ^5.0.0
3441 silly fetch manifest picomatch@^4.0.4
3442 silly packumentCache full:https://registry.npmjs.org/picomatch cache-hit
3443 silly placeDep ROOT fdir@6.5.0 OK for: tinyglobby@0.2.17 want: ^6.5.0
3444 silly placeDep ROOT @lukeed/csprng@1.1.0 OK for: uid@2.0.2 want: ^1.0.0
3445 silly placeDep ROOT @unrs/resolver-binding-android-arm-eabi@1.12.2 OK for: unrs-resolver@1.12.2 want: 1.12.2
3446 silly placeDep ROOT @unrs/resolver-binding-android-arm64@1.12.2 OK for: unrs-resolver@1.12.2 want: 1.12.2
3447 silly placeDep ROOT @unrs/resolver-binding-darwin-arm64@1.12.2 OK for: unrs-resolver@1.12.2 want: 1.12.2
3448 silly placeDep ROOT @unrs/resolver-binding-darwin-x64@1.12.2 OK for: unrs-resolver@1.12.2 want: 1.12.2
3449 silly placeDep ROOT @unrs/resolver-binding-freebsd-x64@1.12.2 OK for: unrs-resolver@1.12.2 want: 1.12.2
3450 silly placeDep ROOT @unrs/resolver-binding-linux-arm-gnueabihf@1.12.2 OK for: unrs-resolver@1.12.2 want: 1.12.2
3451 silly placeDep ROOT @unrs/resolver-binding-linux-arm-musleabihf@1.12.2 OK for: unrs-resolver@1.12.2 want: 1.12.2
3452 silly placeDep ROOT @unrs/resolver-binding-linux-arm64-gnu@1.12.2 OK for: unrs-resolver@1.12.2 want: 1.12.2
3453 silly placeDep ROOT @unrs/resolver-binding-linux-arm64-musl@1.12.2 OK for: unrs-resolver@1.12.2 want: 1.12.2
3454 silly placeDep ROOT @unrs/resolver-binding-linux-loong64-gnu@1.12.2 OK for: unrs-resolver@1.12.2 want: 1.12.2
3455 silly placeDep ROOT @unrs/resolver-binding-linux-loong64-musl@1.12.2 OK for: unrs-resolver@1.12.2 want: 1.12.2
3456 silly placeDep ROOT @unrs/resolver-binding-linux-ppc64-gnu@1.12.2 OK for: unrs-resolver@1.12.2 want: 1.12.2
3457 silly placeDep ROOT @unrs/resolver-binding-linux-riscv64-gnu@1.12.2 OK for: unrs-resolver@1.12.2 want: 1.12.2
3458 silly placeDep ROOT @unrs/resolver-binding-linux-riscv64-musl@1.12.2 OK for: unrs-resolver@1.12.2 want: 1.12.2
3459 silly placeDep ROOT @unrs/resolver-binding-linux-s390x-gnu@1.12.2 OK for: unrs-resolver@1.12.2 want: 1.12.2
3460 silly placeDep ROOT @unrs/resolver-binding-linux-x64-gnu@1.12.2 OK for: unrs-resolver@1.12.2 want: 1.12.2
3461 silly placeDep ROOT @unrs/resolver-binding-linux-x64-musl@1.12.2 OK for: unrs-resolver@1.12.2 want: 1.12.2
3462 silly placeDep ROOT @unrs/resolver-binding-openharmony-arm64@1.12.2 OK for: unrs-resolver@1.12.2 want: 1.12.2
3463 silly placeDep ROOT @unrs/resolver-binding-wasm32-wasi@1.12.2 OK for: unrs-resolver@1.12.2 want: 1.12.2
3464 silly placeDep ROOT @unrs/resolver-binding-win32-arm64-msvc@1.12.2 OK for: unrs-resolver@1.12.2 want: 1.12.2
3465 silly placeDep ROOT @unrs/resolver-binding-win32-ia32-msvc@1.12.2 OK for: unrs-resolver@1.12.2 want: 1.12.2
3466 silly placeDep ROOT @unrs/resolver-binding-win32-x64-msvc@1.12.2 OK for: unrs-resolver@1.12.2 want: 1.12.2
3467 silly placeDep ROOT napi-postinstall@0.3.4 OK for: unrs-resolver@1.12.2 want: ^0.3.4
3468 silly fetch manifest @napi-rs/wasm-runtime@^1.1.4
3469 silly packumentCache full:https://registry.npmjs.org/@napi-rs%2fwasm-runtime cache-miss
3470 silly fetch manifest @emnapi/core@1.10.0
3471 silly packumentCache full:https://registry.npmjs.org/@emnapi%2fcore cache-miss
3472 silly fetch manifest @emnapi/runtime@1.10.0
3473 silly packumentCache full:https://registry.npmjs.org/@emnapi%2fruntime cache-miss
3474 http fetch GET 200 https://registry.npmjs.org/@emnapi%2fcore 44ms (cache miss)
3475 silly packumentCache full:https://registry.npmjs.org/@emnapi%2fcore set size:undefined disposed:false
3476 http fetch GET 200 https://registry.npmjs.org/@emnapi%2fruntime 55ms (cache miss)
3477 silly packumentCache full:https://registry.npmjs.org/@emnapi%2fruntime set size:undefined disposed:false
3478 http fetch GET 200 https://registry.npmjs.org/@napi-rs%2fwasm-runtime 284ms (cache miss)
3479 silly packumentCache full:https://registry.npmjs.org/@napi-rs%2fwasm-runtime set size:undefined disposed:false
3480 silly placeDep ROOT @emnapi/core@1.10.0 OK for: @unrs/resolver-binding-wasm32-wasi@1.12.2 want: 1.10.0
3481 silly placeDep ROOT @emnapi/runtime@1.10.0 OK for: @unrs/resolver-binding-wasm32-wasi@1.12.2 want: 1.10.0
3482 silly placeDep ROOT @napi-rs/wasm-runtime@1.1.4 OK for: @unrs/resolver-binding-wasm32-wasi@1.12.2 want: ^1.1.4
3483 silly fetch manifest @emnapi/wasi-threads@1.2.1
3484 silly packumentCache full:https://registry.npmjs.org/@emnapi%2fwasi-threads cache-miss
3485 silly fetch manifest @tybys/wasm-util@^0.10.1
3486 silly packumentCache full:https://registry.npmjs.org/@tybys%2fwasm-util cache-miss
3487 http fetch GET 200 https://registry.npmjs.org/@emnapi%2fwasi-threads 60ms (cache miss)
3488 silly packumentCache full:https://registry.npmjs.org/@emnapi%2fwasi-threads set size:undefined disposed:false
3489 http fetch GET 200 https://registry.npmjs.org/@tybys%2fwasm-util 61ms (cache miss)
3490 silly packumentCache full:https://registry.npmjs.org/@tybys%2fwasm-util set size:undefined disposed:false
3491 silly placeDep ROOT @emnapi/wasi-threads@1.2.1 OK for: @emnapi/core@1.10.0 want: 1.2.1
3492 silly placeDep ROOT @tybys/wasm-util@0.10.2 OK for: @napi-rs/wasm-runtime@1.1.4 want: ^0.10.1
3493 silly placeDep ROOT escalade@3.2.0 OK for: update-browserslist-db@1.2.3 want: ^3.2.0
3494 silly placeDep ROOT punycode@2.3.1 OK for: uri-js@4.4.1 want: ^2.1.0
3495 silly placeDep ROOT makeerror@1.0.12 OK for: walker@1.0.8 want: 1.0.12
3496 silly fetch manifest tmpl@1.0.5
3497 silly packumentCache full:https://registry.npmjs.org/tmpl cache-miss
3498 http fetch GET 200 https://registry.npmjs.org/tmpl 38ms (cache miss)
3499 silly packumentCache full:https://registry.npmjs.org/tmpl set size:undefined disposed:false
3500 silly placeDep ROOT tmpl@1.0.5 OK for: makeerror@1.0.12 want: 1.0.5
3501 silly placeDep ROOT defaults@1.0.4 OK for: wcwidth@1.0.1 want: ^1.0.3
3502 silly fetch manifest clone@^1.0.2
3503 silly packumentCache full:https://registry.npmjs.org/clone cache-miss
3504 http cache https://registry.npmjs.org/clone 3ms (cache hit)
3505 silly packumentCache full:https://registry.npmjs.org/clone set size:82973 disposed:false
3506 silly placeDep ROOT clone@1.0.4 OK for: defaults@1.0.4 want: ^1.0.2
3507 silly fetch manifest webpack@^5.1.0
3508 silly packumentCache full:https://registry.npmjs.org/webpack cache-miss
3509 http cache https://registry.npmjs.org/webpack 12ms (cache hit)
3510 silly packumentCache full:https://registry.npmjs.org/webpack set size:5034153 disposed:false
3511 silly placeDep ROOT @webassemblyjs/ast@1.14.1 OK for: webpack@5.107.2 want: ^1.14.1
3512 silly placeDep ROOT @webassemblyjs/wasm-edit@1.14.1 OK for: webpack@5.107.2 want: ^1.14.1
3513 silly placeDep ROOT @webassemblyjs/wasm-parser@1.14.1 OK for: webpack@5.107.2 want: ^1.14.1
3514 silly placeDep ROOT acorn-import-phases@1.0.4 OK for: webpack@5.107.2 want: ^1.0.3
3515 silly placeDep ROOT chrome-trace-event@1.0.4 OK for: webpack@5.107.2 want: ^1.0.2
3516 silly placeDep ROOT es-module-lexer@2.1.0 OK for: webpack@5.107.2 want: ^2.1.0
3517 silly placeDep node_modules/webpack eslint-scope@5.1.1 OK for: webpack@5.107.2 want: 5.1.1
3518 silly placeDep ROOT events@3.3.0 OK for: webpack@5.107.2 want: ^3.2.0
3519 silly placeDep ROOT glob-to-regexp@0.4.1 OK for: webpack@5.107.2 want: ^0.4.1
3520 silly placeDep ROOT loader-runner@4.3.2 OK for: webpack@5.107.2 want: ^4.3.2
3521 silly placeDep node_modules/webpack schema-utils@4.3.3 OK for: webpack@5.107.2 want: ^4.3.3
3522 silly placeDep ROOT terser-webpack-plugin@5.6.1 OK for: webpack@5.107.2 want: ^5.5.0
3523 silly placeDep ROOT watchpack@2.5.1 OK for: webpack@5.107.2 want: ^2.5.1
3524 silly placeDep ROOT webpack-sources@3.5.0 OK for: webpack@5.107.2 want: ^3.5.0
3525 silly fetch manifest @webassemblyjs/helper-numbers@1.13.2
3526 silly packumentCache full:https://registry.npmjs.org/@webassemblyjs%2fhelper-numbers cache-miss
3527 silly fetch manifest @webassemblyjs/helper-wasm-bytecode@1.13.2
3528 silly packumentCache full:https://registry.npmjs.org/@webassemblyjs%2fhelper-wasm-bytecode cache-miss
3529 silly fetch manifest @webassemblyjs/helper-buffer@1.14.1
3530 silly packumentCache full:https://registry.npmjs.org/@webassemblyjs%2fhelper-buffer cache-miss
3531 silly fetch manifest @webassemblyjs/helper-wasm-bytecode@1.13.2
3532 silly packumentCache full:https://registry.npmjs.org/@webassemblyjs%2fhelper-wasm-bytecode cache-miss
3533 silly fetch manifest @webassemblyjs/helper-wasm-section@1.14.1
3534 silly packumentCache full:https://registry.npmjs.org/@webassemblyjs%2fhelper-wasm-section cache-miss
3535 silly fetch manifest @webassemblyjs/wasm-gen@1.14.1
3536 silly packumentCache full:https://registry.npmjs.org/@webassemblyjs%2fwasm-gen cache-miss
3537 silly fetch manifest @webassemblyjs/wasm-opt@1.14.1
3538 silly packumentCache full:https://registry.npmjs.org/@webassemblyjs%2fwasm-opt cache-miss
3539 http cache https://registry.npmjs.org/@webassemblyjs%2fhelper-numbers 10ms (cache hit)
3540 silly packumentCache full:https://registry.npmjs.org/@webassemblyjs%2fhelper-numbers set size:23867 disposed:false
3541 silly fetch manifest @webassemblyjs/wasm-parser@1.14.1
3542 silly packumentCache full:https://registry.npmjs.org/@webassemblyjs%2fwasm-parser cache-hit
3543 silly fetch manifest @webassemblyjs/wast-printer@1.14.1
3544 silly packumentCache full:https://registry.npmjs.org/@webassemblyjs%2fwast-printer cache-miss
3545 http cache https://registry.npmjs.org/@webassemblyjs%2fhelper-buffer 10ms (cache hit)
3546 silly packumentCache full:https://registry.npmjs.org/@webassemblyjs%2fhelper-buffer set size:178406 disposed:false
3547 silly fetch manifest @webassemblyjs/helper-api-error@1.13.2
3548 silly packumentCache full:https://registry.npmjs.org/@webassemblyjs%2fhelper-api-error cache-miss
3549 http cache https://registry.npmjs.org/@webassemblyjs%2fhelper-wasm-bytecode 11ms (cache hit)
3550 silly packumentCache full:https://registry.npmjs.org/@webassemblyjs%2fhelper-wasm-bytecode set size:179356 disposed:false
3551 silly fetch manifest @webassemblyjs/ieee754@1.13.2
3552 silly packumentCache full:https://registry.npmjs.org/@webassemblyjs%2fieee754 cache-miss
3553 http cache https://registry.npmjs.org/@webassemblyjs%2fhelper-wasm-section 12ms (cache hit)
3554 silly packumentCache full:https://registry.npmjs.org/@webassemblyjs%2fhelper-wasm-section set size:191754 disposed:false
3555 silly fetch manifest @webassemblyjs/leb128@1.13.2
3556 silly packumentCache full:https://registry.npmjs.org/@webassemblyjs%2fleb128 cache-miss
3557 http cache https://registry.npmjs.org/@webassemblyjs%2fhelper-wasm-bytecode 13ms (cache hit)
3558 silly packumentCache full:https://registry.npmjs.org/@webassemblyjs%2fhelper-wasm-bytecode set size:179356 disposed:false
3559 silly packumentCache full:https://registry.npmjs.org/@webassemblyjs%2fhelper-wasm-bytecode dispose
3560 silly fetch manifest @webassemblyjs/utf8@1.13.2
3561 silly packumentCache full:https://registry.npmjs.org/@webassemblyjs%2futf8 cache-miss
3562 http cache https://registry.npmjs.org/@webassemblyjs%2fwasm-opt 13ms (cache hit)
3563 silly packumentCache full:https://registry.npmjs.org/@webassemblyjs%2fwasm-opt set size:150483 disposed:false
3564 silly fetch manifest estraverse@^4.1.1
3565 silly packumentCache full:https://registry.npmjs.org/estraverse cache-hit
3566 silly fetch manifest ajv@^8.9.0
3567 silly packumentCache full:https://registry.npmjs.org/ajv cache-miss
3568 http cache https://registry.npmjs.org/@webassemblyjs%2fwasm-gen 15ms (cache hit)
3569 silly packumentCache full:https://registry.npmjs.org/@webassemblyjs%2fwasm-gen set size:187955 disposed:false
3570 silly fetch manifest ajv-formats@^2.1.1
3571 silly packumentCache full:https://registry.npmjs.org/ajv-formats cache-hit
3572 silly fetch manifest ajv-keywords@^5.1.0
3573 silly packumentCache full:https://registry.npmjs.org/ajv-keywords cache-hit
3574 silly fetch manifest jest-worker@^27.4.5
3575 silly packumentCache full:https://registry.npmjs.org/jest-worker cache-hit
3576 silly fetch manifest schema-utils@^4.3.0
3577 silly packumentCache full:https://registry.npmjs.org/schema-utils cache-hit
3578 silly fetch manifest terser@^5.31.1
3579 silly packumentCache full:https://registry.npmjs.org/terser cache-miss
3580 http cache https://registry.npmjs.org/ajv 5ms (cache hit)
3581 silly packumentCache full:https://registry.npmjs.org/ajv set size:1142658 disposed:false
3582 http cache https://registry.npmjs.org/@webassemblyjs%2fieee754 11ms (cache hit)
3583 silly packumentCache full:https://registry.npmjs.org/@webassemblyjs%2fieee754 set size:99475 disposed:false
3584 http cache https://registry.npmjs.org/@webassemblyjs%2fhelper-api-error 13ms (cache hit)
3585 silly packumentCache full:https://registry.npmjs.org/@webassemblyjs%2fhelper-api-error set size:103778 disposed:false
3586 http cache https://registry.npmjs.org/@webassemblyjs%2fleb128 12ms (cache hit)
3587 silly packumentCache full:https://registry.npmjs.org/@webassemblyjs%2fleb128 set size:248474 disposed:false
3588 http cache https://registry.npmjs.org/@webassemblyjs%2futf8 11ms (cache hit)
3589 silly packumentCache full:https://registry.npmjs.org/@webassemblyjs%2futf8 set size:102359 disposed:false
3590 http cache https://registry.npmjs.org/@webassemblyjs%2fwast-printer 16ms (cache hit)
3591 silly packumentCache full:https://registry.npmjs.org/@webassemblyjs%2fwast-printer set size:193690 disposed:false
3592 http cache https://registry.npmjs.org/terser 10ms (cache hit)
3593 silly packumentCache full:https://registry.npmjs.org/terser set size:803566 disposed:false
3594 silly placeDep ROOT @webassemblyjs/helper-numbers@1.13.2 OK for: @webassemblyjs/ast@1.14.1 want: 1.13.2
3595 silly placeDep ROOT @webassemblyjs/helper-wasm-bytecode@1.13.2 OK for: @webassemblyjs/ast@1.14.1 want: 1.13.2
3596 silly fetch manifest @xtuc/long@4.2.2
3597 silly packumentCache full:https://registry.npmjs.org/@xtuc%2flong cache-miss
3598 silly fetch manifest @webassemblyjs/floating-point-hex-parser@1.13.2
3599 silly packumentCache full:https://registry.npmjs.org/@webassemblyjs%2ffloating-point-hex-parser cache-miss
3600 http cache https://registry.npmjs.org/@xtuc%2flong 2ms (cache hit)
3601 silly packumentCache full:https://registry.npmjs.org/@xtuc%2flong set size:23242 disposed:false
3602 http cache https://registry.npmjs.org/@webassemblyjs%2ffloating-point-hex-parser 1ms (cache hit)
3603 silly packumentCache full:https://registry.npmjs.org/@webassemblyjs%2ffloating-point-hex-parser set size:186097 disposed:false
3604 silly placeDep ROOT @webassemblyjs/floating-point-hex-parser@1.13.2 OK for: @webassemblyjs/helper-numbers@1.13.2 want: 1.13.2
3605 silly placeDep ROOT @webassemblyjs/helper-api-error@1.13.2 OK for: @webassemblyjs/helper-numbers@1.13.2 want: 1.13.2
3606 silly placeDep ROOT @xtuc/long@4.2.2 OK for: @webassemblyjs/helper-numbers@1.13.2 want: 4.2.2
3607 silly placeDep ROOT @webassemblyjs/helper-buffer@1.14.1 OK for: @webassemblyjs/wasm-edit@1.14.1 want: 1.14.1
3608 silly placeDep ROOT @webassemblyjs/helper-wasm-section@1.14.1 OK for: @webassemblyjs/wasm-edit@1.14.1 want: 1.14.1
3609 silly placeDep ROOT @webassemblyjs/wasm-gen@1.14.1 OK for: @webassemblyjs/wasm-edit@1.14.1 want: 1.14.1
3610 silly placeDep ROOT @webassemblyjs/wasm-opt@1.14.1 OK for: @webassemblyjs/wasm-edit@1.14.1 want: 1.14.1
3611 silly placeDep ROOT @webassemblyjs/wast-printer@1.14.1 OK for: @webassemblyjs/wasm-edit@1.14.1 want: 1.14.1
3612 silly placeDep ROOT @webassemblyjs/ieee754@1.13.2 OK for: @webassemblyjs/wasm-gen@1.14.1 want: 1.13.2
3613 silly placeDep ROOT @webassemblyjs/leb128@1.13.2 OK for: @webassemblyjs/wasm-gen@1.14.1 want: 1.13.2
3614 silly placeDep ROOT @webassemblyjs/utf8@1.13.2 OK for: @webassemblyjs/wasm-gen@1.14.1 want: 1.13.2
3615 silly fetch manifest @xtuc/ieee754@^1.2.0
3616 silly packumentCache full:https://registry.npmjs.org/@xtuc%2fieee754 cache-miss
3617 http cache https://registry.npmjs.org/@xtuc%2fieee754 1ms (cache hit)
3618 silly packumentCache full:https://registry.npmjs.org/@xtuc%2fieee754 set size:5495 disposed:false
3619 silly placeDep ROOT @xtuc/ieee754@1.2.0 OK for: @webassemblyjs/ieee754@1.13.2 want: ^1.2.0
3620 silly placeDep node_modules/terser-webpack-plugin jest-worker@27.5.1 OK for: terser-webpack-plugin@5.6.1 want: ^27.4.5
3621 silly placeDep node_modules/terser-webpack-plugin schema-utils@4.3.3 OK for: terser-webpack-plugin@5.6.1 want: ^4.3.0
3622 silly placeDep ROOT terser@5.48.0 OK for: terser-webpack-plugin@5.6.1 want: ^5.31.1
3623 silly fetch manifest supports-color@^8.0.0
3624 silly packumentCache full:https://registry.npmjs.org/supports-color cache-hit
3625 silly fetch manifest @jridgewell/source-map@^0.3.3
3626 silly packumentCache full:https://registry.npmjs.org/@jridgewell%2fsource-map cache-miss
3627 silly fetch manifest commander@^2.20.0
3628 silly packumentCache full:https://registry.npmjs.org/commander cache-hit
3629 http cache https://registry.npmjs.org/@jridgewell%2fsource-map 4ms (cache hit)
3630 silly packumentCache full:https://registry.npmjs.org/@jridgewell%2fsource-map set size:45204 disposed:false
3631 silly placeDep ROOT @jridgewell/source-map@0.3.11 OK for: terser@5.48.0 want: ^0.3.3
3632 silly placeDep node_modules/terser commander@2.20.3 OK for: terser@5.48.0 want: ^2.20.0
3633 silly placeDep ROOT isexe@2.0.0 OK for: which@2.0.2 want: ^2.0.0
3634 silly placeDep ROOT cliui@8.0.1 OK for: yargs@17.7.2 want: ^8.0.1
3635 silly placeDep ROOT get-caller-file@2.0.5 OK for: yargs@17.7.2 want: ^2.0.5
3636 silly placeDep ROOT require-directory@2.1.1 OK for: yargs@17.7.2 want: ^2.1.1
3637 silly placeDep ROOT y18n@5.0.8 OK for: yargs@17.7.2 want: ^5.0.5
3638 silly fetch manifest wrap-ansi@^7.0.0
3639 silly packumentCache full:https://registry.npmjs.org/wrap-ansi cache-hit
3640 silly placeDep node_modules/cliui wrap-ansi@7.0.0 OK for: cliui@8.0.1 want: ^7.0.0
3641 silly placeDep ROOT fast-uri@3.1.2 OK for: ajv@8.18.0 want: ^3.0.1
3642 silly placeDep node_modules/@angular-devkit/core json-schema-traverse@1.0.0 OK for: ajv@8.18.0 want: ^1.0.0
3643 silly placeDep ROOT require-from-string@2.0.2 OK for: ajv@8.18.0 want: ^2.0.2
3644 silly placeDep node_modules/@istanbuljs/load-nyc-config locate-path@5.0.0 OK for: find-up@4.1.0 want: ^5.0.0
3645 silly fetch manifest p-locate@^4.1.0
3646 silly packumentCache full:https://registry.npmjs.org/p-locate cache-miss
3647 http cache https://registry.npmjs.org/p-locate 2ms (cache hit)
3648 silly packumentCache full:https://registry.npmjs.org/p-locate set size:22488 disposed:false
3649 silly placeDep node_modules/@istanbuljs/load-nyc-config argparse@1.0.10 OK for: js-yaml@3.14.2 want: ^1.0.7
3650 silly fetch manifest sprintf-js@~1.0.2
3651 silly packumentCache full:https://registry.npmjs.org/sprintf-js cache-miss
3652 http fetch GET 200 https://registry.npmjs.org/sprintf-js 49ms (cache miss)
3653 silly packumentCache full:https://registry.npmjs.org/sprintf-js set size:undefined disposed:false
3654 silly placeDep ROOT sprintf-js@1.0.3 OK for: argparse@1.0.10 want: ~1.0.2
3655 silly placeDep node_modules/@istanbuljs/load-nyc-config p-locate@4.1.0 OK for: locate-path@5.0.0 want: ^4.1.0
3656 silly fetch manifest p-limit@^2.2.0
3657 silly packumentCache full:https://registry.npmjs.org/p-limit cache-miss
3658 http cache https://registry.npmjs.org/p-limit 1ms (cache hit)
3659 silly packumentCache full:https://registry.npmjs.org/p-limit set size:61867 disposed:false
3660 silly placeDep node_modules/@istanbuljs/load-nyc-config p-limit@2.3.0 OK for: p-locate@4.1.0 want: ^2.2.0
3661 silly fetch manifest p-try@^2.0.0
3662 silly packumentCache full:https://registry.npmjs.org/p-try cache-miss
3663 http fetch GET 200 https://registry.npmjs.org/p-try 31ms (cache miss)
3664 silly packumentCache full:https://registry.npmjs.org/p-try set size:undefined disposed:false
3665 silly placeDep ROOT p-try@2.2.0 OK for: p-limit@2.3.0 want: ^2.0.0
3666 silly placeDep ROOT foreground-child@3.3.1 OK for: glob@10.5.0 want: ^3.1.0
3667 silly placeDep ROOT jackspeak@3.4.3 OK for: glob@10.5.0 want: ^3.1.2
3668 silly placeDep node_modules/@jest/reporters minimatch@9.0.9 OK for: glob@10.5.0 want: ^9.0.4
3669 silly placeDep ROOT package-json-from-dist@1.0.1 OK for: glob@10.5.0 want: ^1.0.0
3670 silly placeDep node_modules/@jest/reporters path-scurry@1.11.1 OK for: glob@10.5.0 want: ^1.11.1
3671 silly fetch manifest @isaacs/cliui@^8.0.2
3672 silly packumentCache full:https://registry.npmjs.org/@isaacs%2fcliui cache-miss
3673 silly fetch manifest @pkgjs/parseargs@^0.11.0
3674 silly packumentCache full:https://registry.npmjs.org/@pkgjs%2fparseargs cache-miss
3675 silly fetch manifest brace-expansion@^2.0.2
3676 silly packumentCache full:https://registry.npmjs.org/brace-expansion cache-hit
3677 silly fetch manifest lru-cache@^10.2.0
3678 silly packumentCache full:https://registry.npmjs.org/lru-cache cache-hit
3679 http fetch GET 200 https://registry.npmjs.org/@isaacs%2fcliui 66ms (cache miss)
3680 silly packumentCache full:https://registry.npmjs.org/@isaacs%2fcliui set size:undefined disposed:false
3681 http fetch GET 200 https://registry.npmjs.org/@pkgjs%2fparseargs 67ms (cache miss)
3682 silly packumentCache full:https://registry.npmjs.org/@pkgjs%2fparseargs set size:undefined disposed:false
3683 silly placeDep ROOT @isaacs/cliui@8.0.2 OK for: jackspeak@3.4.3 want: ^8.0.2
3684 silly placeDep ROOT @pkgjs/parseargs@0.11.0 OK for: jackspeak@3.4.3 want: ^0.11.0
3685 silly fetch manifest wrap-ansi@^8.1.0
3686 silly packumentCache full:https://registry.npmjs.org/wrap-ansi cache-hit
3687 silly fetch manifest strip-ansi@^7.0.1
3688 silly packumentCache full:https://registry.npmjs.org/strip-ansi cache-hit
3689 silly fetch manifest string-width@^5.1.2
3690 silly packumentCache full:https://registry.npmjs.org/string-width cache-hit
3691 silly fetch manifest wrap-ansi-cjs@npm:wrap-ansi@^7.0.0
3692 silly packumentCache full:https://registry.npmjs.org/wrap-ansi cache-hit
3693 silly fetch manifest strip-ansi-cjs@npm:strip-ansi@^6.0.1
3694 silly packumentCache full:https://registry.npmjs.org/strip-ansi cache-hit
3695 silly fetch manifest string-width-cjs@npm:string-width@^4.2.0
3696 silly packumentCache full:https://registry.npmjs.org/string-width cache-hit
3697 silly placeDep node_modules/@isaacs/cliui string-width@5.1.2 OK for: @isaacs/cliui@8.0.2 want: ^5.1.2
3698 silly placeDep ROOT string-width-cjs@4.2.3 OK for: @isaacs/cliui@8.0.2 want: npm:string-width@^4.2.0
3699 silly placeDep node_modules/@isaacs/cliui strip-ansi@7.2.0 OK for: @isaacs/cliui@8.0.2 want: ^7.0.1
3700 silly placeDep ROOT strip-ansi-cjs@6.0.1 OK for: @isaacs/cliui@8.0.2 want: npm:strip-ansi@^6.0.1
3701 silly placeDep node_modules/@isaacs/cliui wrap-ansi@8.1.0 OK for: @isaacs/cliui@8.0.2 want: ^8.1.0
3702 silly placeDep ROOT wrap-ansi-cjs@7.0.0 OK for: @isaacs/cliui@8.0.2 want: npm:wrap-ansi@^7.0.0
3703 silly fetch manifest emoji-regex@^9.2.2
3704 silly packumentCache full:https://registry.npmjs.org/emoji-regex cache-hit
3705 silly fetch manifest eastasianwidth@^0.2.0
3706 silly packumentCache full:https://registry.npmjs.org/eastasianwidth cache-miss
3707 silly fetch manifest ansi-regex@^6.2.2
3708 silly packumentCache full:https://registry.npmjs.org/ansi-regex cache-hit
3709 silly fetch manifest ansi-styles@^6.1.0
3710 silly packumentCache full:https://registry.npmjs.org/ansi-styles cache-hit
3711 http fetch GET 200 https://registry.npmjs.org/eastasianwidth 30ms (cache miss)
3712 silly packumentCache full:https://registry.npmjs.org/eastasianwidth set size:undefined disposed:false
3713 silly placeDep ROOT eastasianwidth@0.2.0 OK for: string-width@5.1.2 want: ^0.2.0
3714 silly placeDep node_modules/@isaacs/cliui emoji-regex@9.2.2 OK for: string-width@5.1.2 want: ^9.2.2
3715 silly placeDep node_modules/@isaacs/cliui ansi-regex@6.2.2 OK for: strip-ansi@7.2.0 want: ^6.2.2
3716 silly placeDep node_modules/@isaacs/cliui ansi-styles@6.2.3 OK for: wrap-ansi@8.1.0 want: ^6.1.0
3717 silly placeDep node_modules/@jest/reporters brace-expansion@2.1.1 OK for: minimatch@9.0.9 want: ^2.0.2
3718 silly placeDep node_modules/@jest/reporters lru-cache@10.4.3 OK for: path-scurry@1.11.1 want: ^10.2.0
3719 silly placeDep ROOT @types/eslint-scope@3.7.7 OK for: webpack@5.106.0 want: ^3.7.7
3720 silly placeDep node_modules/@nestjs/cli eslint-scope@5.1.1 OK for: webpack@5.106.0 want: 5.1.1
3721 silly placeDep node_modules/@nestjs/cli mime-types@2.1.35 OK for: webpack@5.106.0 want: ^2.1.27
3722 silly placeDep node_modules/@nestjs/cli schema-utils@4.3.3 OK for: webpack@5.106.0 want: ^4.3.3
3723 silly fetch manifest @types/eslint@*
3724 silly packumentCache full:https://registry.npmjs.org/@types%2feslint cache-hit
3725 silly placeDep ROOT @types/eslint@9.6.1 OK for: @types/eslint-scope@3.7.7 want: *
3726 silly placeDep node_modules/@nestjs/cli estraverse@4.3.0 OK for: eslint-scope@5.1.1 want: ^4.1.1
3727 silly placeDep node_modules/@nestjs/cli mime-db@1.52.0 OK for: mime-types@2.1.35 want: 1.52.0
3728 silly placeDep node_modules/@nestjs/cli ajv@8.20.0 OK for: schema-utils@4.3.3 want: ^8.9.0
3729 silly placeDep node_modules/@nestjs/cli ajv-formats@2.1.1 OK for: schema-utils@4.3.3 want: ^2.1.1
3730 silly placeDep node_modules/@nestjs/cli ajv-keywords@5.1.0 OK for: schema-utils@4.3.3 want: ^5.1.0
3731 silly placeDep node_modules/@nestjs/cli json-schema-traverse@1.0.0 OK for: ajv@8.20.0 want: ^1.0.0
3732 silly placeDep node_modules/@typescript-eslint/typescript-estree brace-expansion@5.0.6 OK for: minimatch@10.2.5 want: ^5.0.5
3733 silly fetch manifest balanced-match@^4.0.2
3734 silly packumentCache full:https://registry.npmjs.org/balanced-match cache-hit
3735 silly placeDep node_modules/@typescript-eslint/typescript-estree balanced-match@4.0.4 OK for: brace-expansion@5.0.6 want: ^4.0.2
3736 silly placeDep node_modules/ajv-formats json-schema-traverse@1.0.0 OK for: ajv@8.20.0 want: ^1.0.0
3737 silly placeDep node_modules/form-data mime-db@1.52.0 OK for: mime-types@2.1.35 want: 1.52.0
3738 silly placeDep node_modules/glob brace-expansion@5.0.6 OK for: minimatch@10.2.5 want: ^5.0.5
3739 silly placeDep node_modules/glob balanced-match@4.0.4 OK for: brace-expansion@5.0.6 want: ^4.0.2
3740 silly placeDep node_modules/jest-config minimatch@9.0.9 OK for: glob@10.5.0 want: ^9.0.4
3741 silly placeDep node_modules/jest-config path-scurry@1.11.1 OK for: glob@10.5.0 want: ^1.11.1
3742 silly placeDep node_modules/jest-config brace-expansion@2.1.1 OK for: minimatch@9.0.9 want: ^2.0.2
3743 silly placeDep node_modules/jest-config lru-cache@10.4.3 OK for: path-scurry@1.11.1 want: ^10.2.0
3744 silly placeDep node_modules/jest-runner source-map@0.6.1 OK for: source-map-support@0.5.13 want: ^0.6.0
3745 silly placeDep node_modules/jest-runtime minimatch@9.0.9 OK for: glob@10.5.0 want: ^9.0.4
3746 silly placeDep node_modules/jest-runtime path-scurry@1.11.1 OK for: glob@10.5.0 want: ^1.11.1
3747 silly placeDep node_modules/jest-runtime brace-expansion@2.1.1 OK for: minimatch@9.0.9 want: ^2.0.2
3748 silly placeDep node_modules/jest-runtime lru-cache@10.4.3 OK for: path-scurry@1.11.1 want: ^10.2.0
3749 silly placeDep node_modules/multer media-typer@0.3.0 OK for: type-is@1.6.18 want: 0.3.0
3750 silly placeDep node_modules/multer mime-types@2.1.35 OK for: type-is@1.6.18 want: ~2.1.24
3751 silly placeDep node_modules/multer mime-db@1.52.0 OK for: mime-types@2.1.35 want: 1.52.0
3752 silly placeDep node_modules/pkg-dir locate-path@5.0.0 OK for: find-up@4.1.0 want: ^5.0.0
3753 silly placeDep node_modules/pkg-dir p-locate@4.1.0 OK for: locate-path@5.0.0 want: ^4.1.0
3754 silly placeDep node_modules/pkg-dir p-limit@2.3.0 OK for: p-locate@4.1.0 want: ^2.2.0
3755 silly placeDep node_modules/terser-webpack-plugin supports-color@8.1.1 OK for: jest-worker@27.5.1 want: ^8.0.0
3756 silly placeDep node_modules/terser-webpack-plugin ajv@8.20.0 OK for: schema-utils@4.3.3 want: ^8.9.0
3757 silly placeDep node_modules/terser-webpack-plugin ajv-formats@2.1.1 OK for: schema-utils@4.3.3 want: ^2.1.1
3758 silly placeDep node_modules/terser-webpack-plugin ajv-keywords@5.1.0 OK for: schema-utils@4.3.3 want: ^5.1.0
3759 silly placeDep node_modules/terser-webpack-plugin json-schema-traverse@1.0.0 OK for: ajv@8.20.0 want: ^1.0.0
3760 silly placeDep ROOT fs.realpath@1.0.0 OK for: glob@7.2.3 want: ^1.0.0
3761 silly placeDep ROOT inflight@1.0.6 OK for: glob@7.2.3 want: ^1.0.4
3762 silly placeDep ROOT path-is-absolute@1.0.1 OK for: glob@7.2.3 want: ^1.0.0
3763 silly placeDep node_modules/webpack estraverse@4.3.0 OK for: eslint-scope@5.1.1 want: ^4.1.1
3764 silly placeDep node_modules/webpack ajv@8.20.0 OK for: schema-utils@4.3.3 want: ^8.9.0
3765 silly placeDep node_modules/webpack ajv-formats@2.1.1 OK for: schema-utils@4.3.3 want: ^2.1.1
3766 silly placeDep node_modules/webpack ajv-keywords@5.1.0 OK for: schema-utils@4.3.3 want: ^5.1.0
3767 silly placeDep node_modules/webpack json-schema-traverse@1.0.0 OK for: ajv@8.20.0 want: ^1.0.0
3768 silly reify moves {}
3769 silly audit bulk request {
3769 silly audit   '@eslint/eslintrc': [ '3.3.5' ],
3769 silly audit   '@eslint/js': [ '9.39.4' ],
3769 silly audit   '@nestjs/cli': [ '11.0.21' ],
3769 silly audit   '@nestjs/common': [ '11.1.24' ],
3769 silly audit   rxjs: [ '7.8.2', '7.8.1' ],
3769 silly audit   'reflect-metadata': [ '0.2.2' ],
3769 silly audit   '@nestjs/core': [ '11.1.24' ],
3769 silly audit   '@nestjs/platform-express': [ '11.1.24' ],
3769 silly audit   '@nestjs/schematics': [ '11.1.0' ],
3769 silly audit   typescript: [ '5.9.3' ],
3769 silly audit   '@nestjs/testing': [ '11.1.24' ],
3769 silly audit   '@types/express': [ '5.0.6' ],
3769 silly audit   '@types/jest': [ '30.0.0' ],
3769 silly audit   '@types/node': [ '24.13.0' ],
3769 silly audit   '@types/supertest': [ '7.2.0' ],
3769 silly audit   eslint: [ '9.39.4' ],
3769 silly audit   'eslint-config-prettier': [ '10.1.8' ],
3769 silly audit   'eslint-plugin-prettier': [ '5.5.6' ],
3769 silly audit   prettier: [ '3.8.3' ],
3769 silly audit   globals: [ '17.6.0', '14.0.0' ],
3769 silly audit   jest: [ '30.4.2' ],
3769 silly audit   'source-map-support': [ '0.5.21', '0.5.13' ],
3769 silly audit   supertest: [ '7.2.2' ],
3769 silly audit   'ts-jest': [ '29.4.11' ],
3769 silly audit   'ts-loader': [ '9.6.0' ],
3769 silly audit   webpack: [ '5.107.2', '5.106.0' ],
3769 silly audit   'ts-node': [ '10.9.2' ],
3769 silly audit   'tsconfig-paths': [ '4.2.0' ],
3769 silly audit   'typescript-eslint': [ '8.60.1' ],
3769 silly audit   ajv: [ '6.15.0', '8.18.0', '8.20.0' ],
3769 silly audit   debug: [ '4.4.3' ],
3769 silly audit   espree: [ '10.4.0' ],
3769 silly audit   ignore: [ '5.3.2', '7.0.5' ],
3769 silly audit   'import-fresh': [ '3.3.1' ],
3769 silly audit   'js-yaml': [ '4.2.0', '3.14.2' ],
3769 silly audit   minimatch: [ '3.1.5', '10.2.5', '9.0.9' ],
3769 silly audit   'strip-json-comments': [ '3.1.1' ],
3769 silly audit   '@angular-devkit/core': [ '19.2.24' ],
3769 silly audit   '@angular-devkit/schematics': [ '19.2.24' ],
3769 silly audit   '@angular-devkit/schematics-cli': [ '19.2.24' ],
3769 silly audit   '@inquirer/prompts': [ '7.10.1', '7.3.2' ],
3769 silly audit   ansis: [ '4.2.0' ],
3769 silly audit   chokidar: [ '4.0.3' ],
3769 silly audit   'cli-table3': [ '0.6.5' ],
3769 silly audit   commander: [ '4.1.1', '2.20.3' ],
3769 silly audit   'fork-ts-checker-webpack-plugin': [ '9.1.0' ],
3769 silly audit   glob: [ '13.0.6', '10.5.0', '7.2.3' ],
3769 silly audit   'node-emoji': [ '1.11.0' ],
3769 silly audit   ora: [ '5.4.1' ],
3769 silly audit   'tsconfig-paths-webpack-plugin': [ '4.2.0' ],
3769 silly audit   'webpack-node-externals': [ '3.0.0' ],
3769 silly audit   'ajv-formats': [ '3.0.1', '2.1.1' ],
3769 silly audit   'jsonc-parser': [ '3.3.1' ],
3769 silly audit   picomatch: [ '4.0.4', '2.3.2' ],
3769 silly audit   'source-map': [ '0.7.4', '0.6.1' ],
3769 silly audit   'magic-string': [ '0.30.17' ],
3769 silly audit   'ansi-colors': [ '4.1.3' ],
3769 silly audit   'symbol-observable': [ '4.0.0' ],
3769 silly audit   'yargs-parser': [ '21.1.1' ],
3769 silly audit   '@inquirer/checkbox': [ '4.3.2' ],
3769 silly audit   '@inquirer/confirm': [ '5.1.21' ],
3769 silly audit   '@inquirer/editor': [ '4.2.23' ],
3769 silly audit   '@inquirer/expand': [ '4.0.23' ],
3769 silly audit   '@inquirer/input': [ '4.3.1' ],
3769 silly audit   '@inquirer/number': [ '3.0.23' ],
3769 silly audit   '@inquirer/password': [ '4.0.23' ],
3769 silly audit   '@inquirer/rawlist': [ '4.1.11' ],
3769 silly audit   '@inquirer/search': [ '3.2.2' ],
3769 silly audit   '@inquirer/select': [ '4.4.2' ],
3769 silly audit   '@inquirer/ansi': [ '1.0.2' ],
3769 silly audit   '@inquirer/core': [ '10.3.2' ],
3769 silly audit   '@inquirer/figures': [ '1.0.15' ],
3769 silly audit   '@inquirer/type': [ '3.0.10' ],
3769 silly audit   'yoctocolors-cjs': [ '2.1.3' ],
3769 silly audit   'cli-width': [ '4.1.0' ],
3769 silly audit   'mute-stream': [ '2.0.0' ],
3769 silly audit   'signal-exit': [ '4.1.0', '3.0.7' ],
3769 silly audit   'wrap-ansi': [ '6.2.0', '7.0.0', '8.1.0' ],
3769 silly audit   '@inquirer/external-editor': [ '1.0.3' ],
3769 silly audit   chardet: [ '2.1.1' ],
3769 silly audit   'iconv-lite': [ '0.7.2' ],
3769 silly audit   'file-type': [ '21.3.4' ],
3769 silly audit   iterare: [ '1.2.1' ],
3769 silly audit   'load-esm': [ '1.0.3' ],
3769 silly audit   tslib: [ '2.8.1' ],
3769 silly audit   uid: [ '2.0.2' ],
3769 silly audit   '@nuxt/opencollective': [ '0.4.1' ],
3769 silly audit   'fast-safe-stringify': [ '2.1.1' ],
3769 silly audit   'path-to-regexp': [ '8.4.2' ],
3769 silly audit   cors: [ '2.8.6' ],
3769 silly audit   express: [ '5.2.1' ],
3769 silly audit   multer: [ '2.1.1' ],
3769 silly audit   'comment-json': [ '5.0.0' ],
3769 silly audit   pluralize: [ '8.0.0' ],
3769 silly audit   consola: [ '3.4.2' ],
3769 silly audit   '@types/body-parser': [ '1.19.6' ],
3769 silly audit   '@types/express-serve-static-core': [ '5.1.1' ],
3769 silly audit   '@types/serve-static': [ '2.2.0' ],
3769 silly audit   '@types/connect': [ '3.4.38' ],
3769 silly audit   '@types/qs': [ '6.15.1' ],
3769 silly audit   '@types/range-parser': [ '1.2.7' ],
3769 silly audit   '@types/send': [ '1.2.1' ],
3769 silly audit   expect: [ '30.4.1' ],
3769 silly audit   'pretty-format': [ '30.4.1' ],
3769 silly audit   'undici-types': [ '7.18.2' ],
3769 silly audit   '@types/http-errors': [ '2.0.5' ],
3769 silly audit   '@types/methods': [ '1.1.4' ],
3769 silly audit   '@types/superagent': [ '8.1.10' ],
3769 silly audit   '@types/cookiejar': [ '2.1.5' ],
3769 silly audit   'form-data': [ '4.0.5' ],
3769 silly audit   'fast-deep-equal': [ '3.1.3' ],
3769 silly audit   'fast-json-stable-stringify': [ '2.1.0' ],
3769 silly audit   'json-schema-traverse': [ '0.4.1', '1.0.0' ],
3769 silly audit   'uri-js': [ '4.4.1' ],
3769 silly audit   readdirp: [ '4.1.2' ],
3769 silly audit   '@colors/colors': [ '1.5.0' ],
3769 silly audit   'string-width': [ '4.2.3', '5.1.2' ],
3769 silly audit   'array-timsort': [ '1.0.3' ],
3769 silly audit   esprima: [ '4.0.1' ],
3769 silly audit   'object-assign': [ '4.1.1' ],
3769 silly audit   vary: [ '1.1.2' ],
3769 silly audit   ms: [ '2.1.3' ],
3769 silly audit   '@eslint-community/eslint-utils': [ '4.9.1' ],
3769 silly audit   '@eslint-community/regexpp': [ '4.12.2' ],
3769 silly audit   '@eslint/config-array': [ '0.21.2' ],
3769 silly audit   '@eslint/config-helpers': [ '0.4.2' ],
3769 silly audit   '@eslint/core': [ '0.17.0' ],
3769 silly audit   '@eslint/plugin-kit': [ '0.4.1' ],
3769 silly audit   '@humanfs/node': [ '0.16.8' ],
3769 silly audit   '@humanwhocodes/module-importer': [ '1.0.1' ],
3769 silly audit   '@humanwhocodes/retry': [ '0.4.3' ],
3769 silly audit   '@types/estree': [ '1.0.9' ],
3769 silly audit   chalk: [ '4.1.2' ],
3769 silly audit   'cross-spawn': [ '7.0.6' ],
3769 silly audit   'escape-string-regexp': [ '4.0.0', '2.0.0' ],
3769 silly audit   'eslint-scope': [ '8.4.0', '5.1.1' ],
3769 silly audit   'eslint-visitor-keys': [ '4.2.1', '3.4.3', '5.0.1' ],
3769 silly audit   esquery: [ '1.7.0' ],
3769 silly audit   esutils: [ '2.0.3' ],
3769 silly audit   'file-entry-cache': [ '8.0.0' ],
3769 silly audit   'find-up': [ '5.0.0', '4.1.0' ],
3769 silly audit   'glob-parent': [ '6.0.2' ],
3769 silly audit   imurmurhash: [ '0.1.4' ],
3769 silly audit   'is-glob': [ '4.0.3' ],
3769 silly audit   'json-stable-stringify-without-jsonify': [ '1.0.1' ],
3769 silly audit   'lodash.merge': [ '4.6.2' ],
3769 silly audit   'natural-compare': [ '1.4.0' ],
3769 silly audit   optionator: [ '0.9.4' ],
3769 silly audit   '@eslint/object-schema': [ '2.1.7' ],
3769 silly audit   '@types/json-schema': [ '7.0.15' ],
3769 silly audit   levn: [ '0.4.1' ],
3769 silly audit   '@humanfs/core': [ '0.19.2' ],
3769 silly audit   '@humanfs/types': [ '0.15.0' ],
3769 silly audit   'ansi-styles': [ '4.3.0', '5.2.0', '6.2.3' ],
3769 silly audit   'supports-color': [ '7.2.0', '8.1.1' ],
3769 silly audit   'color-convert': [ '2.0.1' ],
3769 silly audit   'color-name': [ '1.1.4' ],
3769 silly audit   'path-key': [ '3.1.1' ],
3769 silly audit   'shebang-command': [ '2.0.0' ],
3769 silly audit   which: [ '2.0.2' ],
3769 silly audit   'prettier-linter-helpers': [ '1.0.1' ],
3769 silly audit   synckit: [ '0.11.13' ],
3769 silly audit   esrecurse: [ '4.3.0' ],
3769 silly audit   estraverse: [ '5.3.0', '4.3.0' ],
3769 silly audit   acorn: [ '8.16.0' ],
3769 silly audit   'acorn-jsx': [ '5.3.2' ],
3769 silly audit   '@jest/expect-utils': [ '30.4.1' ],
3769 silly audit   '@jest/get-type': [ '30.1.0' ],
3769 silly audit   'jest-matcher-utils': [ '30.4.1' ],
3769 silly audit   'jest-message-util': [ '30.4.1' ],
3769 silly audit   'jest-mock': [ '30.4.1' ],
3769 silly audit   'jest-util': [ '30.4.1' ],
3769 silly audit   accepts: [ '2.0.0' ],
3769 silly audit   'body-parser': [ '2.2.2' ],
3769 silly audit   'content-disposition': [ '1.1.0' ],
3769 silly audit   'content-type': [ '1.0.5', '2.0.0' ],
3769 silly audit   cookie: [ '0.7.2' ],
3769 silly audit   'cookie-signature': [ '1.2.2' ],
3769 silly audit   depd: [ '2.0.0' ],
3769 silly audit   encodeurl: [ '2.0.0' ],
3769 silly audit   'escape-html': [ '1.0.3' ],
3769 silly audit   etag: [ '1.8.1' ],
3769 silly audit   finalhandler: [ '2.1.1' ],
3769 silly audit   fresh: [ '2.0.0' ],
3769 silly audit   'http-errors': [ '2.0.1' ],
3769 silly audit   'merge-descriptors': [ '2.0.0' ],
3769 silly audit   'mime-types': [ '3.0.2', '2.1.35' ],
3769 silly audit   'on-finished': [ '2.4.1' ],
3769 silly audit   once: [ '1.4.0' ],
3769 silly audit   parseurl: [ '1.3.3' ],
3769 silly audit   'proxy-addr': [ '2.0.7' ],
3769 silly audit   qs: [ '6.15.2' ],
3769 silly audit   'range-parser': [ '1.2.1' ],
3769 silly audit   router: [ '2.2.0' ],
3769 silly audit   send: [ '1.2.1' ],
3769 silly audit   'serve-static': [ '2.2.1' ],
3769 silly audit   statuses: [ '2.0.2' ],
3769 silly audit   'type-is': [ '2.1.0', '1.6.18' ],
3769 silly audit   negotiator: [ '1.0.0' ],
3769 silly audit   bytes: [ '3.1.2' ],
3769 silly audit   'raw-body': [ '3.0.2' ],
3769 silly audit   'flat-cache': [ '4.0.1' ],
3769 silly audit   '@tokenizer/inflate': [ '0.4.1' ],
3769 silly audit   strtok3: [ '10.3.5' ],
3769 silly audit   'token-types': [ '6.1.2' ],
3769 silly audit   'uint8array-extras': [ '1.5.0' ],
3769 silly audit   'locate-path': [ '6.0.0', '5.0.0' ],
3769 silly audit   'path-exists': [ '4.0.0' ],
3769 silly audit   flatted: [ '3.4.2' ],
3769 silly audit   keyv: [ '4.5.4' ],
3769 silly audit   '@babel/code-frame': [ '7.29.7' ],
3769 silly audit   cosmiconfig: [ '8.3.6' ],
3769 silly audit   deepmerge: [ '4.3.1' ],
3769 silly audit   'fs-extra': [ '10.1.0' ],
3769 silly audit   memfs: [ '3.5.3' ],
3769 silly audit   'node-abort-controller': [ '3.1.1' ],
3769 silly audit   'schema-utils': [ '3.3.0', '4.3.3' ],
3769 silly audit   semver: [ '7.8.2', '6.3.1' ],
3769 silly audit   tapable: [ '2.3.3' ],
3769 silly audit   '@babel/helper-validator-identifier': [ '7.29.7' ],
3769 silly audit   'js-tokens': [ '4.0.0' ],
3769 silly audit   picocolors: [ '1.1.1' ],
3769 silly audit   'parse-json': [ '5.2.0' ],
3769 silly audit   'path-type': [ '4.0.0' ],
3769 silly audit   asynckit: [ '0.4.0' ],
3769 silly audit   'combined-stream': [ '1.0.8' ],
3769 silly audit   'es-set-tostringtag': [ '2.1.0' ],
3769 silly audit   hasown: [ '2.0.4' ],
3769 silly audit   'delayed-stream': [ '1.0.0' ],
3769 silly audit   'es-errors': [ '1.3.0' ],
3769 silly audit   'get-intrinsic': [ '1.3.0' ],
3769 silly audit   'has-tostringtag': [ '1.0.2' ],
3769 silly audit   'graceful-fs': [ '4.2.11' ],
3769 silly audit   jsonfile: [ '6.2.1' ],
3769 silly audit   universalify: [ '2.0.1' ],
3769 silly audit   'call-bind-apply-helpers': [ '1.0.2' ],
3769 silly audit   'es-define-property': [ '1.0.1' ],
3769 silly audit   'es-object-atoms': [ '1.1.2' ],
3769 silly audit   'function-bind': [ '1.1.2' ],
3769 silly audit   'get-proto': [ '1.0.1' ],
3769 silly audit   gopd: [ '1.2.0' ],
3769 silly audit   'has-symbols': [ '1.1.0' ],
3769 silly audit   'math-intrinsics': [ '1.1.0' ],
3769 silly audit   'dunder-proto': [ '1.0.1' ],
3769 silly audit   minipass: [ '7.1.3' ],
3769 silly audit   'path-scurry': [ '2.0.2', '1.11.1' ],
3769 silly audit   inherits: [ '2.0.4' ],
3769 silly audit   setprototypeof: [ '1.2.0' ],
3769 silly audit   toidentifier: [ '1.0.1' ],
3769 silly audit   'safer-buffer': [ '2.1.2' ],
3769 silly audit   'parent-module': [ '1.0.1' ],
3769 silly audit   'resolve-from': [ '4.0.0', '5.0.0' ],
3769 silly audit   'is-extglob': [ '2.1.1' ],
3769 silly audit   '@jest/core': [ '30.4.2' ],
3769 silly audit   '@jest/types': [ '30.4.1' ],
3769 silly audit   'import-local': [ '3.2.0' ],
3769 silly audit   'jest-cli': [ '30.4.2' ],
3769 silly audit   '@jest/console': [ '30.4.1' ],
3769 silly audit   '@jest/pattern': [ '30.4.0' ],
3769 silly audit   '@jest/reporters': [ '30.4.1' ],
3769 silly audit   '@jest/test-result': [ '30.4.1' ],
3769 silly audit   '@jest/transform': [ '30.4.1' ],
3769 silly audit   'ansi-escapes': [ '4.3.2' ],
3769 silly audit   'ci-info': [ '4.4.0' ],
3769 silly audit   'exit-x': [ '0.2.2' ],
3769 silly audit   'jest-changed-files': [ '30.4.1' ],
3769 silly audit   'jest-config': [ '30.4.2' ],
3769 silly audit   'jest-haste-map': [ '30.4.1' ],
3769 silly audit   'jest-regex-util': [ '30.4.0' ],
3769 silly audit   'jest-resolve': [ '30.4.1' ],
3769 silly audit   'jest-resolve-dependencies': [ '30.4.2' ],
3769 silly audit   'jest-runner': [ '30.4.2' ],
3769 silly audit   'jest-runtime': [ '30.4.2' ],
3769 silly audit   'jest-snapshot': [ '30.4.1' ],
3769 silly audit   'jest-validate': [ '30.4.1' ],
3769 silly audit   'jest-watcher': [ '30.4.1' ],
3769 silly audit   slash: [ '3.0.0' ],
3769 silly audit   '@bcoe/v8-coverage': [ '0.2.3' ],
3769 silly audit   '@jridgewell/trace-mapping': [ '0.3.31', '0.3.9' ],
3769 silly audit   'collect-v8-coverage': [ '1.0.3' ],
3769 silly audit   'istanbul-lib-coverage': [ '3.2.2' ],
3769 silly audit   'istanbul-lib-instrument': [ '6.0.3' ],
3769 silly audit   'istanbul-lib-report': [ '3.0.1' ],
3769 silly audit   'istanbul-lib-source-maps': [ '5.0.6' ],
3769 silly audit   'istanbul-reports': [ '3.2.0' ],
3769 silly audit   'jest-worker': [ '30.4.1', '27.5.1' ],
3769 silly audit   'string-length': [ '4.0.2' ],
3769 silly audit   'v8-to-istanbul': [ '9.3.0' ],
3769 silly audit   '@types/istanbul-lib-coverage': [ '2.0.6' ],
3769 silly audit   '@babel/core': [ '7.29.7' ],
3769 silly audit   'babel-plugin-istanbul': [ '7.0.1' ],
3769 silly audit   'convert-source-map': [ '2.0.0' ],
3769 silly audit   pirates: [ '4.0.7' ],
3769 silly audit   'write-file-atomic': [ '5.0.1' ],
3769 silly audit   '@babel/generator': [ '7.29.7' ],
3769 silly audit   '@babel/helper-compilation-targets': [ '7.29.7' ],
3769 silly audit   '@babel/helper-module-transforms': [ '7.29.7' ],
3769 silly audit   '@babel/helpers': [ '7.29.7' ],
3769 silly audit   '@babel/parser': [ '7.29.7' ],
3769 silly audit   '@babel/template': [ '7.29.7' ],
3769 silly audit   '@babel/traverse': [ '7.29.7' ],
3769 silly audit   '@babel/types': [ '7.29.7' ],
3769 silly audit   '@jridgewell/remapping': [ '2.3.5' ],
3769 silly audit   gensync: [ '1.0.0-beta.2' ],
3769 silly audit   json5: [ '2.2.3' ],
3769 silly audit   '@jridgewell/gen-mapping': [ '0.3.13' ],
3769 silly audit   jsesc: [ '3.1.0' ],
3769 silly audit   '@babel/compat-data': [ '7.29.7' ],
3769 silly audit   '@babel/helper-validator-option': [ '7.29.7' ],
3769 silly audit   browserslist: [ '4.28.2' ],
3769 silly audit   'lru-cache': [ '5.1.1', '11.5.1', '10.4.3' ],
3769 silly audit   '@babel/helper-module-imports': [ '7.29.7' ],
3769 silly audit   '@babel/helper-globals': [ '7.29.7' ],
3769 silly audit   '@babel/helper-string-parser': [ '7.29.7' ],
3769 silly audit   '@jest/schemas': [ '30.4.1' ],
3769 silly audit   '@types/istanbul-reports': [ '3.0.4' ],
3769 silly audit   '@types/yargs': [ '17.0.35' ],
3769 silly audit   '@sinclair/typebox': [ '0.34.49' ],
3769 silly audit   '@jridgewell/sourcemap-codec': [ '1.5.5' ],
3769 silly audit   '@jridgewell/resolve-uri': [ '3.1.2' ],
3769 silly audit   '@types/istanbul-lib-report': [ '3.0.3' ],
3769 silly audit   '@types/yargs-parser': [ '21.0.3' ],
3769 silly audit   'type-fest': [ '0.21.3', '4.41.0' ],
3769 silly audit   '@babel/helper-plugin-utils': [ '7.29.7' ],
3769 silly audit   '@istanbuljs/load-nyc-config': [ '1.1.0' ],
3769 silly audit   '@istanbuljs/schema': [ '0.1.6' ],
3769 silly audit   'test-exclude': [ '6.0.0' ],
3769 silly audit   camelcase: [ '5.3.1', '6.3.0' ],
3769 silly audit   'get-package-type': [ '0.1.0' ],
3769 silly audit   'baseline-browser-mapping': [ '2.10.33' ],
3769 silly audit   'caniuse-lite': [ '1.0.30001793' ],
3769 silly audit   'electron-to-chromium': [ '1.5.368' ],
3769 silly audit   'node-releases': [ '2.0.47' ],
3769 silly audit   'update-browserslist-db': [ '1.2.3' ],
3769 silly audit   'pkg-dir': [ '4.2.0' ],
3769 silly audit   'resolve-cwd': [ '3.0.0' ],
3769 silly audit   'make-dir': [ '4.0.0' ],
3769 silly audit   'html-escaper': [ '2.0.2' ],
3769 silly audit   execa: [ '5.1.1' ],
3769 silly audit   'p-limit': [ '3.1.0', '2.3.0' ],
3769 silly audit   'get-stream': [ '6.0.1' ],
3769 silly audit   'human-signals': [ '2.1.0' ],
3769 silly audit   'is-stream': [ '2.0.1' ],
3769 silly audit   'merge-stream': [ '2.0.0' ],
3769 silly audit   'npm-run-path': [ '4.0.1' ],
3769 silly audit   onetime: [ '5.1.2' ],
3769 silly audit   'strip-final-newline': [ '2.0.0' ],
3769 silly audit   yargs: [ '17.7.2' ],
3769 silly audit   '@jest/test-sequencer': [ '30.4.1' ],
3769 silly audit   'babel-jest': [ '30.4.1' ],
3769 silly audit   'jest-circus': [ '30.4.2' ],
3769 silly audit   'jest-docblock': [ '30.4.0' ],
3769 silly audit   'jest-environment-node': [ '30.4.1' ],
3769 silly audit   '@types/babel__core': [ '7.20.5' ],
3769 silly audit   'babel-preset-jest': [ '30.4.0' ],
3769 silly audit   '@types/babel__generator': [ '7.27.0' ],
3769 silly audit   '@types/babel__template': [ '7.4.4' ],
3769 silly audit   '@types/babel__traverse': [ '7.28.0' ],
3769 silly audit   'babel-plugin-jest-hoist': [ '30.4.0' ],
3769 silly audit   'babel-preset-current-node-syntax': [ '1.2.0' ],
3769 silly audit   '@babel/plugin-syntax-async-generators': [ '7.8.4' ],
3769 silly audit   '@babel/plugin-syntax-bigint': [ '7.8.3' ],
3769 silly audit   '@babel/plugin-syntax-class-properties': [ '7.12.13' ],
3769 silly audit   '@babel/plugin-syntax-class-static-block': [ '7.14.5' ],
3769 silly audit   '@babel/plugin-syntax-import-attributes': [ '7.29.7' ],
3769 silly audit   '@babel/plugin-syntax-import-meta': [ '7.10.4' ],
3769 silly audit   '@babel/plugin-syntax-json-strings': [ '7.8.3' ],
3769 silly audit   '@babel/plugin-syntax-logical-assignment-operators': [ '7.10.4' ],
3769 silly audit   '@babel/plugin-syntax-nullish-coalescing-operator': [ '7.8.3' ],
3769 silly audit   '@babel/plugin-syntax-numeric-separator': [ '7.10.4' ],
3769 silly audit   '@babel/plugin-syntax-object-rest-spread': [ '7.8.3' ],
3769 silly audit   '@babel/plugin-syntax-optional-catch-binding': [ '7.8.3' ],
3769 silly audit   '@babel/plugin-syntax-optional-chaining': [ '7.8.3' ],
3769 silly audit   '@babel/plugin-syntax-private-property-in-object': [ '7.14.5' ],
3769 silly audit   '@babel/plugin-syntax-top-level-await': [ '7.14.5' ],
3769 silly audit   '@jest/environment': [ '30.4.1' ],
3769 silly audit   '@jest/expect': [ '30.4.1' ],
3769 silly audit   co: [ '4.6.0' ],
3769 silly audit   dedent: [ '1.7.2' ],
3769 silly audit   'is-generator-fn': [ '2.1.0' ],
3769 silly audit   'jest-each': [ '30.4.1' ],
3769 silly audit   'pure-rand': [ '7.0.1' ],
3769 silly audit   'stack-utils': [ '2.0.6' ],
3769 silly audit   '@jest/fake-timers': [ '30.4.1' ],
3769 silly audit   '@sinonjs/fake-timers': [ '15.4.0' ],
3769 silly audit   '@sinonjs/commons': [ '3.0.1' ],
3769 silly audit   'type-detect': [ '4.0.8' ],
3769 silly audit   'detect-newline': [ '3.1.0' ],
3769 silly audit   anymatch: [ '3.1.3' ],
3769 silly audit   'fb-watchman': [ '2.0.2' ],
3769 silly audit   fsevents: [ '2.3.3' ],
3769 silly audit   walker: [ '1.0.8' ],
3769 silly audit   'normalize-path': [ '3.0.0' ],
3769 silly audit   bser: [ '2.1.1' ],
3769 silly audit   'node-int64': [ '0.4.0' ],
3769 silly audit   'jest-diff': [ '30.4.1' ],
3769 silly audit   '@jest/diff-sequences': [ '30.4.0' ],
3769 silly audit   '@types/stack-utils': [ '2.0.3' ],
3769 silly audit   'jest-pnp-resolver': [ '1.2.3' ],
3769 silly audit   'unrs-resolver': [ '1.12.2' ],
3769 silly audit   emittery: [ '0.13.1' ],
3769 silly audit   'jest-leak-detector': [ '30.4.1' ],
3769 silly audit   '@jest/globals': [ '30.4.1' ],
3769 silly audit   '@jest/source-map': [ '30.0.1' ],
3769 silly audit   'cjs-module-lexer': [ '2.2.0' ],
3769 silly audit   'strip-bom': [ '4.0.0', '3.0.0' ],
3769 silly audit   callsites: [ '3.1.0' ],
3769 silly audit   '@babel/plugin-syntax-jsx': [ '7.29.7' ],
3769 silly audit   '@babel/plugin-syntax-typescript': [ '7.29.7' ],
3769 silly audit   '@jest/snapshot-utils': [ '30.4.1' ],
3769 silly audit   leven: [ '3.1.0' ],
3769 silly audit   '@ungap/structured-clone': [ '1.3.1' ],
3769 silly audit   argparse: [ '2.0.1', '1.0.10' ],
3769 silly audit   'json-buffer': [ '3.0.1' ],
3769 silly audit   'prelude-ls': [ '1.2.1' ],
3769 silly audit   'type-check': [ '0.4.0' ],
3769 silly audit   'p-locate': [ '5.0.0', '4.1.0' ],
3769 silly audit   yallist: [ '3.1.1' ],
3769 silly audit   'fs-monkey': [ '1.1.0' ],
3769 silly audit   'mime-db': [ '1.54.0', '1.52.0' ],
3769 silly audit   'brace-expansion': [ '1.1.15', '2.1.1', '5.0.6' ],
3769 silly audit   'balanced-match': [ '1.0.2', '4.0.4' ],
3769 silly audit   'concat-map': [ '0.0.1' ],
3769 silly audit   'append-field': [ '1.0.0' ],
3769 silly audit   busboy: [ '1.6.0' ],
3769 silly audit   'concat-stream': [ '2.0.0' ],
3769 silly audit   streamsearch: [ '1.1.0' ],
3769 silly audit   'buffer-from': [ '1.1.2' ],
3769 silly audit   'readable-stream': [ '3.6.2' ],
3769 silly audit   typedarray: [ '0.0.6' ],
3769 silly audit   lodash: [ '4.18.1' ],
3769 silly audit   'ee-first': [ '1.1.1' ],
3769 silly audit   wrappy: [ '1.0.2' ],
3769 silly audit   'mimic-fn': [ '2.1.0' ],
3769 silly audit   'deep-is': [ '0.1.4' ],
3769 silly audit   'fast-levenshtein': [ '2.0.6' ],
3769 silly audit   'word-wrap': [ '1.2.5' ],
3769 silly audit   bl: [ '4.1.0' ],
3769 silly audit   'cli-cursor': [ '3.1.0' ],
3769 silly audit   'cli-spinners': [ '2.9.2' ],
3769 silly audit   'is-interactive': [ '1.0.0' ],
3769 silly audit   'is-unicode-supported': [ '0.1.0' ],
3769 silly audit   'log-symbols': [ '4.1.0' ],
3769 silly audit   'strip-ansi': [ '6.0.1', '7.2.0' ],
3769 silly audit   wcwidth: [ '1.0.1' ],
3769 silly audit   buffer: [ '5.7.1' ],
3769 silly audit   'base64-js': [ '1.5.1' ],
3769 silly audit   ieee754: [ '1.2.1' ],
3769 silly audit   'restore-cursor': [ '3.1.0' ],
3769 silly audit   'yocto-queue': [ '0.1.0' ],
3769 silly audit   'error-ex': [ '1.3.4' ],
3769 silly audit   'json-parse-even-better-errors': [ '2.3.1' ],
3769 silly audit   'lines-and-columns': [ '1.2.4' ],
3769 silly audit   'is-arrayish': [ '0.2.1' ],
3769 silly audit   'fast-diff': [ '1.3.0' ],
3769 silly audit   'react-is': [ '18.3.1', '19.2.7' ],
3769 silly audit   forwarded: [ '0.2.0' ],
3769 silly audit   'ipaddr.js': [ '1.9.1' ],
3769 silly audit   'side-channel': [ '1.1.0' ],
3769 silly audit   unpipe: [ '1.0.0' ],
3769 silly audit   string_decoder: [ '1.3.0' ],
3769 silly audit   'util-deprecate': [ '1.0.2' ],
3769 silly audit   'is-promise': [ '4.0.0' ],
3769 silly audit   'ajv-keywords': [ '3.5.2', '5.1.0' ],
3769 silly audit   'shebang-regex': [ '3.0.0' ],
3769 silly audit   'object-inspect': [ '1.13.4' ],
3769 silly audit   'side-channel-list': [ '1.0.1' ],
3769 silly audit   'side-channel-map': [ '1.0.1' ],
3769 silly audit   'side-channel-weakmap': [ '1.0.2' ],
3769 silly audit   'call-bound': [ '1.0.4' ],
3769 silly audit   'safe-buffer': [ '5.2.1' ],
3769 silly audit   'char-regex': [ '1.0.2' ],
3769 silly audit   'emoji-regex': [ '8.0.0', '9.2.2' ],
3769 silly audit   'is-fullwidth-code-point': [ '3.0.0' ],
3769 silly audit   'ansi-regex': [ '5.0.1', '6.2.2' ],
3769 silly audit   '@tokenizer/token': [ '0.3.0' ],
3769 silly audit   methods: [ '1.1.2' ],
3769 silly audit   superagent: [ '10.3.0' ],
3769 silly audit   'component-emitter': [ '1.3.1' ],
3769 silly audit   cookiejar: [ '2.1.4' ],
3769 silly audit   formidable: [ '3.5.4' ],
3769 silly audit   mime: [ '2.6.0' ],
3769 silly audit   '@paralleldrive/cuid2': [ '2.3.1' ],
3769 silly audit   dezalgo: [ '1.0.4' ],
3769 silly audit   '@noble/hashes': [ '1.8.0' ],
3769 silly audit   asap: [ '2.0.6' ],
3769 silly audit   'has-flag': [ '4.0.0' ],
3769 silly audit   '@pkgr/core': [ '0.3.6' ],
3769 silly audit   '@borewit/text-codec': [ '0.2.2' ],
3769 silly audit   'bs-logger': [ '0.2.6' ],
3769 silly audit   handlebars: [ '4.7.9' ],
3769 silly audit   'lodash.memoize': [ '4.1.2' ],
3769 silly audit   'make-error': [ '1.3.6' ],
3769 silly audit   minimist: [ '1.2.8' ],
3769 silly audit   'neo-async': [ '2.6.2' ],
3769 silly audit   'uglify-js': [ '3.19.3' ],
3769 silly audit   wordwrap: [ '1.0.0' ],
3769 silly audit   'enhanced-resolve': [ '5.22.2' ],
3769 silly audit   micromatch: [ '4.0.8' ],
3769 silly audit   braces: [ '3.0.3' ],
3769 silly audit   'fill-range': [ '7.1.1' ],
3769 silly audit   'to-regex-range': [ '5.0.1' ],
3769 silly audit   'is-number': [ '7.0.0' ],
3769 silly audit   '@cspotcode/source-map-support': [ '0.8.1' ],
3769 silly audit   '@tsconfig/node10': [ '1.0.12' ],
3769 silly audit   '@tsconfig/node12': [ '1.0.11' ],
3769 silly audit   '@tsconfig/node14': [ '1.0.3' ],
3769 silly audit   '@tsconfig/node16': [ '1.0.4' ],
3769 silly audit   'acorn-walk': [ '8.3.5' ],
3769 silly audit   arg: [ '4.1.3' ],
3769 silly audit   'create-require': [ '1.1.1' ],
3769 silly audit   diff: [ '4.0.4' ],
3769 silly audit   'v8-compile-cache-lib': [ '3.0.1' ],
3769 silly audit   yn: [ '3.1.1' ],
3769 silly audit   'media-typer': [ '1.1.0', '0.3.0' ],
3769 silly audit   '@typescript-eslint/eslint-plugin': [ '8.60.1' ],
3769 silly audit   '@typescript-eslint/parser': [ '8.60.1' ],
3769 silly audit   '@typescript-eslint/typescript-estree': [ '8.60.1' ],
3769 silly audit   '@typescript-eslint/utils': [ '8.60.1' ],
3769 silly audit   '@typescript-eslint/scope-manager': [ '8.60.1' ],
3769 silly audit   '@typescript-eslint/type-utils': [ '8.60.1' ],
3769 silly audit   '@typescript-eslint/visitor-keys': [ '8.60.1' ],
3769 silly audit   'ts-api-utils': [ '2.5.0' ],
3769 silly audit   '@typescript-eslint/types': [ '8.60.1' ],
3769 silly audit   '@typescript-eslint/project-service': [ '8.60.1' ],
3769 silly audit   '@typescript-eslint/tsconfig-utils': [ '8.60.1' ],
3769 silly audit   tinyglobby: [ '0.2.17' ],
3769 silly audit   fdir: [ '6.5.0' ],
3769 silly audit   '@lukeed/csprng': [ '1.1.0' ],
3769 silly audit   '@unrs/resolver-binding-android-arm-eabi': [ '1.12.2' ],
3769 silly audit   '@unrs/resolver-binding-android-arm64': [ '1.12.2' ],
3769 silly audit   '@unrs/resolver-binding-darwin-arm64': [ '1.12.2' ],
3769 silly audit   '@unrs/resolver-binding-darwin-x64': [ '1.12.2' ],
3769 silly audit   '@unrs/resolver-binding-freebsd-x64': [ '1.12.2' ],
3769 silly audit   '@unrs/resolver-binding-linux-arm-gnueabihf': [ '1.12.2' ],
3769 silly audit   '@unrs/resolver-binding-linux-arm-musleabihf': [ '1.12.2' ],
3769 silly audit   '@unrs/resolver-binding-linux-arm64-gnu': [ '1.12.2' ],
3769 silly audit   '@unrs/resolver-binding-linux-arm64-musl': [ '1.12.2' ],
3769 silly audit   '@unrs/resolver-binding-linux-loong64-gnu': [ '1.12.2' ],
3769 silly audit   '@unrs/resolver-binding-linux-loong64-musl': [ '1.12.2' ],
3769 silly audit   '@unrs/resolver-binding-linux-ppc64-gnu': [ '1.12.2' ],
3769 silly audit   '@unrs/resolver-binding-linux-riscv64-gnu': [ '1.12.2' ],
3769 silly audit   '@unrs/resolver-binding-linux-riscv64-musl': [ '1.12.2' ],
3769 silly audit   '@unrs/resolver-binding-linux-s390x-gnu': [ '1.12.2' ],
3769 silly audit   '@unrs/resolver-binding-linux-x64-gnu': [ '1.12.2' ],
3769 silly audit   '@unrs/resolver-binding-linux-x64-musl': [ '1.12.2' ],
3769 silly audit   '@unrs/resolver-binding-openharmony-arm64': [ '1.12.2' ],
3769 silly audit   '@unrs/resolver-binding-wasm32-wasi': [ '1.12.2' ],
3769 silly audit   '@unrs/resolver-binding-win32-arm64-msvc': [ '1.12.2' ],
3769 silly audit   '@unrs/resolver-binding-win32-ia32-msvc': [ '1.12.2' ],
3769 silly audit   '@unrs/resolver-binding-win32-x64-msvc': [ '1.12.2' ],
3769 silly audit   'napi-postinstall': [ '0.3.4' ],
3769 silly audit   '@emnapi/core': [ '1.10.0' ],
3769 silly audit   '@emnapi/runtime': [ '1.10.0' ],
3769 silly audit   '@napi-rs/wasm-runtime': [ '1.1.4' ],
3769 silly audit   '@emnapi/wasi-threads': [ '1.2.1' ],
3769 silly audit   '@tybys/wasm-util': [ '0.10.2' ],
3769 silly audit   escalade: [ '3.2.0' ],
3769 silly audit   punycode: [ '2.3.1' ],
3769 silly audit   makeerror: [ '1.0.12' ],
3769 silly audit   tmpl: [ '1.0.5' ],
3769 silly audit   defaults: [ '1.0.4' ],
3769 silly audit   clone: [ '1.0.4' ],
3769 silly audit   '@webassemblyjs/ast': [ '1.14.1' ],
3769 silly audit   '@webassemblyjs/wasm-edit': [ '1.14.1' ],
3769 silly audit   '@webassemblyjs/wasm-parser': [ '1.14.1' ],
3769 silly audit   'acorn-import-phases': [ '1.0.4' ],
3769 silly audit   'chrome-trace-event': [ '1.0.4' ],
3769 silly audit   'es-module-lexer': [ '2.1.0' ],
3769 silly audit   events: [ '3.3.0' ],
3769 silly audit   'glob-to-regexp': [ '0.4.1' ],
3769 silly audit   'loader-runner': [ '4.3.2' ],
3769 silly audit   'terser-webpack-plugin': [ '5.6.1' ],
3769 silly audit   watchpack: [ '2.5.1' ],
3769 silly audit   'webpack-sources': [ '3.5.0' ],
3769 silly audit   '@webassemblyjs/helper-numbers': [ '1.13.2' ],
3769 silly audit   '@webassemblyjs/helper-wasm-bytecode': [ '1.13.2' ],
3769 silly audit   '@webassemblyjs/floating-point-hex-parser': [ '1.13.2' ],
3769 silly audit   '@webassemblyjs/helper-api-error': [ '1.13.2' ],
3769 silly audit   '@xtuc/long': [ '4.2.2' ],
3769 silly audit   '@webassemblyjs/helper-buffer': [ '1.14.1' ],
3769 silly audit   '@webassemblyjs/helper-wasm-section': [ '1.14.1' ],
3769 silly audit   '@webassemblyjs/wasm-gen': [ '1.14.1' ],
3769 silly audit   '@webassemblyjs/wasm-opt': [ '1.14.1' ],
3769 silly audit   '@webassemblyjs/wast-printer': [ '1.14.1' ],
3769 silly audit   '@webassemblyjs/ieee754': [ '1.13.2' ],
3769 silly audit   '@webassemblyjs/leb128': [ '1.13.2' ],
3769 silly audit   '@webassemblyjs/utf8': [ '1.13.2' ],
3769 silly audit   '@xtuc/ieee754': [ '1.2.0' ],
3769 silly audit   terser: [ '5.48.0' ],
3769 silly audit   '@jridgewell/source-map': [ '0.3.11' ],
3769 silly audit   isexe: [ '2.0.0' ],
3769 silly audit   cliui: [ '8.0.1' ],
3769 silly audit   'get-caller-file': [ '2.0.5' ],
3769 silly audit   'require-directory': [ '2.1.1' ],
3769 silly audit   y18n: [ '5.0.8' ],
3769 silly audit   'fast-uri': [ '3.1.2' ],
3769 silly audit   'require-from-string': [ '2.0.2' ],
3769 silly audit   'sprintf-js': [ '1.0.3' ],
3769 silly audit   'p-try': [ '2.2.0' ],
3769 silly audit   'foreground-child': [ '3.3.1' ],
3769 silly audit   jackspeak: [ '3.4.3' ],
3769 silly audit   'package-json-from-dist': [ '1.0.1' ],
3769 silly audit   '@isaacs/cliui': [ '8.0.2' ],
3769 silly audit   '@pkgjs/parseargs': [ '0.11.0' ],
3769 silly audit   eastasianwidth: [ '0.2.0' ],
3769 silly audit   '@types/eslint-scope': [ '3.7.7' ],
3769 silly audit   '@types/eslint': [ '9.6.1' ],
3769 silly audit   'fs.realpath': [ '1.0.0' ],
3769 silly audit   inflight: [ '1.0.6' ],
3769 silly audit   'path-is-absolute': [ '1.0.1' ]
3769 silly audit }
3770 http cache path-is-absolute@https://registry.npmjs.org/path-is-absolute/-/path-is-absolute-1.0.1.tgz 0ms (cache hit)
3771 http cache fs.realpath@https://registry.npmjs.org/fs.realpath/-/fs.realpath-1.0.0.tgz 0ms (cache hit)
3772 http cache @types/eslint-scope@https://registry.npmjs.org/@types/eslint-scope/-/eslint-scope-3.7.7.tgz 0ms (cache hit)
3773 http cache @types/eslint@https://registry.npmjs.org/@types/eslint/-/eslint-9.6.1.tgz 0ms (cache hit)
3774 http cache inflight@https://registry.npmjs.org/inflight/-/inflight-1.0.6.tgz 0ms (cache hit)
3775 http cache eastasianwidth@https://registry.npmjs.org/eastasianwidth/-/eastasianwidth-0.2.0.tgz 0ms (cache hit)
3776 http cache wrap-ansi-cjs@https://registry.npmjs.org/wrap-ansi/-/wrap-ansi-7.0.0.tgz 0ms (cache hit)
3777 http cache package-json-from-dist@https://registry.npmjs.org/package-json-from-dist/-/package-json-from-dist-1.0.1.tgz 0ms (cache hit)
3778 http cache @pkgjs/parseargs@https://registry.npmjs.org/@pkgjs/parseargs/-/parseargs-0.11.0.tgz 0ms (cache hit)
3779 http cache string-width-cjs@https://registry.npmjs.org/string-width/-/string-width-4.2.3.tgz 0ms (cache hit)
3780 http cache jackspeak@https://registry.npmjs.org/jackspeak/-/jackspeak-3.4.3.tgz 0ms (cache hit)
3781 http cache foreground-child@https://registry.npmjs.org/foreground-child/-/foreground-child-3.3.1.tgz 0ms (cache hit)
3782 http cache @isaacs/cliui@https://registry.npmjs.org/@isaacs/cliui/-/cliui-8.0.2.tgz 0ms (cache hit)
3783 http cache p-try@https://registry.npmjs.org/p-try/-/p-try-2.2.0.tgz 0ms (cache hit)
3784 http cache sprintf-js@https://registry.npmjs.org/sprintf-js/-/sprintf-js-1.0.3.tgz 0ms (cache hit)
3785 http cache fast-uri@https://registry.npmjs.org/fast-uri/-/fast-uri-3.1.2.tgz 0ms (cache hit)
3786 http cache require-from-string@https://registry.npmjs.org/require-from-string/-/require-from-string-2.0.2.tgz 0ms (cache hit)
3787 http cache y18n@https://registry.npmjs.org/y18n/-/y18n-5.0.8.tgz 0ms (cache hit)
3788 http cache get-caller-file@https://registry.npmjs.org/get-caller-file/-/get-caller-file-2.0.5.tgz 0ms (cache hit)
3789 http cache require-directory@https://registry.npmjs.org/require-directory/-/require-directory-2.1.1.tgz 0ms (cache hit)
3790 http cache cliui@https://registry.npmjs.org/cliui/-/cliui-8.0.1.tgz 0ms (cache hit)
3791 http cache strip-ansi-cjs@https://registry.npmjs.org/strip-ansi/-/strip-ansi-6.0.1.tgz 0ms (cache hit)
3792 http cache isexe@https://registry.npmjs.org/isexe/-/isexe-2.0.0.tgz 0ms (cache hit)
3793 http cache @webassemblyjs/utf8@https://registry.npmjs.org/@webassemblyjs/utf8/-/utf8-1.13.2.tgz 0ms (cache hit)
3794 http cache terser@https://registry.npmjs.org/terser/-/terser-5.48.0.tgz 0ms (cache hit)
3795 http cache @xtuc/ieee754@https://registry.npmjs.org/@xtuc/ieee754/-/ieee754-1.2.0.tgz 0ms (cache hit)
3796 http cache @webassemblyjs/wast-printer@https://registry.npmjs.org/@webassemblyjs/wast-printer/-/wast-printer-1.14.1.tgz 0ms (cache hit)
3797 http cache @webassemblyjs/ieee754@https://registry.npmjs.org/@webassemblyjs/ieee754/-/ieee754-1.13.2.tgz 0ms (cache hit)
3798 http cache @webassemblyjs/leb128@https://registry.npmjs.org/@webassemblyjs/leb128/-/leb128-1.13.2.tgz 0ms (cache hit)
3799 http cache @webassemblyjs/wasm-gen@https://registry.npmjs.org/@webassemblyjs/wasm-gen/-/wasm-gen-1.14.1.tgz 0ms (cache hit)
3800 http cache @webassemblyjs/helper-buffer@https://registry.npmjs.org/@webassemblyjs/helper-buffer/-/helper-buffer-1.14.1.tgz 0ms (cache hit)
3801 http cache @jridgewell/source-map@https://registry.npmjs.org/@jridgewell/source-map/-/source-map-0.3.11.tgz 0ms (cache hit)
3802 http cache @xtuc/long@https://registry.npmjs.org/@xtuc/long/-/long-4.2.2.tgz 0ms (cache hit)
3803 http cache @webassemblyjs/wasm-opt@https://registry.npmjs.org/@webassemblyjs/wasm-opt/-/wasm-opt-1.14.1.tgz 0ms (cache hit)
3804 http cache @webassemblyjs/helper-numbers@https://registry.npmjs.org/@webassemblyjs/helper-numbers/-/helper-numbers-1.13.2.tgz 0ms (cache hit)
3805 http cache @webassemblyjs/floating-point-hex-parser@https://registry.npmjs.org/@webassemblyjs/floating-point-hex-parser/-/floating-point-hex-parser-1.13.2.tgz 0ms (cache hit)
3806 http cache @webassemblyjs/helper-wasm-section@https://registry.npmjs.org/@webassemblyjs/helper-wasm-section/-/helper-wasm-section-1.14.1.tgz 0ms (cache hit)
3807 http cache webpack-sources@https://registry.npmjs.org/webpack-sources/-/webpack-sources-3.5.0.tgz 0ms (cache hit)
3808 http cache @webassemblyjs/helper-wasm-bytecode@https://registry.npmjs.org/@webassemblyjs/helper-wasm-bytecode/-/helper-wasm-bytecode-1.13.2.tgz 0ms (cache hit)
3809 http cache loader-runner@https://registry.npmjs.org/loader-runner/-/loader-runner-4.3.2.tgz 0ms (cache hit)
3810 http cache terser-webpack-plugin@https://registry.npmjs.org/terser-webpack-plugin/-/terser-webpack-plugin-5.6.1.tgz 0ms (cache hit)
3811 http cache watchpack@https://registry.npmjs.org/watchpack/-/watchpack-2.5.1.tgz 0ms (cache hit)
3812 http cache @webassemblyjs/helper-api-error@https://registry.npmjs.org/@webassemblyjs/helper-api-error/-/helper-api-error-1.13.2.tgz 0ms (cache hit)
3813 http cache glob-to-regexp@https://registry.npmjs.org/glob-to-regexp/-/glob-to-regexp-0.4.1.tgz 0ms (cache hit)
3814 http cache es-module-lexer@https://registry.npmjs.org/es-module-lexer/-/es-module-lexer-2.1.0.tgz 0ms (cache hit)
3815 http cache chrome-trace-event@https://registry.npmjs.org/chrome-trace-event/-/chrome-trace-event-1.0.4.tgz 0ms (cache hit)
3816 http cache acorn-import-phases@https://registry.npmjs.org/acorn-import-phases/-/acorn-import-phases-1.0.4.tgz 0ms (cache hit)
3817 http cache @webassemblyjs/wasm-edit@https://registry.npmjs.org/@webassemblyjs/wasm-edit/-/wasm-edit-1.14.1.tgz 0ms (cache hit)
3818 http cache clone@https://registry.npmjs.org/clone/-/clone-1.0.4.tgz 0ms (cache hit)
3819 http cache tmpl@https://registry.npmjs.org/tmpl/-/tmpl-1.0.5.tgz 0ms (cache hit)
3820 http cache defaults@https://registry.npmjs.org/defaults/-/defaults-1.0.4.tgz 0ms (cache hit)
3821 http cache @webassemblyjs/wasm-parser@https://registry.npmjs.org/@webassemblyjs/wasm-parser/-/wasm-parser-1.14.1.tgz 0ms (cache hit)
3822 http cache makeerror@https://registry.npmjs.org/makeerror/-/makeerror-1.0.12.tgz 0ms (cache hit)
3823 http cache @webassemblyjs/ast@https://registry.npmjs.org/@webassemblyjs/ast/-/ast-1.14.1.tgz 0ms (cache hit)
3824 http cache punycode@https://registry.npmjs.org/punycode/-/punycode-2.3.1.tgz 0ms (cache hit)
3825 http cache napi-postinstall@https://registry.npmjs.org/napi-postinstall/-/napi-postinstall-0.3.4.tgz 0ms (cache hit)
3826 http cache escalade@https://registry.npmjs.org/escalade/-/escalade-3.2.0.tgz 0ms (cache hit)
3827 http cache @unrs/resolver-binding-darwin-arm64@https://registry.npmjs.org/@unrs/resolver-binding-darwin-arm64/-/resolver-binding-darwin-arm64-1.12.2.tgz 0ms (cache hit)
3828 http cache fdir@https://registry.npmjs.org/fdir/-/fdir-6.5.0.tgz 0ms (cache hit)
3829 http cache @lukeed/csprng@https://registry.npmjs.org/@lukeed/csprng/-/csprng-1.1.0.tgz 0ms (cache hit)
3830 http cache tinyglobby@https://registry.npmjs.org/tinyglobby/-/tinyglobby-0.2.17.tgz 0ms (cache hit)
3831 http cache events@https://registry.npmjs.org/events/-/events-3.3.0.tgz 0ms (cache hit)
3832 http cache @typescript-eslint/tsconfig-utils@https://registry.npmjs.org/@typescript-eslint/tsconfig-utils/-/tsconfig-utils-8.60.1.tgz 0ms (cache hit)
3833 http cache @typescript-eslint/project-service@https://registry.npmjs.org/@typescript-eslint/project-service/-/project-service-8.60.1.tgz 0ms (cache hit)
3834 http cache @typescript-eslint/types@https://registry.npmjs.org/@typescript-eslint/types/-/types-8.60.1.tgz 0ms (cache hit)
3835 http cache @typescript-eslint/visitor-keys@https://registry.npmjs.org/@typescript-eslint/visitor-keys/-/visitor-keys-8.60.1.tgz 0ms (cache hit)
3836 http cache @typescript-eslint/scope-manager@https://registry.npmjs.org/@typescript-eslint/scope-manager/-/scope-manager-8.60.1.tgz 0ms (cache hit)
3837 http cache @typescript-eslint/type-utils@https://registry.npmjs.org/@typescript-eslint/type-utils/-/type-utils-8.60.1.tgz 0ms (cache hit)
3838 http cache @typescript-eslint/utils@https://registry.npmjs.org/@typescript-eslint/utils/-/utils-8.60.1.tgz 0ms (cache hit)
3839 http cache @typescript-eslint/typescript-estree@https://registry.npmjs.org/@typescript-eslint/typescript-estree/-/typescript-estree-8.60.1.tgz 0ms (cache hit)
3840 http cache @typescript-eslint/parser@https://registry.npmjs.org/@typescript-eslint/parser/-/parser-8.60.1.tgz 0ms (cache hit)
3841 http cache @typescript-eslint/eslint-plugin@https://registry.npmjs.org/@typescript-eslint/eslint-plugin/-/eslint-plugin-8.60.1.tgz 0ms (cache hit)
3842 http cache yn@https://registry.npmjs.org/yn/-/yn-3.1.1.tgz 0ms (cache hit)
3843 http cache media-typer@https://registry.npmjs.org/media-typer/-/media-typer-1.1.0.tgz 0ms (cache hit)
3844 http cache diff@https://registry.npmjs.org/diff/-/diff-4.0.4.tgz 0ms (cache hit)
3845 http cache arg@https://registry.npmjs.org/arg/-/arg-4.1.3.tgz 0ms (cache hit)
3846 http cache create-require@https://registry.npmjs.org/create-require/-/create-require-1.1.1.tgz 0ms (cache hit)
3847 http cache v8-compile-cache-lib@https://registry.npmjs.org/v8-compile-cache-lib/-/v8-compile-cache-lib-3.0.1.tgz 0ms (cache hit)
3848 http cache acorn-walk@https://registry.npmjs.org/acorn-walk/-/acorn-walk-8.3.5.tgz 0ms (cache hit)
3849 http cache @tsconfig/node16@https://registry.npmjs.org/@tsconfig/node16/-/node16-1.0.4.tgz 0ms (cache hit)
3850 http cache @tsconfig/node12@https://registry.npmjs.org/@tsconfig/node12/-/node12-1.0.11.tgz 0ms (cache hit)
3851 http cache @tsconfig/node14@https://registry.npmjs.org/@tsconfig/node14/-/node14-1.0.3.tgz 0ms (cache hit)
3852 http cache ts-api-utils@https://registry.npmjs.org/ts-api-utils/-/ts-api-utils-2.5.0.tgz 0ms (cache hit)
3853 http cache to-regex-range@https://registry.npmjs.org/to-regex-range/-/to-regex-range-5.0.1.tgz 0ms (cache hit)
3854 http cache @cspotcode/source-map-support@https://registry.npmjs.org/@cspotcode/source-map-support/-/source-map-support-0.8.1.tgz 0ms (cache hit)
3855 http cache @tsconfig/node10@https://registry.npmjs.org/@tsconfig/node10/-/node10-1.0.12.tgz 0ms (cache hit)
3856 http cache braces@https://registry.npmjs.org/braces/-/braces-3.0.3.tgz 0ms (cache hit)
3857 http cache micromatch@https://registry.npmjs.org/micromatch/-/micromatch-4.0.8.tgz 0ms (cache hit)
3858 http cache wordwrap@https://registry.npmjs.org/wordwrap/-/wordwrap-1.0.0.tgz 0ms (cache hit)
3859 http cache enhanced-resolve@https://registry.npmjs.org/enhanced-resolve/-/enhanced-resolve-5.22.2.tgz 0ms (cache hit)
3860 http cache uglify-js@https://registry.npmjs.org/uglify-js/-/uglify-js-3.19.3.tgz 0ms (cache hit)
3861 http cache is-number@https://registry.npmjs.org/is-number/-/is-number-7.0.0.tgz 0ms (cache hit)
3862 http cache neo-async@https://registry.npmjs.org/neo-async/-/neo-async-2.6.2.tgz 0ms (cache hit)
3863 http cache make-error@https://registry.npmjs.org/make-error/-/make-error-1.3.6.tgz 0ms (cache hit)
3864 http cache lodash.memoize@https://registry.npmjs.org/lodash.memoize/-/lodash.memoize-4.1.2.tgz 0ms (cache hit)
3865 http cache bs-logger@https://registry.npmjs.org/bs-logger/-/bs-logger-0.2.6.tgz 0ms (cache hit)
3866 http cache minimist@https://registry.npmjs.org/minimist/-/minimist-1.2.8.tgz 0ms (cache hit)
3867 http cache handlebars@https://registry.npmjs.org/handlebars/-/handlebars-4.7.9.tgz 0ms (cache hit)
3868 http cache fill-range@https://registry.npmjs.org/fill-range/-/fill-range-7.1.1.tgz 0ms (cache hit)
3869 http cache @borewit/text-codec@https://registry.npmjs.org/@borewit/text-codec/-/text-codec-0.2.2.tgz 0ms (cache hit)
3870 http cache @noble/hashes@https://registry.npmjs.org/@noble/hashes/-/hashes-1.8.0.tgz 0ms (cache hit)
3871 http cache has-flag@https://registry.npmjs.org/has-flag/-/has-flag-4.0.0.tgz 0ms (cache hit)
3872 http cache dezalgo@https://registry.npmjs.org/dezalgo/-/dezalgo-1.0.4.tgz 0ms (cache hit)
3873 http cache asap@https://registry.npmjs.org/asap/-/asap-2.0.6.tgz 0ms (cache hit)
3874 http cache @paralleldrive/cuid2@https://registry.npmjs.org/@paralleldrive/cuid2/-/cuid2-2.3.1.tgz 0ms (cache hit)
3875 http cache mime@https://registry.npmjs.org/mime/-/mime-2.6.0.tgz 0ms (cache hit)
3876 http cache cookiejar@https://registry.npmjs.org/cookiejar/-/cookiejar-2.1.4.tgz 0ms (cache hit)
3877 http cache superagent@https://registry.npmjs.org/superagent/-/superagent-10.3.0.tgz 0ms (cache hit)
3878 http cache formidable@https://registry.npmjs.org/formidable/-/formidable-3.5.4.tgz 0ms (cache hit)
3879 http cache methods@https://registry.npmjs.org/methods/-/methods-1.1.2.tgz 0ms (cache hit)
3880 http cache component-emitter@https://registry.npmjs.org/component-emitter/-/component-emitter-1.3.1.tgz 0ms (cache hit)
3881 http cache ansi-regex@https://registry.npmjs.org/ansi-regex/-/ansi-regex-5.0.1.tgz 0ms (cache hit)
3882 http cache safe-buffer@https://registry.npmjs.org/safe-buffer/-/safe-buffer-5.2.1.tgz 0ms (cache hit)
3883 http cache char-regex@https://registry.npmjs.org/char-regex/-/char-regex-1.0.2.tgz 0ms (cache hit)
3884 http cache is-fullwidth-code-point@https://registry.npmjs.org/is-fullwidth-code-point/-/is-fullwidth-code-point-3.0.0.tgz 0ms (cache hit)
3885 http cache emoji-regex@https://registry.npmjs.org/emoji-regex/-/emoji-regex-8.0.0.tgz 0ms (cache hit)
3886 http cache call-bound@https://registry.npmjs.org/call-bound/-/call-bound-1.0.4.tgz 0ms (cache hit)
3887 http cache @tokenizer/token@https://registry.npmjs.org/@tokenizer/token/-/token-0.3.0.tgz 0ms (cache hit)
3888 http cache side-channel-weakmap@https://registry.npmjs.org/side-channel-weakmap/-/side-channel-weakmap-1.0.2.tgz 0ms (cache hit)
3889 http cache side-channel-list@https://registry.npmjs.org/side-channel-list/-/side-channel-list-1.0.1.tgz 0ms (cache hit)
3890 http cache side-channel-map@https://registry.npmjs.org/side-channel-map/-/side-channel-map-1.0.1.tgz 0ms (cache hit)
3891 http cache object-inspect@https://registry.npmjs.org/object-inspect/-/object-inspect-1.13.4.tgz 0ms (cache hit)
3892 http cache shebang-regex@https://registry.npmjs.org/shebang-regex/-/shebang-regex-3.0.0.tgz 0ms (cache hit)
3893 http cache @pkgr/core@https://registry.npmjs.org/@pkgr/core/-/core-0.3.6.tgz 0ms (cache hit)
3894 http cache ajv-keywords@https://registry.npmjs.org/ajv-keywords/-/ajv-keywords-3.5.2.tgz 0ms (cache hit)
3895 http cache util-deprecate@https://registry.npmjs.org/util-deprecate/-/util-deprecate-1.0.2.tgz 0ms (cache hit)
3896 http cache is-promise@https://registry.npmjs.org/is-promise/-/is-promise-4.0.0.tgz 0ms (cache hit)
3897 http cache unpipe@https://registry.npmjs.org/unpipe/-/unpipe-1.0.0.tgz 0ms (cache hit)
3898 http cache string_decoder@https://registry.npmjs.org/string_decoder/-/string_decoder-1.3.0.tgz 0ms (cache hit)
3899 http cache side-channel@https://registry.npmjs.org/side-channel/-/side-channel-1.1.0.tgz 0ms (cache hit)
3900 http cache react-is-18@https://registry.npmjs.org/react-is/-/react-is-18.3.1.tgz 0ms (cache hit)
3901 http cache is-arrayish@https://registry.npmjs.org/is-arrayish/-/is-arrayish-0.2.1.tgz 0ms (cache hit)
3902 http cache forwarded@https://registry.npmjs.org/forwarded/-/forwarded-0.2.0.tgz 0ms (cache hit)
3903 http cache fast-diff@https://registry.npmjs.org/fast-diff/-/fast-diff-1.3.0.tgz 0ms (cache hit)
3904 http cache error-ex@https://registry.npmjs.org/error-ex/-/error-ex-1.3.4.tgz 0ms (cache hit)
3905 http cache lines-and-columns@https://registry.npmjs.org/lines-and-columns/-/lines-and-columns-1.2.4.tgz 0ms (cache hit)
3906 http cache json-parse-even-better-errors@https://registry.npmjs.org/json-parse-even-better-errors/-/json-parse-even-better-errors-2.3.1.tgz 0ms (cache hit)
3907 http cache yocto-queue@https://registry.npmjs.org/yocto-queue/-/yocto-queue-0.1.0.tgz 0ms (cache hit)
3908 http cache ieee754@https://registry.npmjs.org/ieee754/-/ieee754-1.2.1.tgz 0ms (cache hit)
3909 http cache restore-cursor@https://registry.npmjs.org/restore-cursor/-/restore-cursor-3.1.0.tgz 0ms (cache hit)
3910 http cache react-is-19@https://registry.npmjs.org/react-is/-/react-is-19.2.7.tgz 0ms (cache hit)
3911 http cache base64-js@https://registry.npmjs.org/base64-js/-/base64-js-1.5.1.tgz 0ms (cache hit)
3912 http cache strip-ansi@https://registry.npmjs.org/strip-ansi/-/strip-ansi-6.0.1.tgz 0ms (cache hit)
3913 http cache wcwidth@https://registry.npmjs.org/wcwidth/-/wcwidth-1.0.1.tgz 0ms (cache hit)
3914 http cache log-symbols@https://registry.npmjs.org/log-symbols/-/log-symbols-4.1.0.tgz 0ms (cache hit)
3915 http cache cli-spinners@https://registry.npmjs.org/cli-spinners/-/cli-spinners-2.9.2.tgz 0ms (cache hit)
3916 http cache buffer@https://registry.npmjs.org/buffer/-/buffer-5.7.1.tgz 0ms (cache hit)
3917 http cache word-wrap@https://registry.npmjs.org/word-wrap/-/word-wrap-1.2.5.tgz 0ms (cache hit)
3918 http cache is-unicode-supported@https://registry.npmjs.org/is-unicode-supported/-/is-unicode-supported-0.1.0.tgz 0ms (cache hit)
3919 http cache is-interactive@https://registry.npmjs.org/is-interactive/-/is-interactive-1.0.0.tgz 0ms (cache hit)
3920 http cache mimic-fn@https://registry.npmjs.org/mimic-fn/-/mimic-fn-2.1.0.tgz 0ms (cache hit)
3921 http cache deep-is@https://registry.npmjs.org/deep-is/-/deep-is-0.1.4.tgz 0ms (cache hit)
3922 http cache fast-levenshtein@https://registry.npmjs.org/fast-levenshtein/-/fast-levenshtein-2.0.6.tgz 0ms (cache hit)
3923 http cache ee-first@https://registry.npmjs.org/ee-first/-/ee-first-1.1.1.tgz 0ms (cache hit)
3924 http cache ipaddr.js@https://registry.npmjs.org/ipaddr.js/-/ipaddr.js-1.9.1.tgz 0ms (cache hit)
3925 http cache lodash@https://registry.npmjs.org/lodash/-/lodash-4.18.1.tgz 0ms (cache hit)
3926 http cache bl@https://registry.npmjs.org/bl/-/bl-4.1.0.tgz 0ms (cache hit)
3927 http cache typedarray@https://registry.npmjs.org/typedarray/-/typedarray-0.0.6.tgz 0ms (cache hit)
3928 http cache readable-stream@https://registry.npmjs.org/readable-stream/-/readable-stream-3.6.2.tgz 0ms (cache hit)
3929 http cache streamsearch@https://registry.npmjs.org/streamsearch/-/streamsearch-1.1.0.tgz 0ms (cache hit)
3930 http cache concat-stream@https://registry.npmjs.org/concat-stream/-/concat-stream-2.0.0.tgz 0ms (cache hit)
3931 http cache busboy@https://registry.npmjs.org/busboy/-/busboy-1.6.0.tgz 0ms (cache hit)
3932 http cache balanced-match@https://registry.npmjs.org/balanced-match/-/balanced-match-1.0.2.tgz 0ms (cache hit)
3933 http cache concat-map@https://registry.npmjs.org/concat-map/-/concat-map-0.0.1.tgz 0ms (cache hit)
3934 http cache brace-expansion@https://registry.npmjs.org/brace-expansion/-/brace-expansion-1.1.15.tgz 0ms (cache hit)
3935 http cache append-field@https://registry.npmjs.org/append-field/-/append-field-1.0.0.tgz 0ms (cache hit)
3936 http cache fs-monkey@https://registry.npmjs.org/fs-monkey/-/fs-monkey-1.1.0.tgz 0ms (cache hit)
3937 http cache mime-db@https://registry.npmjs.org/mime-db/-/mime-db-1.54.0.tgz 0ms (cache hit)
3938 http cache yallist@https://registry.npmjs.org/yallist/-/yallist-3.1.1.tgz 0ms (cache hit)
3939 http cache cli-cursor@https://registry.npmjs.org/cli-cursor/-/cli-cursor-3.1.0.tgz 0ms (cache hit)
3940 http cache p-locate@https://registry.npmjs.org/p-locate/-/p-locate-5.0.0.tgz 0ms (cache hit)
3941 http cache wrappy@https://registry.npmjs.org/wrappy/-/wrappy-1.0.2.tgz 0ms (cache hit)
3942 http cache prelude-ls@https://registry.npmjs.org/prelude-ls/-/prelude-ls-1.2.1.tgz 0ms (cache hit)
3943 http cache @ungap/structured-clone@https://registry.npmjs.org/@ungap/structured-clone/-/structured-clone-1.3.1.tgz 0ms (cache hit)
3944 http cache leven@https://registry.npmjs.org/leven/-/leven-3.1.0.tgz 0ms (cache hit)
3945 http cache type-check@https://registry.npmjs.org/type-check/-/type-check-0.4.0.tgz 0ms (cache hit)
3946 http cache json-buffer@https://registry.npmjs.org/json-buffer/-/json-buffer-3.0.1.tgz 0ms (cache hit)
3947 http cache @jest/snapshot-utils@https://registry.npmjs.org/@jest/snapshot-utils/-/snapshot-utils-30.4.1.tgz 0ms (cache hit)
3948 http cache @babel/plugin-syntax-typescript@https://registry.npmjs.org/@babel/plugin-syntax-typescript/-/plugin-syntax-typescript-7.29.7.tgz 0ms (cache hit)
3949 http cache argparse@https://registry.npmjs.org/argparse/-/argparse-2.0.1.tgz 0ms (cache hit)
3950 http cache strip-bom@https://registry.npmjs.org/strip-bom/-/strip-bom-4.0.0.tgz 0ms (cache hit)
3951 http cache callsites@https://registry.npmjs.org/callsites/-/callsites-3.1.0.tgz 0ms (cache hit)
3952 http cache @babel/plugin-syntax-jsx@https://registry.npmjs.org/@babel/plugin-syntax-jsx/-/plugin-syntax-jsx-7.29.7.tgz 0ms (cache hit)
3953 http cache cjs-module-lexer@https://registry.npmjs.org/cjs-module-lexer/-/cjs-module-lexer-2.2.0.tgz 0ms (cache hit)
3954 http cache @jest/source-map@https://registry.npmjs.org/@jest/source-map/-/source-map-30.0.1.tgz 0ms (cache hit)
3955 http cache buffer-from@https://registry.npmjs.org/buffer-from/-/buffer-from-1.1.2.tgz 0ms (cache hit)
3956 http cache @jest/globals@https://registry.npmjs.org/@jest/globals/-/globals-30.4.1.tgz 0ms (cache hit)
3957 http cache jest-leak-detector@https://registry.npmjs.org/jest-leak-detector/-/jest-leak-detector-30.4.1.tgz 0ms (cache hit)
3958 http cache jest-pnp-resolver@https://registry.npmjs.org/jest-pnp-resolver/-/jest-pnp-resolver-1.2.3.tgz 0ms (cache hit)
3959 http cache unrs-resolver@https://registry.npmjs.org/unrs-resolver/-/unrs-resolver-1.12.2.tgz 0ms (cache hit)
3960 http cache emittery@https://registry.npmjs.org/emittery/-/emittery-0.13.1.tgz 0ms (cache hit)
3961 http cache node-int64@https://registry.npmjs.org/node-int64/-/node-int64-0.4.0.tgz 0ms (cache hit)
3962 http cache jest-diff@https://registry.npmjs.org/jest-diff/-/jest-diff-30.4.1.tgz 0ms (cache hit)
3963 http cache @types/stack-utils@https://registry.npmjs.org/@types/stack-utils/-/stack-utils-2.0.3.tgz 0ms (cache hit)
3964 http cache normalize-path@https://registry.npmjs.org/normalize-path/-/normalize-path-3.0.0.tgz 0ms (cache hit)
3965 http cache walker@https://registry.npmjs.org/walker/-/walker-1.0.8.tgz 0ms (cache hit)
3966 http cache bser@https://registry.npmjs.org/bser/-/bser-2.1.1.tgz 0ms (cache hit)
3967 http cache @jest/diff-sequences@https://registry.npmjs.org/@jest/diff-sequences/-/diff-sequences-30.4.0.tgz 0ms (cache hit)
3968 http cache fsevents@https://registry.npmjs.org/fsevents/-/fsevents-2.3.3.tgz 0ms (cache hit)
3969 http cache fb-watchman@https://registry.npmjs.org/fb-watchman/-/fb-watchman-2.0.2.tgz 0ms (cache hit)
3970 http cache detect-newline@https://registry.npmjs.org/detect-newline/-/detect-newline-3.1.0.tgz 0ms (cache hit)
3971 http cache @sinonjs/commons@https://registry.npmjs.org/@sinonjs/commons/-/commons-3.0.1.tgz 0ms (cache hit)
3972 http cache type-detect@https://registry.npmjs.org/type-detect/-/type-detect-4.0.8.tgz 0ms (cache hit)
3973 http cache @jest/fake-timers@https://registry.npmjs.org/@jest/fake-timers/-/fake-timers-30.4.1.tgz 0ms (cache hit)
3974 http cache pure-rand@https://registry.npmjs.org/pure-rand/-/pure-rand-7.0.1.tgz 0ms (cache hit)
3975 http cache anymatch@https://registry.npmjs.org/anymatch/-/anymatch-3.1.3.tgz 0ms (cache hit)
3976 http cache dedent@https://registry.npmjs.org/dedent/-/dedent-1.7.2.tgz 0ms (cache hit)
3977 http cache @sinonjs/fake-timers@https://registry.npmjs.org/@sinonjs/fake-timers/-/fake-timers-15.4.0.tgz 0ms (cache hit)
3978 http cache is-generator-fn@https://registry.npmjs.org/is-generator-fn/-/is-generator-fn-2.1.0.tgz 0ms (cache hit)
3979 http cache co@https://registry.npmjs.org/co/-/co-4.6.0.tgz 0ms (cache hit)
3980 http cache jest-each@https://registry.npmjs.org/jest-each/-/jest-each-30.4.1.tgz 0ms (cache hit)
3981 http cache stack-utils@https://registry.npmjs.org/stack-utils/-/stack-utils-2.0.6.tgz 0ms (cache hit)
3982 http cache @babel/plugin-syntax-top-level-await@https://registry.npmjs.org/@babel/plugin-syntax-top-level-await/-/plugin-syntax-top-level-await-7.14.5.tgz 0ms (cache hit)
3983 http cache @jest/environment@https://registry.npmjs.org/@jest/environment/-/environment-30.4.1.tgz 0ms (cache hit)
3984 http cache @babel/plugin-syntax-object-rest-spread@https://registry.npmjs.org/@babel/plugin-syntax-object-rest-spread/-/plugin-syntax-object-rest-spread-7.8.3.tgz 0ms (cache hit)
3985 http cache @babel/plugin-syntax-optional-catch-binding@https://registry.npmjs.org/@babel/plugin-syntax-optional-catch-binding/-/plugin-syntax-optional-catch-binding-7.8.3.tgz 0ms (cache hit)
3986 http cache @jest/expect@https://registry.npmjs.org/@jest/expect/-/expect-30.4.1.tgz 0ms (cache hit)
3987 http cache @babel/plugin-syntax-private-property-in-object@https://registry.npmjs.org/@babel/plugin-syntax-private-property-in-object/-/plugin-syntax-private-property-in-object-7.14.5.tgz 0ms (cache hit)
3988 http cache @babel/plugin-syntax-optional-chaining@https://registry.npmjs.org/@babel/plugin-syntax-optional-chaining/-/plugin-syntax-optional-chaining-7.8.3.tgz 0ms (cache hit)
3989 http cache @babel/plugin-syntax-json-strings@https://registry.npmjs.org/@babel/plugin-syntax-json-strings/-/plugin-syntax-json-strings-7.8.3.tgz 0ms (cache hit)
3990 http cache @babel/plugin-syntax-nullish-coalescing-operator@https://registry.npmjs.org/@babel/plugin-syntax-nullish-coalescing-operator/-/plugin-syntax-nullish-coalescing-operator-7.8.3.tgz 0ms (cache hit)
3991 http cache @babel/plugin-syntax-logical-assignment-operators@https://registry.npmjs.org/@babel/plugin-syntax-logical-assignment-operators/-/plugin-syntax-logical-assignment-operators-7.10.4.tgz 0ms (cache hit)
3992 http cache @babel/plugin-syntax-import-meta@https://registry.npmjs.org/@babel/plugin-syntax-import-meta/-/plugin-syntax-import-meta-7.10.4.tgz 0ms (cache hit)
3993 http cache @babel/plugin-syntax-numeric-separator@https://registry.npmjs.org/@babel/plugin-syntax-numeric-separator/-/plugin-syntax-numeric-separator-7.10.4.tgz 0ms (cache hit)
3994 http cache @babel/plugin-syntax-import-attributes@https://registry.npmjs.org/@babel/plugin-syntax-import-attributes/-/plugin-syntax-import-attributes-7.29.7.tgz 0ms (cache hit)
3995 http cache @babel/plugin-syntax-bigint@https://registry.npmjs.org/@babel/plugin-syntax-bigint/-/plugin-syntax-bigint-7.8.3.tgz 0ms (cache hit)
3996 http cache @babel/plugin-syntax-async-generators@https://registry.npmjs.org/@babel/plugin-syntax-async-generators/-/plugin-syntax-async-generators-7.8.4.tgz 0ms (cache hit)
3997 http cache babel-preset-current-node-syntax@https://registry.npmjs.org/babel-preset-current-node-syntax/-/babel-preset-current-node-syntax-1.2.0.tgz 0ms (cache hit)
3998 http cache @types/babel__template@https://registry.npmjs.org/@types/babel__template/-/babel__template-7.4.4.tgz 0ms (cache hit)
3999 http cache @babel/plugin-syntax-class-static-block@https://registry.npmjs.org/@babel/plugin-syntax-class-static-block/-/plugin-syntax-class-static-block-7.14.5.tgz 0ms (cache hit)
4000 http cache @types/babel__generator@https://registry.npmjs.org/@types/babel__generator/-/babel__generator-7.27.0.tgz 0ms (cache hit)
4001 http cache @types/babel__traverse@https://registry.npmjs.org/@types/babel__traverse/-/babel__traverse-7.28.0.tgz 0ms (cache hit)
4002 http cache babel-preset-jest@https://registry.npmjs.org/babel-preset-jest/-/babel-preset-jest-30.4.0.tgz 0ms (cache hit)
4003 http cache @babel/plugin-syntax-class-properties@https://registry.npmjs.org/@babel/plugin-syntax-class-properties/-/plugin-syntax-class-properties-7.12.13.tgz 0ms (cache hit)
4004 http cache @types/babel__core@https://registry.npmjs.org/@types/babel__core/-/babel__core-7.20.5.tgz 0ms (cache hit)
4005 http cache babel-jest@https://registry.npmjs.org/babel-jest/-/babel-jest-30.4.1.tgz 0ms (cache hit)
4006 http cache jest-environment-node@https://registry.npmjs.org/jest-environment-node/-/jest-environment-node-30.4.1.tgz 0ms (cache hit)
4007 http cache @jest/test-sequencer@https://registry.npmjs.org/@jest/test-sequencer/-/test-sequencer-30.4.1.tgz 0ms (cache hit)
4008 http cache jest-circus@https://registry.npmjs.org/jest-circus/-/jest-circus-30.4.2.tgz 0ms (cache hit)
4009 http cache yargs@https://registry.npmjs.org/yargs/-/yargs-17.7.2.tgz 0ms (cache hit)
4010 http cache jest-docblock@https://registry.npmjs.org/jest-docblock/-/jest-docblock-30.4.0.tgz 0ms (cache hit)
4011 http cache babel-plugin-jest-hoist@https://registry.npmjs.org/babel-plugin-jest-hoist/-/babel-plugin-jest-hoist-30.4.0.tgz 0ms (cache hit)
4012 http cache onetime@https://registry.npmjs.org/onetime/-/onetime-5.1.2.tgz 0ms (cache hit)
4013 http cache strip-final-newline@https://registry.npmjs.org/strip-final-newline/-/strip-final-newline-2.0.0.tgz 0ms (cache hit)
4014 http cache get-stream@https://registry.npmjs.org/get-stream/-/get-stream-6.0.1.tgz 0ms (cache hit)
4015 http cache execa@https://registry.npmjs.org/execa/-/execa-5.1.1.tgz 0ms (cache hit)
4016 http cache p-limit@https://registry.npmjs.org/p-limit/-/p-limit-3.1.0.tgz 0ms (cache hit)
4017 http cache human-signals@https://registry.npmjs.org/human-signals/-/human-signals-2.1.0.tgz 0ms (cache hit)
4018 http cache make-dir@https://registry.npmjs.org/make-dir/-/make-dir-4.0.0.tgz 0ms (cache hit)
4019 http cache npm-run-path@https://registry.npmjs.org/npm-run-path/-/npm-run-path-4.0.1.tgz 0ms (cache hit)
4020 http cache html-escaper@https://registry.npmjs.org/html-escaper/-/html-escaper-2.0.2.tgz 0ms (cache hit)
4021 http cache update-browserslist-db@https://registry.npmjs.org/update-browserslist-db/-/update-browserslist-db-1.2.3.tgz 0ms (cache hit)
4022 http cache merge-stream@https://registry.npmjs.org/merge-stream/-/merge-stream-2.0.0.tgz 0ms (cache hit)
4023 http cache pkg-dir@https://registry.npmjs.org/pkg-dir/-/pkg-dir-4.2.0.tgz 0ms (cache hit)
4024 http cache node-releases@https://registry.npmjs.org/node-releases/-/node-releases-2.0.47.tgz 0ms (cache hit)
4025 http cache resolve-cwd@https://registry.npmjs.org/resolve-cwd/-/resolve-cwd-3.0.0.tgz 0ms (cache hit)
4026 http cache get-package-type@https://registry.npmjs.org/get-package-type/-/get-package-type-0.1.0.tgz 0ms (cache hit)
4027 http cache electron-to-chromium@https://registry.npmjs.org/electron-to-chromium/-/electron-to-chromium-1.5.368.tgz 0ms (cache hit)
4028 http cache is-stream@https://registry.npmjs.org/is-stream/-/is-stream-2.0.1.tgz 0ms (cache hit)
4029 http cache baseline-browser-mapping@https://registry.npmjs.org/baseline-browser-mapping/-/baseline-browser-mapping-2.10.33.tgz 0ms (cache hit)
4030 http cache @istanbuljs/schema@https://registry.npmjs.org/@istanbuljs/schema/-/schema-0.1.6.tgz 0ms (cache hit)
4031 http cache test-exclude@https://registry.npmjs.org/test-exclude/-/test-exclude-6.0.0.tgz 0ms (cache hit)
4032 http cache camelcase@https://registry.npmjs.org/camelcase/-/camelcase-5.3.1.tgz 0ms (cache hit)
4033 http cache type-fest@https://registry.npmjs.org/type-fest/-/type-fest-0.21.3.tgz 0ms (cache hit)
4034 http cache @babel/helper-plugin-utils@https://registry.npmjs.org/@babel/helper-plugin-utils/-/helper-plugin-utils-7.29.7.tgz 0ms (cache hit)
4035 http cache @istanbuljs/load-nyc-config@https://registry.npmjs.org/@istanbuljs/load-nyc-config/-/load-nyc-config-1.1.0.tgz 0ms (cache hit)
4036 http cache caniuse-lite@https://registry.npmjs.org/caniuse-lite/-/caniuse-lite-1.0.30001793.tgz 0ms (cache hit)
4037 http cache @types/yargs-parser@https://registry.npmjs.org/@types/yargs-parser/-/yargs-parser-21.0.3.tgz 0ms (cache hit)
4038 http cache @jridgewell/sourcemap-codec@https://registry.npmjs.org/@jridgewell/sourcemap-codec/-/sourcemap-codec-1.5.5.tgz 0ms (cache hit)
4039 http cache @types/istanbul-lib-report@https://registry.npmjs.org/@types/istanbul-lib-report/-/istanbul-lib-report-3.0.3.tgz 0ms (cache hit)
4040 http cache @types/istanbul-reports@https://registry.npmjs.org/@types/istanbul-reports/-/istanbul-reports-3.0.4.tgz 0ms (cache hit)
4041 http cache @types/yargs@https://registry.npmjs.org/@types/yargs/-/yargs-17.0.35.tgz 0ms (cache hit)
4042 http cache @jridgewell/resolve-uri@https://registry.npmjs.org/@jridgewell/resolve-uri/-/resolve-uri-3.1.2.tgz 0ms (cache hit)
4043 http cache @jest/schemas@https://registry.npmjs.org/@jest/schemas/-/schemas-30.4.1.tgz 0ms (cache hit)
4044 http cache @sinclair/typebox@https://registry.npmjs.org/@sinclair/typebox/-/typebox-0.34.49.tgz 0ms (cache hit)
4045 http cache @babel/helper-string-parser@https://registry.npmjs.org/@babel/helper-string-parser/-/helper-string-parser-7.29.7.tgz 0ms (cache hit)
4046 http cache browserslist@https://registry.npmjs.org/browserslist/-/browserslist-4.28.2.tgz 0ms (cache hit)
4047 http cache lru-cache@https://registry.npmjs.org/lru-cache/-/lru-cache-5.1.1.tgz 0ms (cache hit)
4048 http cache @babel/helper-globals@https://registry.npmjs.org/@babel/helper-globals/-/helper-globals-7.29.7.tgz 0ms (cache hit)
4049 http cache @babel/compat-data@https://registry.npmjs.org/@babel/compat-data/-/compat-data-7.29.7.tgz 0ms (cache hit)
4050 http cache @babel/helper-validator-option@https://registry.npmjs.org/@babel/helper-validator-option/-/helper-validator-option-7.29.7.tgz 0ms (cache hit)
4051 http cache @babel/helper-module-imports@https://registry.npmjs.org/@babel/helper-module-imports/-/helper-module-imports-7.29.7.tgz 0ms (cache hit)
4052 http cache json5@https://registry.npmjs.org/json5/-/json5-2.2.3.tgz 0ms (cache hit)
4053 http cache jsesc@https://registry.npmjs.org/jsesc/-/jsesc-3.1.0.tgz 0ms (cache hit)
4054 http cache @jridgewell/remapping@https://registry.npmjs.org/@jridgewell/remapping/-/remapping-2.3.5.tgz 0ms (cache hit)
4055 http cache @babel/types@https://registry.npmjs.org/@babel/types/-/types-7.29.7.tgz 0ms (cache hit)
4056 http cache @babel/template@https://registry.npmjs.org/@babel/template/-/template-7.29.7.tgz 0ms (cache hit)
4057 http cache gensync@https://registry.npmjs.org/gensync/-/gensync-1.0.0-beta.2.tgz 0ms (cache hit)
4058 http cache @babel/parser@https://registry.npmjs.org/@babel/parser/-/parser-7.29.7.tgz 0ms (cache hit)
4059 http cache @babel/traverse@https://registry.npmjs.org/@babel/traverse/-/traverse-7.29.7.tgz 0ms (cache hit)
4060 http cache @babel/helpers@https://registry.npmjs.org/@babel/helpers/-/helpers-7.29.7.tgz 0ms (cache hit)
4061 http cache @babel/helper-compilation-targets@https://registry.npmjs.org/@babel/helper-compilation-targets/-/helper-compilation-targets-7.29.7.tgz 0ms (cache hit)
4062 http cache @babel/generator@https://registry.npmjs.org/@babel/generator/-/generator-7.29.7.tgz 0ms (cache hit)
4063 http cache pirates@https://registry.npmjs.org/pirates/-/pirates-4.0.7.tgz 0ms (cache hit)
4064 http cache @jridgewell/gen-mapping@https://registry.npmjs.org/@jridgewell/gen-mapping/-/gen-mapping-0.3.13.tgz 0ms (cache hit)
4065 http cache @babel/helper-module-transforms@https://registry.npmjs.org/@babel/helper-module-transforms/-/helper-module-transforms-7.29.7.tgz 0ms (cache hit)
4066 http cache convert-source-map@https://registry.npmjs.org/convert-source-map/-/convert-source-map-2.0.0.tgz 0ms (cache hit)
4067 http cache babel-plugin-istanbul@https://registry.npmjs.org/babel-plugin-istanbul/-/babel-plugin-istanbul-7.0.1.tgz 0ms (cache hit)
4068 http cache v8-to-istanbul@https://registry.npmjs.org/v8-to-istanbul/-/v8-to-istanbul-9.3.0.tgz 0ms (cache hit)
4069 http cache string-length@https://registry.npmjs.org/string-length/-/string-length-4.0.2.tgz 0ms (cache hit)
4070 http cache istanbul-reports@https://registry.npmjs.org/istanbul-reports/-/istanbul-reports-3.2.0.tgz 0ms (cache hit)
4071 http cache jest-worker@https://registry.npmjs.org/jest-worker/-/jest-worker-30.4.1.tgz 0ms (cache hit)
4072 http cache write-file-atomic@https://registry.npmjs.org/write-file-atomic/-/write-file-atomic-5.0.1.tgz 0ms (cache hit)
4073 http cache istanbul-lib-report@https://registry.npmjs.org/istanbul-lib-report/-/istanbul-lib-report-3.0.1.tgz 0ms (cache hit)
4074 http cache istanbul-lib-coverage@https://registry.npmjs.org/istanbul-lib-coverage/-/istanbul-lib-coverage-3.2.2.tgz 0ms (cache hit)
4075 http cache istanbul-lib-source-maps@https://registry.npmjs.org/istanbul-lib-source-maps/-/istanbul-lib-source-maps-5.0.6.tgz 0ms (cache hit)
4076 http cache istanbul-lib-instrument@https://registry.npmjs.org/istanbul-lib-instrument/-/istanbul-lib-instrument-6.0.3.tgz 0ms (cache hit)
4077 http cache @types/istanbul-lib-coverage@https://registry.npmjs.org/@types/istanbul-lib-coverage/-/istanbul-lib-coverage-2.0.6.tgz 0ms (cache hit)
4078 http cache slash@https://registry.npmjs.org/slash/-/slash-3.0.0.tgz 0ms (cache hit)
4079 http cache @jridgewell/trace-mapping@https://registry.npmjs.org/@jridgewell/trace-mapping/-/trace-mapping-0.3.31.tgz 0ms (cache hit)
4080 http cache collect-v8-coverage@https://registry.npmjs.org/collect-v8-coverage/-/collect-v8-coverage-1.0.3.tgz 0ms (cache hit)
4081 http cache @bcoe/v8-coverage@https://registry.npmjs.org/@bcoe/v8-coverage/-/v8-coverage-0.2.3.tgz 0ms (cache hit)
4082 http cache jest-watcher@https://registry.npmjs.org/jest-watcher/-/jest-watcher-30.4.1.tgz 0ms (cache hit)
4083 http cache jest-validate@https://registry.npmjs.org/jest-validate/-/jest-validate-30.4.1.tgz 0ms (cache hit)
4084 http cache jest-snapshot@https://registry.npmjs.org/jest-snapshot/-/jest-snapshot-30.4.1.tgz 0ms (cache hit)
4085 http cache jest-resolve-dependencies@https://registry.npmjs.org/jest-resolve-dependencies/-/jest-resolve-dependencies-30.4.2.tgz 0ms (cache hit)
4086 http cache jest-runner@https://registry.npmjs.org/jest-runner/-/jest-runner-30.4.2.tgz 0ms (cache hit)
4087 http cache jest-runtime@https://registry.npmjs.org/jest-runtime/-/jest-runtime-30.4.2.tgz 0ms (cache hit)
4088 http cache jest-resolve@https://registry.npmjs.org/jest-resolve/-/jest-resolve-30.4.1.tgz 0ms (cache hit)
4089 http cache jest-config@https://registry.npmjs.org/jest-config/-/jest-config-30.4.2.tgz 0ms (cache hit)
4090 http cache jest-regex-util@https://registry.npmjs.org/jest-regex-util/-/jest-regex-util-30.4.0.tgz 0ms (cache hit)
4091 http cache jest-haste-map@https://registry.npmjs.org/jest-haste-map/-/jest-haste-map-30.4.1.tgz 0ms (cache hit)
4092 http cache jest-changed-files@https://registry.npmjs.org/jest-changed-files/-/jest-changed-files-30.4.1.tgz 0ms (cache hit)
4093 http cache ci-info@https://registry.npmjs.org/ci-info/-/ci-info-4.4.0.tgz 0ms (cache hit)
4094 http cache ansi-escapes@https://registry.npmjs.org/ansi-escapes/-/ansi-escapes-4.3.2.tgz 0ms (cache hit)
4095 http cache @babel/core@https://registry.npmjs.org/@babel/core/-/core-7.29.7.tgz 0ms (cache hit)
4096 http cache @jest/transform@https://registry.npmjs.org/@jest/transform/-/transform-30.4.1.tgz 0ms (cache hit)
4097 http cache @jest/test-result@https://registry.npmjs.org/@jest/test-result/-/test-result-30.4.1.tgz 0ms (cache hit)
4098 http cache @jest/reporters@https://registry.npmjs.org/@jest/reporters/-/reporters-30.4.1.tgz 0ms (cache hit)
4099 http cache @jest/console@https://registry.npmjs.org/@jest/console/-/console-30.4.1.tgz 0ms (cache hit)
4100 http cache jest-cli@https://registry.npmjs.org/jest-cli/-/jest-cli-30.4.2.tgz 0ms (cache hit)
4101 http cache @jest/pattern@https://registry.npmjs.org/@jest/pattern/-/pattern-30.4.0.tgz 0ms (cache hit)
4102 http cache import-local@https://registry.npmjs.org/import-local/-/import-local-3.2.0.tgz 0ms (cache hit)
4103 http cache @jest/types@https://registry.npmjs.org/@jest/types/-/types-30.4.1.tgz 0ms (cache hit)
4104 http cache exit-x@https://registry.npmjs.org/exit-x/-/exit-x-0.2.2.tgz 0ms (cache hit)
4105 http cache parent-module@https://registry.npmjs.org/parent-module/-/parent-module-1.0.1.tgz 0ms (cache hit)
4106 http cache @jest/core@https://registry.npmjs.org/@jest/core/-/core-30.4.2.tgz 0ms (cache hit)
4107 http cache is-extglob@https://registry.npmjs.org/is-extglob/-/is-extglob-2.1.1.tgz 0ms (cache hit)
4108 http cache safer-buffer@https://registry.npmjs.org/safer-buffer/-/safer-buffer-2.1.2.tgz 0ms (cache hit)
4109 http cache resolve-from@https://registry.npmjs.org/resolve-from/-/resolve-from-4.0.0.tgz 0ms (cache hit)
4110 http cache path-scurry@https://registry.npmjs.org/path-scurry/-/path-scurry-2.0.2.tgz 0ms (cache hit)
4111 http cache setprototypeof@https://registry.npmjs.org/setprototypeof/-/setprototypeof-1.2.0.tgz 0ms (cache hit)
4112 http cache toidentifier@https://registry.npmjs.org/toidentifier/-/toidentifier-1.0.1.tgz 0ms (cache hit)
4113 http cache minipass@https://registry.npmjs.org/minipass/-/minipass-7.1.3.tgz 0ms (cache hit)
4114 http cache math-intrinsics@https://registry.npmjs.org/math-intrinsics/-/math-intrinsics-1.1.0.tgz 0ms (cache hit)
4115 http cache has-symbols@https://registry.npmjs.org/has-symbols/-/has-symbols-1.1.0.tgz 0ms (cache hit)
4116 http cache gopd@https://registry.npmjs.org/gopd/-/gopd-1.2.0.tgz 0ms (cache hit)
4117 http cache get-proto@https://registry.npmjs.org/get-proto/-/get-proto-1.0.1.tgz 0ms (cache hit)
4118 http cache dunder-proto@https://registry.npmjs.org/dunder-proto/-/dunder-proto-1.0.1.tgz 0ms (cache hit)
4119 http cache function-bind@https://registry.npmjs.org/function-bind/-/function-bind-1.1.2.tgz 0ms (cache hit)
4120 http cache es-object-atoms@https://registry.npmjs.org/es-object-atoms/-/es-object-atoms-1.1.2.tgz 0ms (cache hit)
4121 http cache universalify@https://registry.npmjs.org/universalify/-/universalify-2.0.1.tgz 0ms (cache hit)
4122 http cache call-bind-apply-helpers@https://registry.npmjs.org/call-bind-apply-helpers/-/call-bind-apply-helpers-1.0.2.tgz 0ms (cache hit)
4123 http cache es-define-property@https://registry.npmjs.org/es-define-property/-/es-define-property-1.0.1.tgz 0ms (cache hit)
4124 http cache graceful-fs@https://registry.npmjs.org/graceful-fs/-/graceful-fs-4.2.11.tgz 0ms (cache hit)
4125 http cache inherits@https://registry.npmjs.org/inherits/-/inherits-2.0.4.tgz 0ms (cache hit)
4126 http cache has-tostringtag@https://registry.npmjs.org/has-tostringtag/-/has-tostringtag-1.0.2.tgz 0ms (cache hit)
4127 http cache delayed-stream@https://registry.npmjs.org/delayed-stream/-/delayed-stream-1.0.0.tgz 0ms (cache hit)
4128 http cache get-intrinsic@https://registry.npmjs.org/get-intrinsic/-/get-intrinsic-1.3.0.tgz 0ms (cache hit)
4129 http cache hasown@https://registry.npmjs.org/hasown/-/hasown-2.0.4.tgz 0ms (cache hit)
4130 http cache es-errors@https://registry.npmjs.org/es-errors/-/es-errors-1.3.0.tgz 0ms (cache hit)
4131 http cache combined-stream@https://registry.npmjs.org/combined-stream/-/combined-stream-1.0.8.tgz 0ms (cache hit)
4132 http cache es-set-tostringtag@https://registry.npmjs.org/es-set-tostringtag/-/es-set-tostringtag-2.1.0.tgz 0ms (cache hit)
4133 http cache path-type@https://registry.npmjs.org/path-type/-/path-type-4.0.0.tgz 0ms (cache hit)
4134 http cache asynckit@https://registry.npmjs.org/asynckit/-/asynckit-0.4.0.tgz 0ms (cache hit)
4135 http cache picocolors@https://registry.npmjs.org/picocolors/-/picocolors-1.1.1.tgz 0ms (cache hit)
4136 http cache parse-json@https://registry.npmjs.org/parse-json/-/parse-json-5.2.0.tgz 0ms (cache hit)
4137 http cache @babel/helper-validator-identifier@https://registry.npmjs.org/@babel/helper-validator-identifier/-/helper-validator-identifier-7.29.7.tgz 0ms (cache hit)
4138 http cache js-tokens@https://registry.npmjs.org/js-tokens/-/js-tokens-4.0.0.tgz 0ms (cache hit)
4139 http cache semver@https://registry.npmjs.org/semver/-/semver-7.8.2.tgz 0ms (cache hit)
4140 http cache jsonfile@https://registry.npmjs.org/jsonfile/-/jsonfile-6.2.1.tgz 0ms (cache hit)
4141 http cache tapable@https://registry.npmjs.org/tapable/-/tapable-2.3.3.tgz 0ms (cache hit)
4142 http cache schema-utils@https://registry.npmjs.org/schema-utils/-/schema-utils-3.3.0.tgz 0ms (cache hit)
4143 http cache node-abort-controller@https://registry.npmjs.org/node-abort-controller/-/node-abort-controller-3.1.1.tgz 0ms (cache hit)
4144 http cache memfs@https://registry.npmjs.org/memfs/-/memfs-3.5.3.tgz 0ms (cache hit)
4145 http cache fs-extra@https://registry.npmjs.org/fs-extra/-/fs-extra-10.1.0.tgz 0ms (cache hit)
4146 http cache @babel/code-frame@https://registry.npmjs.org/@babel/code-frame/-/code-frame-7.29.7.tgz 0ms (cache hit)
4147 http cache keyv@https://registry.npmjs.org/keyv/-/keyv-4.5.4.tgz 0ms (cache hit)
4148 http cache path-exists@https://registry.npmjs.org/path-exists/-/path-exists-4.0.0.tgz 0ms (cache hit)
4149 http cache flatted@https://registry.npmjs.org/flatted/-/flatted-3.4.2.tgz 0ms (cache hit)
4150 http cache uint8array-extras@https://registry.npmjs.org/uint8array-extras/-/uint8array-extras-1.5.0.tgz 0ms (cache hit)
4151 http cache locate-path@https://registry.npmjs.org/locate-path/-/locate-path-6.0.0.tgz 0ms (cache hit)
4152 http cache token-types@https://registry.npmjs.org/token-types/-/token-types-6.1.2.tgz 0ms (cache hit)
4153 http cache @tokenizer/inflate@https://registry.npmjs.org/@tokenizer/inflate/-/inflate-0.4.1.tgz 0ms (cache hit)
4154 http cache raw-body@https://registry.npmjs.org/raw-body/-/raw-body-3.0.2.tgz 0ms (cache hit)
4155 http cache strtok3@https://registry.npmjs.org/strtok3/-/strtok3-10.3.5.tgz 0ms (cache hit)
4156 http cache bytes@https://registry.npmjs.org/bytes/-/bytes-3.1.2.tgz 0ms (cache hit)
4157 http cache flat-cache@https://registry.npmjs.org/flat-cache/-/flat-cache-4.0.1.tgz 0ms (cache hit)
4158 http cache negotiator@https://registry.npmjs.org/negotiator/-/negotiator-1.0.0.tgz 0ms (cache hit)
4159 http cache serve-static@https://registry.npmjs.org/serve-static/-/serve-static-2.2.1.tgz 0ms (cache hit)
4160 http cache statuses@https://registry.npmjs.org/statuses/-/statuses-2.0.2.tgz 0ms (cache hit)
4161 http cache type-is@https://registry.npmjs.org/type-is/-/type-is-2.1.0.tgz 0ms (cache hit)
4162 http cache router@https://registry.npmjs.org/router/-/router-2.2.0.tgz 0ms (cache hit)
4163 http cache send@https://registry.npmjs.org/send/-/send-1.2.1.tgz 0ms (cache hit)
4164 http cache range-parser@https://registry.npmjs.org/range-parser/-/range-parser-1.2.1.tgz 0ms (cache hit)
4165 http cache qs@https://registry.npmjs.org/qs/-/qs-6.15.2.tgz 0ms (cache hit)
4166 http cache proxy-addr@https://registry.npmjs.org/proxy-addr/-/proxy-addr-2.0.7.tgz 0ms (cache hit)
4167 http cache on-finished@https://registry.npmjs.org/on-finished/-/on-finished-2.4.1.tgz 0ms (cache hit)
4168 http cache once@https://registry.npmjs.org/once/-/once-1.4.0.tgz 0ms (cache hit)
4169 http cache parseurl@https://registry.npmjs.org/parseurl/-/parseurl-1.3.3.tgz 0ms (cache hit)
4170 http cache fresh@https://registry.npmjs.org/fresh/-/fresh-2.0.0.tgz 0ms (cache hit)
4171 http cache mime-types@https://registry.npmjs.org/mime-types/-/mime-types-3.0.2.tgz 0ms (cache hit)
4172 http cache http-errors@https://registry.npmjs.org/http-errors/-/http-errors-2.0.1.tgz 0ms (cache hit)
4173 http cache merge-descriptors@https://registry.npmjs.org/merge-descriptors/-/merge-descriptors-2.0.0.tgz 0ms (cache hit)
4174 http cache etag@https://registry.npmjs.org/etag/-/etag-1.8.1.tgz 0ms (cache hit)
4175 http cache finalhandler@https://registry.npmjs.org/finalhandler/-/finalhandler-2.1.1.tgz 0ms (cache hit)
4176 http cache escape-html@https://registry.npmjs.org/escape-html/-/escape-html-1.0.3.tgz 0ms (cache hit)
4177 http cache encodeurl@https://registry.npmjs.org/encodeurl/-/encodeurl-2.0.0.tgz 0ms (cache hit)
4178 http cache depd@https://registry.npmjs.org/depd/-/depd-2.0.0.tgz 0ms (cache hit)
4179 http cache cookie-signature@https://registry.npmjs.org/cookie-signature/-/cookie-signature-1.2.2.tgz 0ms (cache hit)
4180 http cache content-type@https://registry.npmjs.org/content-type/-/content-type-1.0.5.tgz 0ms (cache hit)
4181 http cache cookie@https://registry.npmjs.org/cookie/-/cookie-0.7.2.tgz 0ms (cache hit)
4182 http cache content-disposition@https://registry.npmjs.org/content-disposition/-/content-disposition-1.1.0.tgz 0ms (cache hit)
4183 http cache body-parser@https://registry.npmjs.org/body-parser/-/body-parser-2.2.2.tgz 0ms (cache hit)
4184 http cache accepts@https://registry.npmjs.org/accepts/-/accepts-2.0.0.tgz 0ms (cache hit)
4185 http cache jest-util@https://registry.npmjs.org/jest-util/-/jest-util-30.4.1.tgz 0ms (cache hit)
4186 http cache jest-mock@https://registry.npmjs.org/jest-mock/-/jest-mock-30.4.1.tgz 0ms (cache hit)
4187 http cache jest-message-util@https://registry.npmjs.org/jest-message-util/-/jest-message-util-30.4.1.tgz 0ms (cache hit)
4188 http cache @jest/get-type@https://registry.npmjs.org/@jest/get-type/-/get-type-30.1.0.tgz 0ms (cache hit)
4189 http cache jest-matcher-utils@https://registry.npmjs.org/jest-matcher-utils/-/jest-matcher-utils-30.4.1.tgz 0ms (cache hit)
4190 http cache acorn-jsx@https://registry.npmjs.org/acorn-jsx/-/acorn-jsx-5.3.2.tgz 0ms (cache hit)
4191 http cache @jest/expect-utils@https://registry.npmjs.org/@jest/expect-utils/-/expect-utils-30.4.1.tgz 0ms (cache hit)
4192 http cache acorn@https://registry.npmjs.org/acorn/-/acorn-8.16.0.tgz 0ms (cache hit)
4193 http cache estraverse@https://registry.npmjs.org/estraverse/-/estraverse-5.3.0.tgz 0ms (cache hit)
4194 http cache prettier-linter-helpers@https://registry.npmjs.org/prettier-linter-helpers/-/prettier-linter-helpers-1.0.1.tgz 0ms (cache hit)
4195 http cache synckit@https://registry.npmjs.org/synckit/-/synckit-0.11.13.tgz 0ms (cache hit)
4196 http cache which@https://registry.npmjs.org/which/-/which-2.0.2.tgz 0ms (cache hit)
4197 http cache esrecurse@https://registry.npmjs.org/esrecurse/-/esrecurse-4.3.0.tgz 0ms (cache hit)
4198 http cache color-convert@https://registry.npmjs.org/color-convert/-/color-convert-2.0.1.tgz 0ms (cache hit)
4199 http cache shebang-command@https://registry.npmjs.org/shebang-command/-/shebang-command-2.0.0.tgz 0ms (cache hit)
4200 http cache supports-color@https://registry.npmjs.org/supports-color/-/supports-color-7.2.0.tgz 0ms (cache hit)
4201 http cache ansi-styles@https://registry.npmjs.org/ansi-styles/-/ansi-styles-4.3.0.tgz 0ms (cache hit)
4202 http cache path-key@https://registry.npmjs.org/path-key/-/path-key-3.1.1.tgz 0ms (cache hit)
4203 http cache @humanfs/types@https://registry.npmjs.org/@humanfs/types/-/types-0.15.0.tgz 0ms (cache hit)
4204 http cache color-name@https://registry.npmjs.org/color-name/-/color-name-1.1.4.tgz 0ms (cache hit)
4205 http cache @humanfs/core@https://registry.npmjs.org/@humanfs/core/-/core-0.19.2.tgz 0ms (cache hit)
4206 http cache levn@https://registry.npmjs.org/levn/-/levn-0.4.1.tgz 0ms (cache hit)
4207 http cache @types/json-schema@https://registry.npmjs.org/@types/json-schema/-/json-schema-7.0.15.tgz 0ms (cache hit)
4208 http cache optionator@https://registry.npmjs.org/optionator/-/optionator-0.9.4.tgz 0ms (cache hit)
4209 http cache natural-compare@https://registry.npmjs.org/natural-compare/-/natural-compare-1.4.0.tgz 0ms (cache hit)
4210 http cache lodash.merge@https://registry.npmjs.org/lodash.merge/-/lodash.merge-4.6.2.tgz 0ms (cache hit)
4211 http cache json-stable-stringify-without-jsonify@https://registry.npmjs.org/json-stable-stringify-without-jsonify/-/json-stable-stringify-without-jsonify-1.0.1.tgz 0ms (cache hit)
4212 http cache is-glob@https://registry.npmjs.org/is-glob/-/is-glob-4.0.3.tgz 0ms (cache hit)
4213 http cache @eslint/object-schema@https://registry.npmjs.org/@eslint/object-schema/-/object-schema-2.1.7.tgz 0ms (cache hit)
4214 http cache imurmurhash@https://registry.npmjs.org/imurmurhash/-/imurmurhash-0.1.4.tgz 0ms (cache hit)
4215 http cache find-up@https://registry.npmjs.org/find-up/-/find-up-5.0.0.tgz 0ms (cache hit)
4216 http cache glob-parent@https://registry.npmjs.org/glob-parent/-/glob-parent-6.0.2.tgz 0ms (cache hit)
4217 http cache esutils@https://registry.npmjs.org/esutils/-/esutils-2.0.3.tgz 0ms (cache hit)
4218 http cache esquery@https://registry.npmjs.org/esquery/-/esquery-1.7.0.tgz 0ms (cache hit)
4219 http cache eslint-scope@https://registry.npmjs.org/eslint-scope/-/eslint-scope-8.4.0.tgz 0ms (cache hit)
4220 http cache escape-string-regexp@https://registry.npmjs.org/escape-string-regexp/-/escape-string-regexp-4.0.0.tgz 0ms (cache hit)
4221 http cache file-entry-cache@https://registry.npmjs.org/file-entry-cache/-/file-entry-cache-8.0.0.tgz 0ms (cache hit)
4222 http cache cross-spawn@https://registry.npmjs.org/cross-spawn/-/cross-spawn-7.0.6.tgz 0ms (cache hit)
4223 http cache eslint-visitor-keys@https://registry.npmjs.org/eslint-visitor-keys/-/eslint-visitor-keys-4.2.1.tgz 0ms (cache hit)
4224 http cache chalk@https://registry.npmjs.org/chalk/-/chalk-4.1.2.tgz 0ms (cache hit)
4225 http cache @humanwhocodes/retry@https://registry.npmjs.org/@humanwhocodes/retry/-/retry-0.4.3.tgz 0ms (cache hit)
4226 http cache @humanwhocodes/module-importer@https://registry.npmjs.org/@humanwhocodes/module-importer/-/module-importer-1.0.1.tgz 0ms (cache hit)
4227 http cache @types/estree@https://registry.npmjs.org/@types/estree/-/estree-1.0.9.tgz 0ms (cache hit)
4228 http cache @eslint/plugin-kit@https://registry.npmjs.org/@eslint/plugin-kit/-/plugin-kit-0.4.1.tgz 0ms (cache hit)
4229 http cache @eslint/core@https://registry.npmjs.org/@eslint/core/-/core-0.17.0.tgz 0ms (cache hit)
4230 http cache @humanfs/node@https://registry.npmjs.org/@humanfs/node/-/node-0.16.8.tgz 0ms (cache hit)
4231 http cache @eslint/config-array@https://registry.npmjs.org/@eslint/config-array/-/config-array-0.21.2.tgz 0ms (cache hit)
4232 http cache @eslint-community/regexpp@https://registry.npmjs.org/@eslint-community/regexpp/-/regexpp-4.12.2.tgz 0ms (cache hit)
4233 http cache @eslint/config-helpers@https://registry.npmjs.org/@eslint/config-helpers/-/config-helpers-0.4.2.tgz 0ms (cache hit)
4234 http cache vary@https://registry.npmjs.org/vary/-/vary-1.1.2.tgz 0ms (cache hit)
4235 http cache ms@https://registry.npmjs.org/ms/-/ms-2.1.3.tgz 0ms (cache hit)
4236 http cache @eslint-community/eslint-utils@https://registry.npmjs.org/@eslint-community/eslint-utils/-/eslint-utils-4.9.1.tgz 0ms (cache hit)
4237 http cache esprima@https://registry.npmjs.org/esprima/-/esprima-4.0.1.tgz 0ms (cache hit)
4238 http cache array-timsort@https://registry.npmjs.org/array-timsort/-/array-timsort-1.0.3.tgz 0ms (cache hit)
4239 http cache object-assign@https://registry.npmjs.org/object-assign/-/object-assign-4.1.1.tgz 0ms (cache hit)
4240 http cache deepmerge@https://registry.npmjs.org/deepmerge/-/deepmerge-4.3.1.tgz 0ms (cache hit)
4241 http cache @colors/colors@https://registry.npmjs.org/@colors/colors/-/colors-1.5.0.tgz 0ms (cache hit)
4242 http cache readdirp@https://registry.npmjs.org/readdirp/-/readdirp-4.1.2.tgz 0ms (cache hit)
4243 http cache json-schema-traverse@https://registry.npmjs.org/json-schema-traverse/-/json-schema-traverse-0.4.1.tgz 0ms (cache hit)
4244 http cache fast-json-stable-stringify@https://registry.npmjs.org/fast-json-stable-stringify/-/fast-json-stable-stringify-2.1.0.tgz 0ms (cache hit)
4245 http cache uri-js@https://registry.npmjs.org/uri-js/-/uri-js-4.4.1.tgz 0ms (cache hit)
4246 http cache @types/cookiejar@https://registry.npmjs.org/@types/cookiejar/-/cookiejar-2.1.5.tgz 0ms (cache hit)
4247 http cache fast-deep-equal@https://registry.npmjs.org/fast-deep-equal/-/fast-deep-equal-3.1.3.tgz 0ms (cache hit)
4248 http cache form-data@https://registry.npmjs.org/form-data/-/form-data-4.0.5.tgz 0ms (cache hit)
4249 http cache @types/methods@https://registry.npmjs.org/@types/methods/-/methods-1.1.4.tgz 0ms (cache hit)
4250 http cache @types/http-errors@https://registry.npmjs.org/@types/http-errors/-/http-errors-2.0.5.tgz 0ms (cache hit)
4251 http cache @types/superagent@https://registry.npmjs.org/@types/superagent/-/superagent-8.1.10.tgz 0ms (cache hit)
4252 http cache string-width@https://registry.npmjs.org/string-width/-/string-width-4.2.3.tgz 0ms (cache hit)
4253 http cache cosmiconfig@https://registry.npmjs.org/cosmiconfig/-/cosmiconfig-8.3.6.tgz 0ms (cache hit)
4254 http cache pretty-format@https://registry.npmjs.org/pretty-format/-/pretty-format-30.4.1.tgz 0ms (cache hit)
4255 http cache @types/qs@https://registry.npmjs.org/@types/qs/-/qs-6.15.1.tgz 0ms (cache hit)
4256 http cache @types/range-parser@https://registry.npmjs.org/@types/range-parser/-/range-parser-1.2.7.tgz 0ms (cache hit)
4257 http cache expect@https://registry.npmjs.org/expect/-/expect-30.4.1.tgz 0ms (cache hit)
4258 http cache @types/send@https://registry.npmjs.org/@types/send/-/send-1.2.1.tgz 0ms (cache hit)
4259 http cache undici-types@https://registry.npmjs.org/undici-types/-/undici-types-7.18.2.tgz 0ms (cache hit)
4260 http cache @types/serve-static@https://registry.npmjs.org/@types/serve-static/-/serve-static-2.2.0.tgz 0ms (cache hit)
4261 http cache pluralize@https://registry.npmjs.org/pluralize/-/pluralize-8.0.0.tgz 0ms (cache hit)
4262 http cache consola@https://registry.npmjs.org/consola/-/consola-3.4.2.tgz 0ms (cache hit)
4263 http cache @types/express-serve-static-core@https://registry.npmjs.org/@types/express-serve-static-core/-/express-serve-static-core-5.1.1.tgz 0ms (cache hit)
4264 http cache @types/body-parser@https://registry.npmjs.org/@types/body-parser/-/body-parser-1.19.6.tgz 0ms (cache hit)
4265 http cache multer@https://registry.npmjs.org/multer/-/multer-2.1.1.tgz 0ms (cache hit)
4266 http cache comment-json@https://registry.npmjs.org/comment-json/-/comment-json-5.0.0.tgz 0ms (cache hit)
4267 http cache express@https://registry.npmjs.org/express/-/express-5.2.1.tgz 0ms (cache hit)
4268 http cache fast-safe-stringify@https://registry.npmjs.org/fast-safe-stringify/-/fast-safe-stringify-2.1.1.tgz 0ms (cache hit)
4269 http cache cors@https://registry.npmjs.org/cors/-/cors-2.8.6.tgz 0ms (cache hit)
4270 http cache tslib@https://registry.npmjs.org/tslib/-/tslib-2.8.1.tgz 0ms (cache hit)
4271 http cache uid@https://registry.npmjs.org/uid/-/uid-2.0.2.tgz 0ms (cache hit)
4272 http cache @types/connect@https://registry.npmjs.org/@types/connect/-/connect-3.4.38.tgz 0ms (cache hit)
4273 http cache @nuxt/opencollective@https://registry.npmjs.org/@nuxt/opencollective/-/opencollective-0.4.1.tgz 0ms (cache hit)
4274 http cache file-type@https://registry.npmjs.org/file-type/-/file-type-21.3.4.tgz 0ms (cache hit)
4275 http cache iterare@https://registry.npmjs.org/iterare/-/iterare-1.2.1.tgz 0ms (cache hit)
4276 http cache path-to-regexp@https://registry.npmjs.org/path-to-regexp/-/path-to-regexp-8.4.2.tgz 0ms (cache hit)
4277 http cache wrap-ansi@https://registry.npmjs.org/wrap-ansi/-/wrap-ansi-6.2.0.tgz 0ms (cache hit)
4278 http cache @inquirer/external-editor@https://registry.npmjs.org/@inquirer/external-editor/-/external-editor-1.0.3.tgz 0ms (cache hit)
4279 http cache signal-exit@https://registry.npmjs.org/signal-exit/-/signal-exit-4.1.0.tgz 0ms (cache hit)
4280 http cache chardet@https://registry.npmjs.org/chardet/-/chardet-2.1.1.tgz 0ms (cache hit)
4281 http cache iconv-lite@https://registry.npmjs.org/iconv-lite/-/iconv-lite-0.7.2.tgz 0ms (cache hit)
4282 http cache mute-stream@https://registry.npmjs.org/mute-stream/-/mute-stream-2.0.0.tgz 0ms (cache hit)
4283 http cache cli-width@https://registry.npmjs.org/cli-width/-/cli-width-4.1.0.tgz 0ms (cache hit)
4284 http cache load-esm@https://registry.npmjs.org/load-esm/-/load-esm-1.0.3.tgz 0ms (cache hit)
4285 http cache @inquirer/figures@https://registry.npmjs.org/@inquirer/figures/-/figures-1.0.15.tgz 0ms (cache hit)
4286 http cache @inquirer/ansi@https://registry.npmjs.org/@inquirer/ansi/-/ansi-1.0.2.tgz 0ms (cache hit)
4287 http cache @inquirer/core@https://registry.npmjs.org/@inquirer/core/-/core-10.3.2.tgz 0ms (cache hit)
4288 http cache yoctocolors-cjs@https://registry.npmjs.org/yoctocolors-cjs/-/yoctocolors-cjs-2.1.3.tgz 0ms (cache hit)
4289 http cache @inquirer/type@https://registry.npmjs.org/@inquirer/type/-/type-3.0.10.tgz 0ms (cache hit)
4290 http cache @inquirer/rawlist@https://registry.npmjs.org/@inquirer/rawlist/-/rawlist-4.1.11.tgz 0ms (cache hit)
4291 http cache @inquirer/search@https://registry.npmjs.org/@inquirer/search/-/search-3.2.2.tgz 0ms (cache hit)
4292 http cache @inquirer/select@https://registry.npmjs.org/@inquirer/select/-/select-4.4.2.tgz 0ms (cache hit)
4293 http cache @inquirer/input@https://registry.npmjs.org/@inquirer/input/-/input-4.3.1.tgz 0ms (cache hit)
4294 http cache @inquirer/confirm@https://registry.npmjs.org/@inquirer/confirm/-/confirm-5.1.21.tgz 0ms (cache hit)
4295 http cache @inquirer/number@https://registry.npmjs.org/@inquirer/number/-/number-3.0.23.tgz 0ms (cache hit)
4296 http cache @inquirer/password@https://registry.npmjs.org/@inquirer/password/-/password-4.0.23.tgz 0ms (cache hit)
4297 http cache @inquirer/checkbox@https://registry.npmjs.org/@inquirer/checkbox/-/checkbox-4.3.2.tgz 0ms (cache hit)
4298 http cache yargs-parser@https://registry.npmjs.org/yargs-parser/-/yargs-parser-21.1.1.tgz 0ms (cache hit)
4299 http cache @inquirer/expand@https://registry.npmjs.org/@inquirer/expand/-/expand-4.0.23.tgz 0ms (cache hit)
4300 http cache ansi-colors@https://registry.npmjs.org/ansi-colors/-/ansi-colors-4.1.3.tgz 0ms (cache hit)
4301 http cache magic-string@https://registry.npmjs.org/magic-string/-/magic-string-0.30.17.tgz 0ms (cache hit)
4302 http cache @inquirer/editor@https://registry.npmjs.org/@inquirer/editor/-/editor-4.2.23.tgz 0ms (cache hit)
4303 http cache symbol-observable@https://registry.npmjs.org/symbol-observable/-/symbol-observable-4.0.0.tgz 0ms (cache hit)
4304 http cache jsonc-parser@https://registry.npmjs.org/jsonc-parser/-/jsonc-parser-3.3.1.tgz 0ms (cache hit)
4305 http cache ajv-formats@https://registry.npmjs.org/ajv-formats/-/ajv-formats-3.0.1.tgz 0ms (cache hit)
4306 http cache source-map@https://registry.npmjs.org/source-map/-/source-map-0.7.4.tgz 0ms (cache hit)
4307 http cache picomatch@https://registry.npmjs.org/picomatch/-/picomatch-4.0.4.tgz 0ms (cache hit)
4308 http cache webpack-node-externals@https://registry.npmjs.org/webpack-node-externals/-/webpack-node-externals-3.0.0.tgz 0ms (cache hit)
4309 http cache node-emoji@https://registry.npmjs.org/node-emoji/-/node-emoji-1.11.0.tgz 0ms (cache hit)
4310 http cache ora@https://registry.npmjs.org/ora/-/ora-5.4.1.tgz 0ms (cache hit)
4311 http cache commander@https://registry.npmjs.org/commander/-/commander-4.1.1.tgz 0ms (cache hit)
4312 http cache tsconfig-paths-webpack-plugin@https://registry.npmjs.org/tsconfig-paths-webpack-plugin/-/tsconfig-paths-webpack-plugin-4.2.0.tgz 0ms (cache hit)
4313 http cache cli-table3@https://registry.npmjs.org/cli-table3/-/cli-table3-0.6.5.tgz 0ms (cache hit)
4314 http cache glob@https://registry.npmjs.org/glob/-/glob-13.0.6.tgz 0ms (cache hit)
4315 http cache fork-ts-checker-webpack-plugin@https://registry.npmjs.org/fork-ts-checker-webpack-plugin/-/fork-ts-checker-webpack-plugin-9.1.0.tgz 0ms (cache hit)
4316 http cache chokidar@https://registry.npmjs.org/chokidar/-/chokidar-4.0.3.tgz 0ms (cache hit)
4317 http cache @angular-devkit/schematics@https://registry.npmjs.org/@angular-devkit/schematics/-/schematics-19.2.24.tgz 0ms (cache hit)
4318 http cache @angular-devkit/core@https://registry.npmjs.org/@angular-devkit/core/-/core-19.2.24.tgz 0ms (cache hit)
4319 http cache ansis@https://registry.npmjs.org/ansis/-/ansis-4.2.0.tgz 0ms (cache hit)
4320 http cache @inquirer/prompts@https://registry.npmjs.org/@inquirer/prompts/-/prompts-7.10.1.tgz 0ms (cache hit)
4321 http cache strip-json-comments@https://registry.npmjs.org/strip-json-comments/-/strip-json-comments-3.1.1.tgz 0ms (cache hit)
4322 http cache import-fresh@https://registry.npmjs.org/import-fresh/-/import-fresh-3.3.1.tgz 0ms (cache hit)
4323 http cache minimatch@https://registry.npmjs.org/minimatch/-/minimatch-3.1.5.tgz 0ms (cache hit)
4324 http cache js-yaml@https://registry.npmjs.org/js-yaml/-/js-yaml-4.2.0.tgz 0ms (cache hit)
4325 http cache ignore@https://registry.npmjs.org/ignore/-/ignore-5.3.2.tgz 0ms (cache hit)
4326 http cache @angular-devkit/schematics-cli@https://registry.npmjs.org/@angular-devkit/schematics-cli/-/schematics-cli-19.2.24.tgz 0ms (cache hit)
4327 http cache debug@https://registry.npmjs.org/debug/-/debug-4.4.3.tgz 0ms (cache hit)
4328 http cache espree@https://registry.npmjs.org/espree/-/espree-10.4.0.tgz 0ms (cache hit)
4329 http cache ajv@https://registry.npmjs.org/ajv/-/ajv-6.15.0.tgz 0ms (cache hit)
4330 http cache ts-node@https://registry.npmjs.org/ts-node/-/ts-node-10.9.2.tgz 0ms (cache hit)
4331 http cache ts-loader@https://registry.npmjs.org/ts-loader/-/ts-loader-9.6.0.tgz 0ms (cache hit)
4332 http cache ts-jest@https://registry.npmjs.org/ts-jest/-/ts-jest-29.4.11.tgz 0ms (cache hit)
4333 http cache tsconfig-paths@https://registry.npmjs.org/tsconfig-paths/-/tsconfig-paths-4.2.0.tgz 0ms (cache hit)
4334 http cache jest@https://registry.npmjs.org/jest/-/jest-30.4.2.tgz 0ms (cache hit)
4335 http cache typescript-eslint@https://registry.npmjs.org/typescript-eslint/-/typescript-eslint-8.60.1.tgz 0ms (cache hit)
4336 http cache source-map-support@https://registry.npmjs.org/source-map-support/-/source-map-support-0.5.21.tgz 0ms (cache hit)
4337 http cache eslint-plugin-prettier@https://registry.npmjs.org/eslint-plugin-prettier/-/eslint-plugin-prettier-5.5.6.tgz 0ms (cache hit)
4338 http cache webpack@https://registry.npmjs.org/webpack/-/webpack-5.107.2.tgz 0ms (cache hit)
4339 http cache globals@https://registry.npmjs.org/globals/-/globals-17.6.0.tgz 0ms (cache hit)
4340 http cache supertest@https://registry.npmjs.org/supertest/-/supertest-7.2.2.tgz 0ms (cache hit)
4341 http cache prettier@https://registry.npmjs.org/prettier/-/prettier-3.8.3.tgz 0ms (cache hit)
4342 http cache @types/supertest@https://registry.npmjs.org/@types/supertest/-/supertest-7.2.0.tgz 0ms (cache hit)
4343 http cache @types/jest@https://registry.npmjs.org/@types/jest/-/jest-30.0.0.tgz 0ms (cache hit)
4344 http cache @types/node@https://registry.npmjs.org/@types/node/-/node-24.13.0.tgz 0ms (cache hit)
4345 http cache eslint@https://registry.npmjs.org/eslint/-/eslint-9.39.4.tgz 0ms (cache hit)
4346 http cache eslint-config-prettier@https://registry.npmjs.org/eslint-config-prettier/-/eslint-config-prettier-10.1.8.tgz 0ms (cache hit)
4347 http cache @nestjs/testing@https://registry.npmjs.org/@nestjs/testing/-/testing-11.1.24.tgz 0ms (cache hit)
4348 http cache @types/express@https://registry.npmjs.org/@types/express/-/express-5.0.6.tgz 0ms (cache hit)
4349 http cache @nestjs/core@https://registry.npmjs.org/@nestjs/core/-/core-11.1.24.tgz 0ms (cache hit)
4350 http cache rxjs@https://registry.npmjs.org/rxjs/-/rxjs-7.8.2.tgz 0ms (cache hit)
4351 http cache @nestjs/schematics@https://registry.npmjs.org/@nestjs/schematics/-/schematics-11.1.0.tgz 0ms (cache hit)
4352 http cache @nestjs/platform-express@https://registry.npmjs.org/@nestjs/platform-express/-/platform-express-11.1.24.tgz 0ms (cache hit)
4353 http cache reflect-metadata@https://registry.npmjs.org/reflect-metadata/-/reflect-metadata-0.2.2.tgz 0ms (cache hit)
4354 http cache ansi-regex@https://registry.npmjs.org/ansi-regex/-/ansi-regex-6.2.2.tgz 0ms (cache hit)
4355 http cache @eslint/eslintrc@https://registry.npmjs.org/@eslint/eslintrc/-/eslintrc-3.3.5.tgz 0ms (cache hit)
4356 http cache typescript@https://registry.npmjs.org/typescript/-/typescript-5.9.3.tgz 0ms (cache hit)
4357 http cache ansi-styles@https://registry.npmjs.org/ansi-styles/-/ansi-styles-6.2.3.tgz 0ms (cache hit)
4358 http cache wrap-ansi@https://registry.npmjs.org/wrap-ansi/-/wrap-ansi-8.1.0.tgz 0ms (cache hit)
4359 http cache @eslint/js@https://registry.npmjs.org/@eslint/js/-/js-9.39.4.tgz 0ms (cache hit)
4360 http cache string-width@https://registry.npmjs.org/string-width/-/string-width-5.1.2.tgz 0ms (cache hit)
4361 http cache @nestjs/cli@https://registry.npmjs.org/@nestjs/cli/-/cli-11.0.21.tgz 0ms (cache hit)
4362 http cache @nestjs/common@https://registry.npmjs.org/@nestjs/common/-/common-11.1.24.tgz 0ms (cache hit)
4363 http cache json-schema-traverse@https://registry.npmjs.org/json-schema-traverse/-/json-schema-traverse-1.0.0.tgz 0ms (cache hit)
4364 http cache wrap-ansi@https://registry.npmjs.org/wrap-ansi/-/wrap-ansi-7.0.0.tgz 0ms (cache hit)
4365 http cache emoji-regex@https://registry.npmjs.org/emoji-regex/-/emoji-regex-9.2.2.tgz 0ms (cache hit)
4366 http cache commander@https://registry.npmjs.org/commander/-/commander-2.20.3.tgz 0ms (cache hit)
4367 http cache ajv-keywords@https://registry.npmjs.org/ajv-keywords/-/ajv-keywords-5.1.0.tgz 0ms (cache hit)
4368 http cache ajv-formats@https://registry.npmjs.org/ajv-formats/-/ajv-formats-2.1.1.tgz 0ms (cache hit)
4369 http cache jest-worker@https://registry.npmjs.org/jest-worker/-/jest-worker-27.5.1.tgz 0ms (cache hit)
4370 http cache schema-utils@https://registry.npmjs.org/schema-utils/-/schema-utils-4.3.3.tgz 0ms (cache hit)
4371 http cache supports-color@https://registry.npmjs.org/supports-color/-/supports-color-8.1.1.tgz 0ms (cache hit)
4372 http cache ajv@https://registry.npmjs.org/ajv/-/ajv-8.20.0.tgz 0ms (cache hit)
4373 http cache eslint-visitor-keys@https://registry.npmjs.org/eslint-visitor-keys/-/eslint-visitor-keys-5.0.1.tgz 0ms (cache hit)
4374 http cache minimatch@https://registry.npmjs.org/minimatch/-/minimatch-10.2.5.tgz 0ms (cache hit)
4375 http cache brace-expansion@https://registry.npmjs.org/brace-expansion/-/brace-expansion-5.0.6.tgz 0ms (cache hit)
4376 http cache picomatch@https://registry.npmjs.org/picomatch/-/picomatch-2.3.2.tgz 0ms (cache hit)
4377 http cache @jridgewell/trace-mapping@https://registry.npmjs.org/@jridgewell/trace-mapping/-/trace-mapping-0.3.9.tgz 0ms (cache hit)
4378 http cache ignore@https://registry.npmjs.org/ignore/-/ignore-7.0.5.tgz 0ms (cache hit)
4379 http cache balanced-match@https://registry.npmjs.org/balanced-match/-/balanced-match-4.0.4.tgz 0ms (cache hit)
4380 http cache source-map@https://registry.npmjs.org/source-map/-/source-map-0.6.1.tgz 0ms (cache hit)
4381 http cache signal-exit@https://registry.npmjs.org/signal-exit/-/signal-exit-3.0.7.tgz 0ms (cache hit)
4382 http cache resolve-from@https://registry.npmjs.org/resolve-from/-/resolve-from-5.0.0.tgz 0ms (cache hit)
4383 http cache p-limit@https://registry.npmjs.org/p-limit/-/p-limit-2.3.0.tgz 0ms (cache hit)
4384 http cache escape-string-regexp@https://registry.npmjs.org/escape-string-regexp/-/escape-string-regexp-2.0.0.tgz 0ms (cache hit)
4385 http cache picomatch@https://registry.npmjs.org/picomatch/-/picomatch-2.3.2.tgz 0ms (cache hit)
4386 http cache p-locate@https://registry.npmjs.org/p-locate/-/p-locate-4.1.0.tgz 0ms (cache hit)
4387 http cache p-limit@https://registry.npmjs.org/p-limit/-/p-limit-2.3.0.tgz 0ms (cache hit)
4388 http cache p-locate@https://registry.npmjs.org/p-locate/-/p-locate-4.1.0.tgz 0ms (cache hit)
4389 http cache locate-path@https://registry.npmjs.org/locate-path/-/locate-path-5.0.0.tgz 0ms (cache hit)
4390 http cache glob@https://registry.npmjs.org/glob/-/glob-7.2.3.tgz 0ms (cache hit)
4391 http cache argparse@https://registry.npmjs.org/argparse/-/argparse-1.0.10.tgz 0ms (cache hit)
4392 http cache resolve-from@https://registry.npmjs.org/resolve-from/-/resolve-from-5.0.0.tgz 0ms (cache hit)
4393 http cache find-up@https://registry.npmjs.org/find-up/-/find-up-4.1.0.tgz 0ms (cache hit)
4394 http cache locate-path@https://registry.npmjs.org/locate-path/-/locate-path-5.0.0.tgz 0ms (cache hit)
4395 http cache find-up@https://registry.npmjs.org/find-up/-/find-up-4.1.0.tgz 0ms (cache hit)
4396 http cache js-yaml@https://registry.npmjs.org/js-yaml/-/js-yaml-3.14.2.tgz 0ms (cache hit)
4397 http cache supports-color@https://registry.npmjs.org/supports-color/-/supports-color-8.1.1.tgz 0ms (cache hit)
4398 http cache strip-ansi@https://registry.npmjs.org/strip-ansi/-/strip-ansi-7.2.0.tgz 0ms (cache hit)
4399 http cache camelcase@https://registry.npmjs.org/camelcase/-/camelcase-6.3.0.tgz 0ms (cache hit)
4400 http cache semver@https://registry.npmjs.org/semver/-/semver-6.3.1.tgz 0ms (cache hit)
4401 http cache minimatch@https://registry.npmjs.org/minimatch/-/minimatch-9.0.9.tgz 0ms (cache hit)
4402 http cache lru-cache@https://registry.npmjs.org/lru-cache/-/lru-cache-10.4.3.tgz 0ms (cache hit)
4403 http cache brace-expansion@https://registry.npmjs.org/brace-expansion/-/brace-expansion-2.1.1.tgz 0ms (cache hit)
4404 http cache glob@https://registry.npmjs.org/glob/-/glob-10.5.0.tgz 0ms (cache hit)
4405 http cache path-scurry@https://registry.npmjs.org/path-scurry/-/path-scurry-1.11.1.tgz 0ms (cache hit)
4406 http cache lru-cache@https://registry.npmjs.org/lru-cache/-/lru-cache-10.4.3.tgz 0ms (cache hit)
4407 http cache signal-exit@https://registry.npmjs.org/signal-exit/-/signal-exit-3.0.7.tgz 0ms (cache hit)
4408 http cache source-map@https://registry.npmjs.org/source-map/-/source-map-0.6.1.tgz 0ms (cache hit)
4409 http cache semver@https://registry.npmjs.org/semver/-/semver-6.3.1.tgz 0ms (cache hit)
4410 http cache path-scurry@https://registry.npmjs.org/path-scurry/-/path-scurry-1.11.1.tgz 0ms (cache hit)
4411 http cache source-map-support@https://registry.npmjs.org/source-map-support/-/source-map-support-0.5.13.tgz 0ms (cache hit)
4412 http cache glob@https://registry.npmjs.org/glob/-/glob-10.5.0.tgz 0ms (cache hit)
4413 http cache path-scurry@https://registry.npmjs.org/path-scurry/-/path-scurry-1.11.1.tgz 0ms (cache hit)
4414 http cache glob@https://registry.npmjs.org/glob/-/glob-10.5.0.tgz 0ms (cache hit)
4415 http cache brace-expansion@https://registry.npmjs.org/brace-expansion/-/brace-expansion-2.1.1.tgz 0ms (cache hit)
4416 http cache minimatch@https://registry.npmjs.org/minimatch/-/minimatch-9.0.9.tgz 0ms (cache hit)
4417 http cache brace-expansion@https://registry.npmjs.org/brace-expansion/-/brace-expansion-2.1.1.tgz 0ms (cache hit)
4418 http cache minimatch@https://registry.npmjs.org/minimatch/-/minimatch-9.0.9.tgz 0ms (cache hit)
4419 http cache lru-cache@https://registry.npmjs.org/lru-cache/-/lru-cache-10.4.3.tgz 0ms (cache hit)
4420 http cache eslint-visitor-keys@https://registry.npmjs.org/eslint-visitor-keys/-/eslint-visitor-keys-3.4.3.tgz 0ms (cache hit)
4421 http cache mime-db@https://registry.npmjs.org/mime-db/-/mime-db-1.52.0.tgz 0ms (cache hit)
4422 http cache lru-cache@https://registry.npmjs.org/lru-cache/-/lru-cache-11.5.1.tgz 0ms (cache hit)
4423 http cache media-typer@https://registry.npmjs.org/media-typer/-/media-typer-0.3.0.tgz 0ms (cache hit)
4424 http cache mime-types@https://registry.npmjs.org/mime-types/-/mime-types-2.1.35.tgz 0ms (cache hit)
4425 http cache type-is@https://registry.npmjs.org/type-is/-/type-is-1.6.18.tgz 0ms (cache hit)
4426 http cache content-type@https://registry.npmjs.org/content-type/-/content-type-2.0.0.tgz 0ms (cache hit)
4427 http cache ansi-styles@https://registry.npmjs.org/ansi-styles/-/ansi-styles-5.2.0.tgz 0ms (cache hit)
4428 http cache mime-db@https://registry.npmjs.org/mime-db/-/mime-db-1.52.0.tgz 0ms (cache hit)
4429 http cache balanced-match@https://registry.npmjs.org/balanced-match/-/balanced-match-4.0.4.tgz 0ms (cache hit)
4430 http cache brace-expansion@https://registry.npmjs.org/brace-expansion/-/brace-expansion-5.0.6.tgz 0ms (cache hit)
4431 http cache ajv@https://registry.npmjs.org/ajv/-/ajv-8.20.0.tgz 0ms (cache hit)
4432 http cache mime-types@https://registry.npmjs.org/mime-types/-/mime-types-2.1.35.tgz 0ms (cache hit)
4433 http cache json-schema-traverse@https://registry.npmjs.org/json-schema-traverse/-/json-schema-traverse-1.0.0.tgz 0ms (cache hit)
4434 http cache @inquirer/prompts@https://registry.npmjs.org/@inquirer/prompts/-/prompts-7.3.2.tgz 0ms (cache hit)
4435 http cache rxjs@https://registry.npmjs.org/rxjs/-/rxjs-7.8.1.tgz 0ms (cache hit)
4436 http cache ajv@https://registry.npmjs.org/ajv/-/ajv-8.18.0.tgz 0ms (cache hit)
4437 http cache ajv@https://registry.npmjs.org/ajv/-/ajv-8.20.0.tgz 0ms (cache hit)
4438 http cache strip-bom@https://registry.npmjs.org/strip-bom/-/strip-bom-3.0.0.tgz 0ms (cache hit)
4439 http cache json-schema-traverse@https://registry.npmjs.org/json-schema-traverse/-/json-schema-traverse-1.0.0.tgz 0ms (cache hit)
4440 http cache ajv-formats@https://registry.npmjs.org/ajv-formats/-/ajv-formats-2.1.1.tgz 0ms (cache hit)
4441 http cache estraverse@https://registry.npmjs.org/estraverse/-/estraverse-4.3.0.tgz 0ms (cache hit)
4442 http cache type-fest@https://registry.npmjs.org/type-fest/-/type-fest-4.41.0.tgz 0ms (cache hit)
4443 http cache ajv-keywords@https://registry.npmjs.org/ajv-keywords/-/ajv-keywords-5.1.0.tgz 0ms (cache hit)
4444 http cache json-schema-traverse@https://registry.npmjs.org/json-schema-traverse/-/json-schema-traverse-1.0.0.tgz 0ms (cache hit)
4445 http cache schema-utils@https://registry.npmjs.org/schema-utils/-/schema-utils-4.3.3.tgz 0ms (cache hit)
4446 http cache eslint-scope@https://registry.npmjs.org/eslint-scope/-/eslint-scope-5.1.1.tgz 0ms (cache hit)
4447 http cache source-map@https://registry.npmjs.org/source-map/-/source-map-0.6.1.tgz 0ms (cache hit)
4448 http cache ajv-keywords@https://registry.npmjs.org/ajv-keywords/-/ajv-keywords-5.1.0.tgz 0ms (cache hit)
4449 http cache ajv@https://registry.npmjs.org/ajv/-/ajv-8.20.0.tgz 0ms (cache hit)
4450 http cache mime-db@https://registry.npmjs.org/mime-db/-/mime-db-1.52.0.tgz 0ms (cache hit)
4451 http cache ajv-formats@https://registry.npmjs.org/ajv-formats/-/ajv-formats-2.1.1.tgz 0ms (cache hit)
4452 http cache json-schema-traverse@https://registry.npmjs.org/json-schema-traverse/-/json-schema-traverse-1.0.0.tgz 0ms (cache hit)
4453 http cache schema-utils@https://registry.npmjs.org/schema-utils/-/schema-utils-4.3.3.tgz 0ms (cache hit)
4454 http cache webpack@https://registry.npmjs.org/webpack/-/webpack-5.106.0.tgz 0ms (cache hit)
4455 http cache eslint-scope@https://registry.npmjs.org/eslint-scope/-/eslint-scope-5.1.1.tgz 0ms (cache hit)
4456 http cache rxjs@https://registry.npmjs.org/rxjs/-/rxjs-7.8.1.tgz 0ms (cache hit)
4457 http cache minimatch@https://registry.npmjs.org/minimatch/-/minimatch-10.2.5.tgz 0ms (cache hit)
4458 silly tarball no local data for path-is-absolute@https://registry.npmjs.org/path-is-absolute/-/path-is-absolute-1.0.1.tgz. Extracting by manifest.
4459 http cache estraverse@https://registry.npmjs.org/estraverse/-/estraverse-4.3.0.tgz 0ms (cache hit)
4460 silly tarball no local data for fs.realpath@https://registry.npmjs.org/fs.realpath/-/fs.realpath-1.0.0.tgz. Extracting by manifest.
4461 http cache mime-types@https://registry.npmjs.org/mime-types/-/mime-types-2.1.35.tgz 0ms (cache hit)
4462 silly tarball no local data for inflight@https://registry.npmjs.org/inflight/-/inflight-1.0.6.tgz. Extracting by manifest.
4463 http cache globals@https://registry.npmjs.org/globals/-/globals-14.0.0.tgz 0ms (cache hit)
4464 silly tarball no local data for eastasianwidth@https://registry.npmjs.org/eastasianwidth/-/eastasianwidth-0.2.0.tgz. Extracting by manifest.
4465 silly tarball no local data for wrap-ansi-cjs@https://registry.npmjs.org/wrap-ansi/-/wrap-ansi-7.0.0.tgz. Extracting by manifest.
4466 silly tarball no local data for package-json-from-dist@https://registry.npmjs.org/package-json-from-dist/-/package-json-from-dist-1.0.1.tgz. Extracting by manifest.
4467 silly tarball no local data for @pkgjs/parseargs@https://registry.npmjs.org/@pkgjs/parseargs/-/parseargs-0.11.0.tgz. Extracting by manifest.
4468 silly tarball no local data for jackspeak@https://registry.npmjs.org/jackspeak/-/jackspeak-3.4.3.tgz. Extracting by manifest.
4469 silly tarball no local data for foreground-child@https://registry.npmjs.org/foreground-child/-/foreground-child-3.3.1.tgz. Extracting by manifest.
4470 silly tarball no local data for @isaacs/cliui@https://registry.npmjs.org/@isaacs/cliui/-/cliui-8.0.2.tgz. Extracting by manifest.
4471 silly tarball no local data for p-try@https://registry.npmjs.org/p-try/-/p-try-2.2.0.tgz. Extracting by manifest.
4472 silly tarball no local data for sprintf-js@https://registry.npmjs.org/sprintf-js/-/sprintf-js-1.0.3.tgz. Extracting by manifest.
4473 silly tarball no local data for y18n@https://registry.npmjs.org/y18n/-/y18n-5.0.8.tgz. Extracting by manifest.
4474 silly tarball no local data for get-caller-file@https://registry.npmjs.org/get-caller-file/-/get-caller-file-2.0.5.tgz. Extracting by manifest.
4475 silly tarball no local data for require-directory@https://registry.npmjs.org/require-directory/-/require-directory-2.1.1.tgz. Extracting by manifest.
4476 silly tarball no local data for cliui@https://registry.npmjs.org/cliui/-/cliui-8.0.1.tgz. Extracting by manifest.
4477 silly tarball no local data for isexe@https://registry.npmjs.org/isexe/-/isexe-2.0.0.tgz. Extracting by manifest.
4478 silly tarball no local data for tmpl@https://registry.npmjs.org/tmpl/-/tmpl-1.0.5.tgz. Extracting by manifest.
4479 silly tarball no local data for makeerror@https://registry.npmjs.org/makeerror/-/makeerror-1.0.12.tgz. Extracting by manifest.
4480 silly tarball no local data for napi-postinstall@https://registry.npmjs.org/napi-postinstall/-/napi-postinstall-0.3.4.tgz. Extracting by manifest.
4481 silly tarball no local data for @unrs/resolver-binding-darwin-arm64@https://registry.npmjs.org/@unrs/resolver-binding-darwin-arm64/-/resolver-binding-darwin-arm64-1.12.2.tgz. Extracting by manifest.
4482 silly tarball no local data for fdir@https://registry.npmjs.org/fdir/-/fdir-6.5.0.tgz. Extracting by manifest.
4483 silly tarball no local data for @lukeed/csprng@https://registry.npmjs.org/@lukeed/csprng/-/csprng-1.1.0.tgz. Extracting by manifest.
4484 silly tarball no local data for tinyglobby@https://registry.npmjs.org/tinyglobby/-/tinyglobby-0.2.17.tgz. Extracting by manifest.
4485 silly tarball no local data for @typescript-eslint/tsconfig-utils@https://registry.npmjs.org/@typescript-eslint/tsconfig-utils/-/tsconfig-utils-8.60.1.tgz. Extracting by manifest.
4486 silly tarball no local data for @typescript-eslint/project-service@https://registry.npmjs.org/@typescript-eslint/project-service/-/project-service-8.60.1.tgz. Extracting by manifest.
4487 silly tarball no local data for @typescript-eslint/types@https://registry.npmjs.org/@typescript-eslint/types/-/types-8.60.1.tgz. Extracting by manifest.
4488 silly tarball no local data for @typescript-eslint/visitor-keys@https://registry.npmjs.org/@typescript-eslint/visitor-keys/-/visitor-keys-8.60.1.tgz. Extracting by manifest.
4489 silly tarball no local data for @typescript-eslint/scope-manager@https://registry.npmjs.org/@typescript-eslint/scope-manager/-/scope-manager-8.60.1.tgz. Extracting by manifest.
4490 silly tarball no local data for @typescript-eslint/type-utils@https://registry.npmjs.org/@typescript-eslint/type-utils/-/type-utils-8.60.1.tgz. Extracting by manifest.
4491 silly tarball no local data for @typescript-eslint/utils@https://registry.npmjs.org/@typescript-eslint/utils/-/utils-8.60.1.tgz. Extracting by manifest.
4492 silly tarball no local data for @typescript-eslint/typescript-estree@https://registry.npmjs.org/@typescript-eslint/typescript-estree/-/typescript-estree-8.60.1.tgz. Extracting by manifest.
4493 silly tarball no local data for @typescript-eslint/parser@https://registry.npmjs.org/@typescript-eslint/parser/-/parser-8.60.1.tgz. Extracting by manifest.
4494 silly tarball no local data for @typescript-eslint/eslint-plugin@https://registry.npmjs.org/@typescript-eslint/eslint-plugin/-/eslint-plugin-8.60.1.tgz. Extracting by manifest.
4495 silly tarball no local data for yn@https://registry.npmjs.org/yn/-/yn-3.1.1.tgz. Extracting by manifest.
4496 silly tarball no local data for media-typer@https://registry.npmjs.org/media-typer/-/media-typer-1.1.0.tgz. Extracting by manifest.
4497 silly tarball no local data for diff@https://registry.npmjs.org/diff/-/diff-4.0.4.tgz. Extracting by manifest.
4498 silly tarball no local data for arg@https://registry.npmjs.org/arg/-/arg-4.1.3.tgz. Extracting by manifest.
4499 silly tarball no local data for create-require@https://registry.npmjs.org/create-require/-/create-require-1.1.1.tgz. Extracting by manifest.
4500 silly tarball no local data for v8-compile-cache-lib@https://registry.npmjs.org/v8-compile-cache-lib/-/v8-compile-cache-lib-3.0.1.tgz. Extracting by manifest.
4501 silly tarball no local data for acorn-walk@https://registry.npmjs.org/acorn-walk/-/acorn-walk-8.3.5.tgz. Extracting by manifest.
4502 silly tarball no local data for @tsconfig/node16@https://registry.npmjs.org/@tsconfig/node16/-/node16-1.0.4.tgz. Extracting by manifest.
4503 silly tarball no local data for @tsconfig/node12@https://registry.npmjs.org/@tsconfig/node12/-/node12-1.0.11.tgz. Extracting by manifest.
4504 silly tarball no local data for @tsconfig/node14@https://registry.npmjs.org/@tsconfig/node14/-/node14-1.0.3.tgz. Extracting by manifest.
4505 silly tarball no local data for ts-api-utils@https://registry.npmjs.org/ts-api-utils/-/ts-api-utils-2.5.0.tgz. Extracting by manifest.
4506 silly tarball no local data for to-regex-range@https://registry.npmjs.org/to-regex-range/-/to-regex-range-5.0.1.tgz. Extracting by manifest.
4507 silly tarball no local data for @cspotcode/source-map-support@https://registry.npmjs.org/@cspotcode/source-map-support/-/source-map-support-0.8.1.tgz. Extracting by manifest.
4508 silly tarball no local data for @tsconfig/node10@https://registry.npmjs.org/@tsconfig/node10/-/node10-1.0.12.tgz. Extracting by manifest.
4509 silly tarball no local data for braces@https://registry.npmjs.org/braces/-/braces-3.0.3.tgz. Extracting by manifest.
4510 silly tarball no local data for micromatch@https://registry.npmjs.org/micromatch/-/micromatch-4.0.8.tgz. Extracting by manifest.
4511 silly tarball no local data for wordwrap@https://registry.npmjs.org/wordwrap/-/wordwrap-1.0.0.tgz. Extracting by manifest.
4512 silly tarball no local data for uglify-js@https://registry.npmjs.org/uglify-js/-/uglify-js-3.19.3.tgz. Extracting by manifest.
4513 silly tarball no local data for is-number@https://registry.npmjs.org/is-number/-/is-number-7.0.0.tgz. Extracting by manifest.
4514 silly tarball no local data for make-error@https://registry.npmjs.org/make-error/-/make-error-1.3.6.tgz. Extracting by manifest.
4515 silly tarball no local data for lodash.memoize@https://registry.npmjs.org/lodash.memoize/-/lodash.memoize-4.1.2.tgz. Extracting by manifest.
4516 silly tarball no local data for bs-logger@https://registry.npmjs.org/bs-logger/-/bs-logger-0.2.6.tgz. Extracting by manifest.
4517 silly tarball no local data for handlebars@https://registry.npmjs.org/handlebars/-/handlebars-4.7.9.tgz. Extracting by manifest.
4518 silly tarball no local data for fill-range@https://registry.npmjs.org/fill-range/-/fill-range-7.1.1.tgz. Extracting by manifest.
4519 silly tarball no local data for @borewit/text-codec@https://registry.npmjs.org/@borewit/text-codec/-/text-codec-0.2.2.tgz. Extracting by manifest.
4520 silly tarball no local data for @noble/hashes@https://registry.npmjs.org/@noble/hashes/-/hashes-1.8.0.tgz. Extracting by manifest.
4521 silly tarball no local data for dezalgo@https://registry.npmjs.org/dezalgo/-/dezalgo-1.0.4.tgz. Extracting by manifest.
4522 silly tarball no local data for asap@https://registry.npmjs.org/asap/-/asap-2.0.6.tgz. Extracting by manifest.
4523 silly tarball no local data for @paralleldrive/cuid2@https://registry.npmjs.org/@paralleldrive/cuid2/-/cuid2-2.3.1.tgz. Extracting by manifest.
4524 silly tarball no local data for mime@https://registry.npmjs.org/mime/-/mime-2.6.0.tgz. Extracting by manifest.
4525 silly tarball no local data for cookiejar@https://registry.npmjs.org/cookiejar/-/cookiejar-2.1.4.tgz. Extracting by manifest.
4526 silly tarball no local data for superagent@https://registry.npmjs.org/superagent/-/superagent-10.3.0.tgz. Extracting by manifest.
4527 silly tarball no local data for formidable@https://registry.npmjs.org/formidable/-/formidable-3.5.4.tgz. Extracting by manifest.
4528 silly tarball no local data for methods@https://registry.npmjs.org/methods/-/methods-1.1.2.tgz. Extracting by manifest.
4529 silly tarball no local data for component-emitter@https://registry.npmjs.org/component-emitter/-/component-emitter-1.3.1.tgz. Extracting by manifest.
4530 silly tarball no local data for char-regex@https://registry.npmjs.org/char-regex/-/char-regex-1.0.2.tgz. Extracting by manifest.
4531 silly tarball no local data for call-bound@https://registry.npmjs.org/call-bound/-/call-bound-1.0.4.tgz. Extracting by manifest.
4532 silly tarball no local data for @tokenizer/token@https://registry.npmjs.org/@tokenizer/token/-/token-0.3.0.tgz. Extracting by manifest.
4533 silly tarball no local data for side-channel-weakmap@https://registry.npmjs.org/side-channel-weakmap/-/side-channel-weakmap-1.0.2.tgz. Extracting by manifest.
4534 silly tarball no local data for side-channel-list@https://registry.npmjs.org/side-channel-list/-/side-channel-list-1.0.1.tgz. Extracting by manifest.
4535 silly tarball no local data for side-channel-map@https://registry.npmjs.org/side-channel-map/-/side-channel-map-1.0.1.tgz. Extracting by manifest.
4536 silly tarball no local data for object-inspect@https://registry.npmjs.org/object-inspect/-/object-inspect-1.13.4.tgz. Extracting by manifest.
4537 silly tarball no local data for shebang-regex@https://registry.npmjs.org/shebang-regex/-/shebang-regex-3.0.0.tgz. Extracting by manifest.
4538 silly tarball no local data for @pkgr/core@https://registry.npmjs.org/@pkgr/core/-/core-0.3.6.tgz. Extracting by manifest.
4539 silly tarball no local data for is-promise@https://registry.npmjs.org/is-promise/-/is-promise-4.0.0.tgz. Extracting by manifest.
4540 silly tarball no local data for unpipe@https://registry.npmjs.org/unpipe/-/unpipe-1.0.0.tgz. Extracting by manifest.
4541 silly tarball no local data for side-channel@https://registry.npmjs.org/side-channel/-/side-channel-1.1.0.tgz. Extracting by manifest.
4542 silly tarball no local data for react-is-18@https://registry.npmjs.org/react-is/-/react-is-18.3.1.tgz. Extracting by manifest.
4543 silly tarball no local data for forwarded@https://registry.npmjs.org/forwarded/-/forwarded-0.2.0.tgz. Extracting by manifest.
4544 silly tarball no local data for fast-diff@https://registry.npmjs.org/fast-diff/-/fast-diff-1.3.0.tgz. Extracting by manifest.
4545 silly tarball no local data for yocto-queue@https://registry.npmjs.org/yocto-queue/-/yocto-queue-0.1.0.tgz. Extracting by manifest.
4546 silly tarball no local data for react-is-19@https://registry.npmjs.org/react-is/-/react-is-19.2.7.tgz. Extracting by manifest.
4547 silly tarball no local data for word-wrap@https://registry.npmjs.org/word-wrap/-/word-wrap-1.2.5.tgz. Extracting by manifest.
4548 silly tarball no local data for deep-is@https://registry.npmjs.org/deep-is/-/deep-is-0.1.4.tgz. Extracting by manifest.
4549 silly tarball no local data for fast-levenshtein@https://registry.npmjs.org/fast-levenshtein/-/fast-levenshtein-2.0.6.tgz. Extracting by manifest.
4550 silly tarball no local data for ee-first@https://registry.npmjs.org/ee-first/-/ee-first-1.1.1.tgz. Extracting by manifest.
4551 silly tarball no local data for ipaddr.js@https://registry.npmjs.org/ipaddr.js/-/ipaddr.js-1.9.1.tgz. Extracting by manifest.
4552 silly tarball no local data for typedarray@https://registry.npmjs.org/typedarray/-/typedarray-0.0.6.tgz. Extracting by manifest.
4553 silly tarball no local data for streamsearch@https://registry.npmjs.org/streamsearch/-/streamsearch-1.1.0.tgz. Extracting by manifest.
4554 silly tarball no local data for concat-stream@https://registry.npmjs.org/concat-stream/-/concat-stream-2.0.0.tgz. Extracting by manifest.
4555 silly tarball no local data for busboy@https://registry.npmjs.org/busboy/-/busboy-1.6.0.tgz. Extracting by manifest.
4556 silly tarball no local data for append-field@https://registry.npmjs.org/append-field/-/append-field-1.0.0.tgz. Extracting by manifest.
4557 silly tarball no local data for mime-db@https://registry.npmjs.org/mime-db/-/mime-db-1.54.0.tgz. Extracting by manifest.
4558 silly tarball no local data for yallist@https://registry.npmjs.org/yallist/-/yallist-3.1.1.tgz. Extracting by manifest.
4559 silly tarball no local data for p-locate@https://registry.npmjs.org/p-locate/-/p-locate-5.0.0.tgz. Extracting by manifest.
4560 silly tarball no local data for wrappy@https://registry.npmjs.org/wrappy/-/wrappy-1.0.2.tgz. Extracting by manifest.
4561 silly tarball no local data for prelude-ls@https://registry.npmjs.org/prelude-ls/-/prelude-ls-1.2.1.tgz. Extracting by manifest.
4562 silly tarball no local data for @ungap/structured-clone@https://registry.npmjs.org/@ungap/structured-clone/-/structured-clone-1.3.1.tgz. Extracting by manifest.
4563 silly tarball no local data for leven@https://registry.npmjs.org/leven/-/leven-3.1.0.tgz. Extracting by manifest.
4564 silly tarball no local data for type-check@https://registry.npmjs.org/type-check/-/type-check-0.4.0.tgz. Extracting by manifest.
4565 silly tarball no local data for json-buffer@https://registry.npmjs.org/json-buffer/-/json-buffer-3.0.1.tgz. Extracting by manifest.
4566 silly tarball no local data for @jest/snapshot-utils@https://registry.npmjs.org/@jest/snapshot-utils/-/snapshot-utils-30.4.1.tgz. Extracting by manifest.
4567 silly tarball no local data for @babel/plugin-syntax-typescript@https://registry.npmjs.org/@babel/plugin-syntax-typescript/-/plugin-syntax-typescript-7.29.7.tgz. Extracting by manifest.
4568 silly tarball no local data for strip-bom@https://registry.npmjs.org/strip-bom/-/strip-bom-4.0.0.tgz. Extracting by manifest.
4569 silly tarball no local data for @babel/plugin-syntax-jsx@https://registry.npmjs.org/@babel/plugin-syntax-jsx/-/plugin-syntax-jsx-7.29.7.tgz. Extracting by manifest.
4570 silly tarball no local data for cjs-module-lexer@https://registry.npmjs.org/cjs-module-lexer/-/cjs-module-lexer-2.2.0.tgz. Extracting by manifest.
4571 silly tarball no local data for @jest/source-map@https://registry.npmjs.org/@jest/source-map/-/source-map-30.0.1.tgz. Extracting by manifest.
4572 silly tarball no local data for @jest/globals@https://registry.npmjs.org/@jest/globals/-/globals-30.4.1.tgz. Extracting by manifest.
4573 silly tarball no local data for jest-leak-detector@https://registry.npmjs.org/jest-leak-detector/-/jest-leak-detector-30.4.1.tgz. Extracting by manifest.
4574 silly tarball no local data for jest-pnp-resolver@https://registry.npmjs.org/jest-pnp-resolver/-/jest-pnp-resolver-1.2.3.tgz. Extracting by manifest.
4575 silly tarball no local data for unrs-resolver@https://registry.npmjs.org/unrs-resolver/-/unrs-resolver-1.12.2.tgz. Extracting by manifest.
4576 silly tarball no local data for emittery@https://registry.npmjs.org/emittery/-/emittery-0.13.1.tgz. Extracting by manifest.
4577 silly tarball no local data for node-int64@https://registry.npmjs.org/node-int64/-/node-int64-0.4.0.tgz. Extracting by manifest.
4578 silly tarball no local data for jest-diff@https://registry.npmjs.org/jest-diff/-/jest-diff-30.4.1.tgz. Extracting by manifest.
4579 silly tarball no local data for @types/stack-utils@https://registry.npmjs.org/@types/stack-utils/-/stack-utils-2.0.3.tgz. Extracting by manifest.
4580 silly tarball no local data for normalize-path@https://registry.npmjs.org/normalize-path/-/normalize-path-3.0.0.tgz. Extracting by manifest.
4581 silly tarball no local data for walker@https://registry.npmjs.org/walker/-/walker-1.0.8.tgz. Extracting by manifest.
4582 silly tarball no local data for bser@https://registry.npmjs.org/bser/-/bser-2.1.1.tgz. Extracting by manifest.
4583 silly tarball no local data for @jest/diff-sequences@https://registry.npmjs.org/@jest/diff-sequences/-/diff-sequences-30.4.0.tgz. Extracting by manifest.
4584 silly tarball no local data for fsevents@https://registry.npmjs.org/fsevents/-/fsevents-2.3.3.tgz. Extracting by manifest.
4585 silly tarball no local data for fb-watchman@https://registry.npmjs.org/fb-watchman/-/fb-watchman-2.0.2.tgz. Extracting by manifest.
4586 silly tarball no local data for detect-newline@https://registry.npmjs.org/detect-newline/-/detect-newline-3.1.0.tgz. Extracting by manifest.
4587 silly tarball no local data for @sinonjs/commons@https://registry.npmjs.org/@sinonjs/commons/-/commons-3.0.1.tgz. Extracting by manifest.
4588 silly tarball no local data for type-detect@https://registry.npmjs.org/type-detect/-/type-detect-4.0.8.tgz. Extracting by manifest.
4589 silly tarball no local data for @jest/fake-timers@https://registry.npmjs.org/@jest/fake-timers/-/fake-timers-30.4.1.tgz. Extracting by manifest.
4590 silly tarball no local data for pure-rand@https://registry.npmjs.org/pure-rand/-/pure-rand-7.0.1.tgz. Extracting by manifest.
4591 silly tarball no local data for anymatch@https://registry.npmjs.org/anymatch/-/anymatch-3.1.3.tgz. Extracting by manifest.
4592 silly tarball no local data for dedent@https://registry.npmjs.org/dedent/-/dedent-1.7.2.tgz. Extracting by manifest.
4593 silly tarball no local data for @sinonjs/fake-timers@https://registry.npmjs.org/@sinonjs/fake-timers/-/fake-timers-15.4.0.tgz. Extracting by manifest.
4594 silly tarball no local data for is-generator-fn@https://registry.npmjs.org/is-generator-fn/-/is-generator-fn-2.1.0.tgz. Extracting by manifest.
4595 silly tarball no local data for co@https://registry.npmjs.org/co/-/co-4.6.0.tgz. Extracting by manifest.
4596 silly tarball no local data for jest-each@https://registry.npmjs.org/jest-each/-/jest-each-30.4.1.tgz. Extracting by manifest.
4597 silly tarball no local data for stack-utils@https://registry.npmjs.org/stack-utils/-/stack-utils-2.0.6.tgz. Extracting by manifest.
4598 silly tarball no local data for @babel/plugin-syntax-top-level-await@https://registry.npmjs.org/@babel/plugin-syntax-top-level-await/-/plugin-syntax-top-level-await-7.14.5.tgz. Extracting by manifest.
4599 silly tarball no local data for @jest/environment@https://registry.npmjs.org/@jest/environment/-/environment-30.4.1.tgz. Extracting by manifest.
4600 silly tarball no local data for @babel/plugin-syntax-object-rest-spread@https://registry.npmjs.org/@babel/plugin-syntax-object-rest-spread/-/plugin-syntax-object-rest-spread-7.8.3.tgz. Extracting by manifest.
4601 silly tarball no local data for @babel/plugin-syntax-optional-catch-binding@https://registry.npmjs.org/@babel/plugin-syntax-optional-catch-binding/-/plugin-syntax-optional-catch-binding-7.8.3.tgz. Extracting by manifest.
4602 silly tarball no local data for @jest/expect@https://registry.npmjs.org/@jest/expect/-/expect-30.4.1.tgz. Extracting by manifest.
4603 silly tarball no local data for @babel/plugin-syntax-private-property-in-object@https://registry.npmjs.org/@babel/plugin-syntax-private-property-in-object/-/plugin-syntax-private-property-in-object-7.14.5.tgz. Extracting by manifest.
4604 silly tarball no local data for @babel/plugin-syntax-optional-chaining@https://registry.npmjs.org/@babel/plugin-syntax-optional-chaining/-/plugin-syntax-optional-chaining-7.8.3.tgz. Extracting by manifest.
4605 silly tarball no local data for @babel/plugin-syntax-json-strings@https://registry.npmjs.org/@babel/plugin-syntax-json-strings/-/plugin-syntax-json-strings-7.8.3.tgz. Extracting by manifest.
4606 silly tarball no local data for @babel/plugin-syntax-nullish-coalescing-operator@https://registry.npmjs.org/@babel/plugin-syntax-nullish-coalescing-operator/-/plugin-syntax-nullish-coalescing-operator-7.8.3.tgz. Extracting by manifest.
4607 silly tarball no local data for @babel/plugin-syntax-logical-assignment-operators@https://registry.npmjs.org/@babel/plugin-syntax-logical-assignment-operators/-/plugin-syntax-logical-assignment-operators-7.10.4.tgz. Extracting by manifest.
4608 silly tarball no local data for @babel/plugin-syntax-import-meta@https://registry.npmjs.org/@babel/plugin-syntax-import-meta/-/plugin-syntax-import-meta-7.10.4.tgz. Extracting by manifest.
4609 silly tarball no local data for @babel/plugin-syntax-numeric-separator@https://registry.npmjs.org/@babel/plugin-syntax-numeric-separator/-/plugin-syntax-numeric-separator-7.10.4.tgz. Extracting by manifest.
4610 silly tarball no local data for @babel/plugin-syntax-import-attributes@https://registry.npmjs.org/@babel/plugin-syntax-import-attributes/-/plugin-syntax-import-attributes-7.29.7.tgz. Extracting by manifest.
4611 silly tarball no local data for @babel/plugin-syntax-bigint@https://registry.npmjs.org/@babel/plugin-syntax-bigint/-/plugin-syntax-bigint-7.8.3.tgz. Extracting by manifest.
4612 silly tarball no local data for @babel/plugin-syntax-async-generators@https://registry.npmjs.org/@babel/plugin-syntax-async-generators/-/plugin-syntax-async-generators-7.8.4.tgz. Extracting by manifest.
4613 silly tarball no local data for babel-preset-current-node-syntax@https://registry.npmjs.org/babel-preset-current-node-syntax/-/babel-preset-current-node-syntax-1.2.0.tgz. Extracting by manifest.
4614 silly tarball no local data for @types/babel__template@https://registry.npmjs.org/@types/babel__template/-/babel__template-7.4.4.tgz. Extracting by manifest.
4615 silly tarball no local data for @babel/plugin-syntax-class-static-block@https://registry.npmjs.org/@babel/plugin-syntax-class-static-block/-/plugin-syntax-class-static-block-7.14.5.tgz. Extracting by manifest.
4616 silly tarball no local data for @types/babel__generator@https://registry.npmjs.org/@types/babel__generator/-/babel__generator-7.27.0.tgz. Extracting by manifest.
4617 silly tarball no local data for @types/babel__traverse@https://registry.npmjs.org/@types/babel__traverse/-/babel__traverse-7.28.0.tgz. Extracting by manifest.
4618 silly tarball no local data for babel-preset-jest@https://registry.npmjs.org/babel-preset-jest/-/babel-preset-jest-30.4.0.tgz. Extracting by manifest.
4619 silly tarball no local data for @babel/plugin-syntax-class-properties@https://registry.npmjs.org/@babel/plugin-syntax-class-properties/-/plugin-syntax-class-properties-7.12.13.tgz. Extracting by manifest.
4620 silly tarball no local data for @types/babel__core@https://registry.npmjs.org/@types/babel__core/-/babel__core-7.20.5.tgz. Extracting by manifest.
4621 silly tarball no local data for babel-jest@https://registry.npmjs.org/babel-jest/-/babel-jest-30.4.1.tgz. Extracting by manifest.
4622 silly tarball no local data for jest-environment-node@https://registry.npmjs.org/jest-environment-node/-/jest-environment-node-30.4.1.tgz. Extracting by manifest.
4623 silly tarball no local data for @jest/test-sequencer@https://registry.npmjs.org/@jest/test-sequencer/-/test-sequencer-30.4.1.tgz. Extracting by manifest.
4624 silly tarball no local data for jest-circus@https://registry.npmjs.org/jest-circus/-/jest-circus-30.4.2.tgz. Extracting by manifest.
4625 silly tarball no local data for yargs@https://registry.npmjs.org/yargs/-/yargs-17.7.2.tgz. Extracting by manifest.
4626 silly tarball no local data for jest-docblock@https://registry.npmjs.org/jest-docblock/-/jest-docblock-30.4.0.tgz. Extracting by manifest.
4627 silly tarball no local data for babel-plugin-jest-hoist@https://registry.npmjs.org/babel-plugin-jest-hoist/-/babel-plugin-jest-hoist-30.4.0.tgz. Extracting by manifest.
4628 silly tarball no local data for strip-final-newline@https://registry.npmjs.org/strip-final-newline/-/strip-final-newline-2.0.0.tgz. Extracting by manifest.
4629 silly tarball no local data for get-stream@https://registry.npmjs.org/get-stream/-/get-stream-6.0.1.tgz. Extracting by manifest.
4630 silly tarball no local data for execa@https://registry.npmjs.org/execa/-/execa-5.1.1.tgz. Extracting by manifest.
4631 silly tarball no local data for p-limit@https://registry.npmjs.org/p-limit/-/p-limit-3.1.0.tgz. Extracting by manifest.
4632 silly tarball no local data for human-signals@https://registry.npmjs.org/human-signals/-/human-signals-2.1.0.tgz. Extracting by manifest.
4633 silly tarball no local data for make-dir@https://registry.npmjs.org/make-dir/-/make-dir-4.0.0.tgz. Extracting by manifest.
4634 silly tarball no local data for npm-run-path@https://registry.npmjs.org/npm-run-path/-/npm-run-path-4.0.1.tgz. Extracting by manifest.
4635 silly tarball no local data for html-escaper@https://registry.npmjs.org/html-escaper/-/html-escaper-2.0.2.tgz. Extracting by manifest.
4636 silly tarball no local data for pkg-dir@https://registry.npmjs.org/pkg-dir/-/pkg-dir-4.2.0.tgz. Extracting by manifest.
4637 silly tarball no local data for resolve-cwd@https://registry.npmjs.org/resolve-cwd/-/resolve-cwd-3.0.0.tgz. Extracting by manifest.
4638 silly tarball no local data for get-package-type@https://registry.npmjs.org/get-package-type/-/get-package-type-0.1.0.tgz. Extracting by manifest.
4639 silly tarball no local data for is-stream@https://registry.npmjs.org/is-stream/-/is-stream-2.0.1.tgz. Extracting by manifest.
4640 silly tarball no local data for @istanbuljs/schema@https://registry.npmjs.org/@istanbuljs/schema/-/schema-0.1.6.tgz. Extracting by manifest.
4641 silly tarball no local data for test-exclude@https://registry.npmjs.org/test-exclude/-/test-exclude-6.0.0.tgz. Extracting by manifest.
4642 silly tarball no local data for camelcase@https://registry.npmjs.org/camelcase/-/camelcase-5.3.1.tgz. Extracting by manifest.
4643 silly tarball no local data for type-fest@https://registry.npmjs.org/type-fest/-/type-fest-0.21.3.tgz. Extracting by manifest.
4644 silly tarball no local data for @babel/helper-plugin-utils@https://registry.npmjs.org/@babel/helper-plugin-utils/-/helper-plugin-utils-7.29.7.tgz. Extracting by manifest.
4645 silly tarball no local data for @istanbuljs/load-nyc-config@https://registry.npmjs.org/@istanbuljs/load-nyc-config/-/load-nyc-config-1.1.0.tgz. Extracting by manifest.
4646 silly tarball no local data for @types/yargs-parser@https://registry.npmjs.org/@types/yargs-parser/-/yargs-parser-21.0.3.tgz. Extracting by manifest.
4647 silly tarball no local data for @types/istanbul-lib-report@https://registry.npmjs.org/@types/istanbul-lib-report/-/istanbul-lib-report-3.0.3.tgz. Extracting by manifest.
4648 silly tarball no local data for @types/istanbul-reports@https://registry.npmjs.org/@types/istanbul-reports/-/istanbul-reports-3.0.4.tgz. Extracting by manifest.
4649 silly tarball no local data for @types/yargs@https://registry.npmjs.org/@types/yargs/-/yargs-17.0.35.tgz. Extracting by manifest.
4650 silly tarball no local data for @jest/schemas@https://registry.npmjs.org/@jest/schemas/-/schemas-30.4.1.tgz. Extracting by manifest.
4651 silly tarball no local data for @sinclair/typebox@https://registry.npmjs.org/@sinclair/typebox/-/typebox-0.34.49.tgz. Extracting by manifest.
4652 silly tarball no local data for @babel/helper-string-parser@https://registry.npmjs.org/@babel/helper-string-parser/-/helper-string-parser-7.29.7.tgz. Extracting by manifest.
4653 silly tarball no local data for lru-cache@https://registry.npmjs.org/lru-cache/-/lru-cache-5.1.1.tgz. Extracting by manifest.
4654 silly tarball no local data for @babel/helper-globals@https://registry.npmjs.org/@babel/helper-globals/-/helper-globals-7.29.7.tgz. Extracting by manifest.
4655 silly tarball no local data for @babel/compat-data@https://registry.npmjs.org/@babel/compat-data/-/compat-data-7.29.7.tgz. Extracting by manifest.
4656 silly tarball no local data for @babel/helper-validator-option@https://registry.npmjs.org/@babel/helper-validator-option/-/helper-validator-option-7.29.7.tgz. Extracting by manifest.
4657 silly tarball no local data for @babel/helper-module-imports@https://registry.npmjs.org/@babel/helper-module-imports/-/helper-module-imports-7.29.7.tgz. Extracting by manifest.
4658 silly tarball no local data for jsesc@https://registry.npmjs.org/jsesc/-/jsesc-3.1.0.tgz. Extracting by manifest.
4659 silly tarball no local data for @jridgewell/remapping@https://registry.npmjs.org/@jridgewell/remapping/-/remapping-2.3.5.tgz. Extracting by manifest.
4660 silly tarball no local data for @babel/types@https://registry.npmjs.org/@babel/types/-/types-7.29.7.tgz. Extracting by manifest.
4661 silly tarball no local data for @babel/template@https://registry.npmjs.org/@babel/template/-/template-7.29.7.tgz. Extracting by manifest.
4662 silly tarball no local data for gensync@https://registry.npmjs.org/gensync/-/gensync-1.0.0-beta.2.tgz. Extracting by manifest.
4663 silly tarball no local data for @babel/parser@https://registry.npmjs.org/@babel/parser/-/parser-7.29.7.tgz. Extracting by manifest.
4664 silly tarball no local data for @babel/traverse@https://registry.npmjs.org/@babel/traverse/-/traverse-7.29.7.tgz. Extracting by manifest.
4665 silly tarball no local data for @babel/helpers@https://registry.npmjs.org/@babel/helpers/-/helpers-7.29.7.tgz. Extracting by manifest.
4666 silly tarball no local data for @babel/helper-compilation-targets@https://registry.npmjs.org/@babel/helper-compilation-targets/-/helper-compilation-targets-7.29.7.tgz. Extracting by manifest.
4667 silly tarball no local data for @babel/generator@https://registry.npmjs.org/@babel/generator/-/generator-7.29.7.tgz. Extracting by manifest.
4668 silly tarball no local data for pirates@https://registry.npmjs.org/pirates/-/pirates-4.0.7.tgz. Extracting by manifest.
4669 silly tarball no local data for @babel/helper-module-transforms@https://registry.npmjs.org/@babel/helper-module-transforms/-/helper-module-transforms-7.29.7.tgz. Extracting by manifest.
4670 silly tarball no local data for convert-source-map@https://registry.npmjs.org/convert-source-map/-/convert-source-map-2.0.0.tgz. Extracting by manifest.
4671 silly tarball no local data for babel-plugin-istanbul@https://registry.npmjs.org/babel-plugin-istanbul/-/babel-plugin-istanbul-7.0.1.tgz. Extracting by manifest.
4672 silly tarball no local data for v8-to-istanbul@https://registry.npmjs.org/v8-to-istanbul/-/v8-to-istanbul-9.3.0.tgz. Extracting by manifest.
4673 silly tarball no local data for string-length@https://registry.npmjs.org/string-length/-/string-length-4.0.2.tgz. Extracting by manifest.
4674 silly tarball no local data for istanbul-reports@https://registry.npmjs.org/istanbul-reports/-/istanbul-reports-3.2.0.tgz. Extracting by manifest.
4675 silly tarball no local data for jest-worker@https://registry.npmjs.org/jest-worker/-/jest-worker-30.4.1.tgz. Extracting by manifest.
4676 silly tarball no local data for write-file-atomic@https://registry.npmjs.org/write-file-atomic/-/write-file-atomic-5.0.1.tgz. Extracting by manifest.
4677 silly tarball no local data for istanbul-lib-report@https://registry.npmjs.org/istanbul-lib-report/-/istanbul-lib-report-3.0.1.tgz. Extracting by manifest.
4678 silly tarball no local data for istanbul-lib-coverage@https://registry.npmjs.org/istanbul-lib-coverage/-/istanbul-lib-coverage-3.2.2.tgz. Extracting by manifest.
4679 silly tarball no local data for istanbul-lib-source-maps@https://registry.npmjs.org/istanbul-lib-source-maps/-/istanbul-lib-source-maps-5.0.6.tgz. Extracting by manifest.
4680 silly tarball no local data for istanbul-lib-instrument@https://registry.npmjs.org/istanbul-lib-instrument/-/istanbul-lib-instrument-6.0.3.tgz. Extracting by manifest.
4681 silly tarball no local data for @types/istanbul-lib-coverage@https://registry.npmjs.org/@types/istanbul-lib-coverage/-/istanbul-lib-coverage-2.0.6.tgz. Extracting by manifest.
4682 silly tarball no local data for slash@https://registry.npmjs.org/slash/-/slash-3.0.0.tgz. Extracting by manifest.
4683 silly tarball no local data for collect-v8-coverage@https://registry.npmjs.org/collect-v8-coverage/-/collect-v8-coverage-1.0.3.tgz. Extracting by manifest.
4684 silly tarball no local data for @bcoe/v8-coverage@https://registry.npmjs.org/@bcoe/v8-coverage/-/v8-coverage-0.2.3.tgz. Extracting by manifest.
4685 silly tarball no local data for jest-watcher@https://registry.npmjs.org/jest-watcher/-/jest-watcher-30.4.1.tgz. Extracting by manifest.
4686 silly tarball no local data for jest-validate@https://registry.npmjs.org/jest-validate/-/jest-validate-30.4.1.tgz. Extracting by manifest.
4687 silly tarball no local data for jest-snapshot@https://registry.npmjs.org/jest-snapshot/-/jest-snapshot-30.4.1.tgz. Extracting by manifest.
4688 silly tarball no local data for jest-resolve-dependencies@https://registry.npmjs.org/jest-resolve-dependencies/-/jest-resolve-dependencies-30.4.2.tgz. Extracting by manifest.
4689 silly tarball no local data for jest-runner@https://registry.npmjs.org/jest-runner/-/jest-runner-30.4.2.tgz. Extracting by manifest.
4690 silly tarball no local data for jest-runtime@https://registry.npmjs.org/jest-runtime/-/jest-runtime-30.4.2.tgz. Extracting by manifest.
4691 silly tarball no local data for jest-resolve@https://registry.npmjs.org/jest-resolve/-/jest-resolve-30.4.1.tgz. Extracting by manifest.
4692 silly tarball no local data for jest-config@https://registry.npmjs.org/jest-config/-/jest-config-30.4.2.tgz. Extracting by manifest.
4693 silly tarball no local data for jest-regex-util@https://registry.npmjs.org/jest-regex-util/-/jest-regex-util-30.4.0.tgz. Extracting by manifest.
4694 silly tarball no local data for jest-haste-map@https://registry.npmjs.org/jest-haste-map/-/jest-haste-map-30.4.1.tgz. Extracting by manifest.
4695 silly tarball no local data for jest-changed-files@https://registry.npmjs.org/jest-changed-files/-/jest-changed-files-30.4.1.tgz. Extracting by manifest.
4696 silly tarball no local data for ci-info@https://registry.npmjs.org/ci-info/-/ci-info-4.4.0.tgz. Extracting by manifest.
4697 silly tarball no local data for ansi-escapes@https://registry.npmjs.org/ansi-escapes/-/ansi-escapes-4.3.2.tgz. Extracting by manifest.
4698 silly tarball no local data for @babel/core@https://registry.npmjs.org/@babel/core/-/core-7.29.7.tgz. Extracting by manifest.
4699 silly tarball no local data for @jest/transform@https://registry.npmjs.org/@jest/transform/-/transform-30.4.1.tgz. Extracting by manifest.
4700 silly tarball no local data for @jest/test-result@https://registry.npmjs.org/@jest/test-result/-/test-result-30.4.1.tgz. Extracting by manifest.
4701 silly tarball no local data for @jest/reporters@https://registry.npmjs.org/@jest/reporters/-/reporters-30.4.1.tgz. Extracting by manifest.
4702 silly tarball no local data for @jest/console@https://registry.npmjs.org/@jest/console/-/console-30.4.1.tgz. Extracting by manifest.
4703 silly tarball no local data for jest-cli@https://registry.npmjs.org/jest-cli/-/jest-cli-30.4.2.tgz. Extracting by manifest.
4704 silly tarball no local data for @jest/pattern@https://registry.npmjs.org/@jest/pattern/-/pattern-30.4.0.tgz. Extracting by manifest.
4705 silly tarball no local data for import-local@https://registry.npmjs.org/import-local/-/import-local-3.2.0.tgz. Extracting by manifest.
4706 silly tarball no local data for @jest/types@https://registry.npmjs.org/@jest/types/-/types-30.4.1.tgz. Extracting by manifest.
4707 silly tarball no local data for exit-x@https://registry.npmjs.org/exit-x/-/exit-x-0.2.2.tgz. Extracting by manifest.
4708 silly tarball no local data for @jest/core@https://registry.npmjs.org/@jest/core/-/core-30.4.2.tgz. Extracting by manifest.
4709 silly tarball no local data for is-extglob@https://registry.npmjs.org/is-extglob/-/is-extglob-2.1.1.tgz. Extracting by manifest.
4710 silly tarball no local data for setprototypeof@https://registry.npmjs.org/setprototypeof/-/setprototypeof-1.2.0.tgz. Extracting by manifest.
4711 silly tarball no local data for toidentifier@https://registry.npmjs.org/toidentifier/-/toidentifier-1.0.1.tgz. Extracting by manifest.
4712 silly tarball no local data for math-intrinsics@https://registry.npmjs.org/math-intrinsics/-/math-intrinsics-1.1.0.tgz. Extracting by manifest.
4713 silly tarball no local data for has-symbols@https://registry.npmjs.org/has-symbols/-/has-symbols-1.1.0.tgz. Extracting by manifest.
4714 silly tarball no local data for gopd@https://registry.npmjs.org/gopd/-/gopd-1.2.0.tgz. Extracting by manifest.
4715 silly tarball no local data for get-proto@https://registry.npmjs.org/get-proto/-/get-proto-1.0.1.tgz. Extracting by manifest.
4716 silly tarball no local data for dunder-proto@https://registry.npmjs.org/dunder-proto/-/dunder-proto-1.0.1.tgz. Extracting by manifest.
4717 silly tarball no local data for function-bind@https://registry.npmjs.org/function-bind/-/function-bind-1.1.2.tgz. Extracting by manifest.
4718 silly tarball no local data for es-object-atoms@https://registry.npmjs.org/es-object-atoms/-/es-object-atoms-1.1.2.tgz. Extracting by manifest.
4719 silly tarball no local data for call-bind-apply-helpers@https://registry.npmjs.org/call-bind-apply-helpers/-/call-bind-apply-helpers-1.0.2.tgz. Extracting by manifest.
4720 silly tarball no local data for es-define-property@https://registry.npmjs.org/es-define-property/-/es-define-property-1.0.1.tgz. Extracting by manifest.
4721 silly tarball no local data for has-tostringtag@https://registry.npmjs.org/has-tostringtag/-/has-tostringtag-1.0.2.tgz. Extracting by manifest.
4722 silly tarball no local data for delayed-stream@https://registry.npmjs.org/delayed-stream/-/delayed-stream-1.0.0.tgz. Extracting by manifest.
4723 silly tarball no local data for get-intrinsic@https://registry.npmjs.org/get-intrinsic/-/get-intrinsic-1.3.0.tgz. Extracting by manifest.
4724 silly tarball no local data for hasown@https://registry.npmjs.org/hasown/-/hasown-2.0.4.tgz. Extracting by manifest.
4725 silly tarball no local data for es-errors@https://registry.npmjs.org/es-errors/-/es-errors-1.3.0.tgz. Extracting by manifest.
4726 silly tarball no local data for combined-stream@https://registry.npmjs.org/combined-stream/-/combined-stream-1.0.8.tgz. Extracting by manifest.
4727 silly tarball no local data for es-set-tostringtag@https://registry.npmjs.org/es-set-tostringtag/-/es-set-tostringtag-2.1.0.tgz. Extracting by manifest.
4728 silly tarball no local data for asynckit@https://registry.npmjs.org/asynckit/-/asynckit-0.4.0.tgz. Extracting by manifest.
4729 silly tarball no local data for keyv@https://registry.npmjs.org/keyv/-/keyv-4.5.4.tgz. Extracting by manifest.
4730 silly tarball no local data for path-exists@https://registry.npmjs.org/path-exists/-/path-exists-4.0.0.tgz. Extracting by manifest.
4731 silly tarball no local data for flatted@https://registry.npmjs.org/flatted/-/flatted-3.4.2.tgz. Extracting by manifest.
4732 silly tarball no local data for uint8array-extras@https://registry.npmjs.org/uint8array-extras/-/uint8array-extras-1.5.0.tgz. Extracting by manifest.
4733 silly tarball no local data for locate-path@https://registry.npmjs.org/locate-path/-/locate-path-6.0.0.tgz. Extracting by manifest.
4734 silly tarball no local data for token-types@https://registry.npmjs.org/token-types/-/token-types-6.1.2.tgz. Extracting by manifest.
4735 silly tarball no local data for @tokenizer/inflate@https://registry.npmjs.org/@tokenizer/inflate/-/inflate-0.4.1.tgz. Extracting by manifest.
4736 silly tarball no local data for raw-body@https://registry.npmjs.org/raw-body/-/raw-body-3.0.2.tgz. Extracting by manifest.
4737 silly tarball no local data for strtok3@https://registry.npmjs.org/strtok3/-/strtok3-10.3.5.tgz. Extracting by manifest.
4738 silly tarball no local data for bytes@https://registry.npmjs.org/bytes/-/bytes-3.1.2.tgz. Extracting by manifest.
4739 silly tarball no local data for flat-cache@https://registry.npmjs.org/flat-cache/-/flat-cache-4.0.1.tgz. Extracting by manifest.
4740 silly tarball no local data for negotiator@https://registry.npmjs.org/negotiator/-/negotiator-1.0.0.tgz. Extracting by manifest.
4741 silly tarball no local data for serve-static@https://registry.npmjs.org/serve-static/-/serve-static-2.2.1.tgz. Extracting by manifest.
4742 silly tarball no local data for statuses@https://registry.npmjs.org/statuses/-/statuses-2.0.2.tgz. Extracting by manifest.
4743 silly tarball no local data for type-is@https://registry.npmjs.org/type-is/-/type-is-2.1.0.tgz. Extracting by manifest.
4744 silly tarball no local data for router@https://registry.npmjs.org/router/-/router-2.2.0.tgz. Extracting by manifest.
4745 silly tarball no local data for send@https://registry.npmjs.org/send/-/send-1.2.1.tgz. Extracting by manifest.
4746 silly tarball no local data for range-parser@https://registry.npmjs.org/range-parser/-/range-parser-1.2.1.tgz. Extracting by manifest.
4747 silly tarball no local data for qs@https://registry.npmjs.org/qs/-/qs-6.15.2.tgz. Extracting by manifest.
4748 silly tarball no local data for proxy-addr@https://registry.npmjs.org/proxy-addr/-/proxy-addr-2.0.7.tgz. Extracting by manifest.
4749 silly tarball no local data for on-finished@https://registry.npmjs.org/on-finished/-/on-finished-2.4.1.tgz. Extracting by manifest.
4750 silly tarball no local data for once@https://registry.npmjs.org/once/-/once-1.4.0.tgz. Extracting by manifest.
4751 silly tarball no local data for parseurl@https://registry.npmjs.org/parseurl/-/parseurl-1.3.3.tgz. Extracting by manifest.
4752 silly tarball no local data for fresh@https://registry.npmjs.org/fresh/-/fresh-2.0.0.tgz. Extracting by manifest.
4753 silly tarball no local data for mime-types@https://registry.npmjs.org/mime-types/-/mime-types-3.0.2.tgz. Extracting by manifest.
4754 silly tarball no local data for http-errors@https://registry.npmjs.org/http-errors/-/http-errors-2.0.1.tgz. Extracting by manifest.
4755 silly tarball no local data for merge-descriptors@https://registry.npmjs.org/merge-descriptors/-/merge-descriptors-2.0.0.tgz. Extracting by manifest.
4756 silly tarball no local data for etag@https://registry.npmjs.org/etag/-/etag-1.8.1.tgz. Extracting by manifest.
4757 silly tarball no local data for finalhandler@https://registry.npmjs.org/finalhandler/-/finalhandler-2.1.1.tgz. Extracting by manifest.
4758 silly tarball no local data for escape-html@https://registry.npmjs.org/escape-html/-/escape-html-1.0.3.tgz. Extracting by manifest.
4759 silly tarball no local data for encodeurl@https://registry.npmjs.org/encodeurl/-/encodeurl-2.0.0.tgz. Extracting by manifest.
4760 silly tarball no local data for depd@https://registry.npmjs.org/depd/-/depd-2.0.0.tgz. Extracting by manifest.
4761 silly tarball no local data for cookie-signature@https://registry.npmjs.org/cookie-signature/-/cookie-signature-1.2.2.tgz. Extracting by manifest.
4762 silly tarball no local data for content-type@https://registry.npmjs.org/content-type/-/content-type-1.0.5.tgz. Extracting by manifest.
4763 silly tarball no local data for cookie@https://registry.npmjs.org/cookie/-/cookie-0.7.2.tgz. Extracting by manifest.
4764 silly tarball no local data for content-disposition@https://registry.npmjs.org/content-disposition/-/content-disposition-1.1.0.tgz. Extracting by manifest.
4765 silly tarball no local data for body-parser@https://registry.npmjs.org/body-parser/-/body-parser-2.2.2.tgz. Extracting by manifest.
4766 silly tarball no local data for accepts@https://registry.npmjs.org/accepts/-/accepts-2.0.0.tgz. Extracting by manifest.
4767 silly tarball no local data for jest-util@https://registry.npmjs.org/jest-util/-/jest-util-30.4.1.tgz. Extracting by manifest.
4768 silly tarball no local data for jest-mock@https://registry.npmjs.org/jest-mock/-/jest-mock-30.4.1.tgz. Extracting by manifest.
4769 silly tarball no local data for jest-message-util@https://registry.npmjs.org/jest-message-util/-/jest-message-util-30.4.1.tgz. Extracting by manifest.
4770 silly tarball no local data for @jest/get-type@https://registry.npmjs.org/@jest/get-type/-/get-type-30.1.0.tgz. Extracting by manifest.
4771 silly tarball no local data for jest-matcher-utils@https://registry.npmjs.org/jest-matcher-utils/-/jest-matcher-utils-30.4.1.tgz. Extracting by manifest.
4772 silly tarball no local data for acorn-jsx@https://registry.npmjs.org/acorn-jsx/-/acorn-jsx-5.3.2.tgz. Extracting by manifest.
4773 silly tarball no local data for @jest/expect-utils@https://registry.npmjs.org/@jest/expect-utils/-/expect-utils-30.4.1.tgz. Extracting by manifest.
4774 silly tarball no local data for prettier-linter-helpers@https://registry.npmjs.org/prettier-linter-helpers/-/prettier-linter-helpers-1.0.1.tgz. Extracting by manifest.
4775 silly tarball no local data for synckit@https://registry.npmjs.org/synckit/-/synckit-0.11.13.tgz. Extracting by manifest.
4776 silly tarball no local data for which@https://registry.npmjs.org/which/-/which-2.0.2.tgz. Extracting by manifest.
4777 silly tarball no local data for shebang-command@https://registry.npmjs.org/shebang-command/-/shebang-command-2.0.0.tgz. Extracting by manifest.
4778 silly tarball no local data for path-key@https://registry.npmjs.org/path-key/-/path-key-3.1.1.tgz. Extracting by manifest.
4779 silly tarball no local data for @humanfs/types@https://registry.npmjs.org/@humanfs/types/-/types-0.15.0.tgz. Extracting by manifest.
4780 silly tarball no local data for @humanfs/core@https://registry.npmjs.org/@humanfs/core/-/core-0.19.2.tgz. Extracting by manifest.
4781 silly tarball no local data for levn@https://registry.npmjs.org/levn/-/levn-0.4.1.tgz. Extracting by manifest.
4782 silly tarball no local data for optionator@https://registry.npmjs.org/optionator/-/optionator-0.9.4.tgz. Extracting by manifest.
4783 silly tarball no local data for natural-compare@https://registry.npmjs.org/natural-compare/-/natural-compare-1.4.0.tgz. Extracting by manifest.
4784 silly tarball no local data for lodash.merge@https://registry.npmjs.org/lodash.merge/-/lodash.merge-4.6.2.tgz. Extracting by manifest.
4785 silly tarball no local data for json-stable-stringify-without-jsonify@https://registry.npmjs.org/json-stable-stringify-without-jsonify/-/json-stable-stringify-without-jsonify-1.0.1.tgz. Extracting by manifest.
4786 silly tarball no local data for is-glob@https://registry.npmjs.org/is-glob/-/is-glob-4.0.3.tgz. Extracting by manifest.
4787 silly tarball no local data for @eslint/object-schema@https://registry.npmjs.org/@eslint/object-schema/-/object-schema-2.1.7.tgz. Extracting by manifest.
4788 silly tarball no local data for imurmurhash@https://registry.npmjs.org/imurmurhash/-/imurmurhash-0.1.4.tgz. Extracting by manifest.
4789 silly tarball no local data for find-up@https://registry.npmjs.org/find-up/-/find-up-5.0.0.tgz. Extracting by manifest.
4790 silly tarball no local data for glob-parent@https://registry.npmjs.org/glob-parent/-/glob-parent-6.0.2.tgz. Extracting by manifest.
4791 silly tarball no local data for esutils@https://registry.npmjs.org/esutils/-/esutils-2.0.3.tgz. Extracting by manifest.
4792 silly tarball no local data for esquery@https://registry.npmjs.org/esquery/-/esquery-1.7.0.tgz. Extracting by manifest.
4793 silly tarball no local data for eslint-scope@https://registry.npmjs.org/eslint-scope/-/eslint-scope-8.4.0.tgz. Extracting by manifest.
4794 silly tarball no local data for escape-string-regexp@https://registry.npmjs.org/escape-string-regexp/-/escape-string-regexp-4.0.0.tgz. Extracting by manifest.
4795 silly tarball no local data for file-entry-cache@https://registry.npmjs.org/file-entry-cache/-/file-entry-cache-8.0.0.tgz. Extracting by manifest.
4796 silly tarball no local data for cross-spawn@https://registry.npmjs.org/cross-spawn/-/cross-spawn-7.0.6.tgz. Extracting by manifest.
4797 silly tarball no local data for eslint-visitor-keys@https://registry.npmjs.org/eslint-visitor-keys/-/eslint-visitor-keys-4.2.1.tgz. Extracting by manifest.
4798 silly tarball no local data for @humanwhocodes/retry@https://registry.npmjs.org/@humanwhocodes/retry/-/retry-0.4.3.tgz. Extracting by manifest.
4799 silly tarball no local data for @humanwhocodes/module-importer@https://registry.npmjs.org/@humanwhocodes/module-importer/-/module-importer-1.0.1.tgz. Extracting by manifest.
4800 silly tarball no local data for @eslint/plugin-kit@https://registry.npmjs.org/@eslint/plugin-kit/-/plugin-kit-0.4.1.tgz. Extracting by manifest.
4801 silly tarball no local data for @eslint/core@https://registry.npmjs.org/@eslint/core/-/core-0.17.0.tgz. Extracting by manifest.
4802 silly tarball no local data for @humanfs/node@https://registry.npmjs.org/@humanfs/node/-/node-0.16.8.tgz. Extracting by manifest.
4803 silly tarball no local data for @eslint/config-array@https://registry.npmjs.org/@eslint/config-array/-/config-array-0.21.2.tgz. Extracting by manifest.
4804 silly tarball no local data for @eslint-community/regexpp@https://registry.npmjs.org/@eslint-community/regexpp/-/regexpp-4.12.2.tgz. Extracting by manifest.
4805 silly tarball no local data for @eslint/config-helpers@https://registry.npmjs.org/@eslint/config-helpers/-/config-helpers-0.4.2.tgz. Extracting by manifest.
4806 silly tarball no local data for vary@https://registry.npmjs.org/vary/-/vary-1.1.2.tgz. Extracting by manifest.
4807 silly tarball no local data for ms@https://registry.npmjs.org/ms/-/ms-2.1.3.tgz. Extracting by manifest.
4808 silly tarball no local data for @eslint-community/eslint-utils@https://registry.npmjs.org/@eslint-community/eslint-utils/-/eslint-utils-4.9.1.tgz. Extracting by manifest.
4809 silly tarball no local data for object-assign@https://registry.npmjs.org/object-assign/-/object-assign-4.1.1.tgz. Extracting by manifest.
4810 silly tarball no local data for @types/cookiejar@https://registry.npmjs.org/@types/cookiejar/-/cookiejar-2.1.5.tgz. Extracting by manifest.
4811 silly tarball no local data for form-data@https://registry.npmjs.org/form-data/-/form-data-4.0.5.tgz. Extracting by manifest.
4812 silly tarball no local data for @types/methods@https://registry.npmjs.org/@types/methods/-/methods-1.1.4.tgz. Extracting by manifest.
4813 silly tarball no local data for @types/http-errors@https://registry.npmjs.org/@types/http-errors/-/http-errors-2.0.5.tgz. Extracting by manifest.
4814 silly tarball no local data for @types/superagent@https://registry.npmjs.org/@types/superagent/-/superagent-8.1.10.tgz. Extracting by manifest.
4815 silly tarball no local data for pretty-format@https://registry.npmjs.org/pretty-format/-/pretty-format-30.4.1.tgz. Extracting by manifest.
4816 silly tarball no local data for @types/qs@https://registry.npmjs.org/@types/qs/-/qs-6.15.1.tgz. Extracting by manifest.
4817 silly tarball no local data for @types/range-parser@https://registry.npmjs.org/@types/range-parser/-/range-parser-1.2.7.tgz. Extracting by manifest.
4818 silly tarball no local data for expect@https://registry.npmjs.org/expect/-/expect-30.4.1.tgz. Extracting by manifest.
4819 silly tarball no local data for @types/send@https://registry.npmjs.org/@types/send/-/send-1.2.1.tgz. Extracting by manifest.
4820 silly tarball no local data for undici-types@https://registry.npmjs.org/undici-types/-/undici-types-7.18.2.tgz. Extracting by manifest.
4821 silly tarball no local data for @types/serve-static@https://registry.npmjs.org/@types/serve-static/-/serve-static-2.2.0.tgz. Extracting by manifest.
4822 silly tarball no local data for consola@https://registry.npmjs.org/consola/-/consola-3.4.2.tgz. Extracting by manifest.
4823 silly tarball no local data for @types/express-serve-static-core@https://registry.npmjs.org/@types/express-serve-static-core/-/express-serve-static-core-5.1.1.tgz. Extracting by manifest.
4824 silly tarball no local data for @types/body-parser@https://registry.npmjs.org/@types/body-parser/-/body-parser-1.19.6.tgz. Extracting by manifest.
4825 silly tarball no local data for multer@https://registry.npmjs.org/multer/-/multer-2.1.1.tgz. Extracting by manifest.
4826 silly tarball no local data for express@https://registry.npmjs.org/express/-/express-5.2.1.tgz. Extracting by manifest.
4827 silly tarball no local data for fast-safe-stringify@https://registry.npmjs.org/fast-safe-stringify/-/fast-safe-stringify-2.1.1.tgz. Extracting by manifest.
4828 silly tarball no local data for cors@https://registry.npmjs.org/cors/-/cors-2.8.6.tgz. Extracting by manifest.
4829 silly tarball no local data for uid@https://registry.npmjs.org/uid/-/uid-2.0.2.tgz. Extracting by manifest.
4830 silly tarball no local data for @types/connect@https://registry.npmjs.org/@types/connect/-/connect-3.4.38.tgz. Extracting by manifest.
4831 silly tarball no local data for @nuxt/opencollective@https://registry.npmjs.org/@nuxt/opencollective/-/opencollective-0.4.1.tgz. Extracting by manifest.
4832 silly tarball no local data for file-type@https://registry.npmjs.org/file-type/-/file-type-21.3.4.tgz. Extracting by manifest.
4833 silly tarball no local data for iterare@https://registry.npmjs.org/iterare/-/iterare-1.2.1.tgz. Extracting by manifest.
4834 silly tarball no local data for path-to-regexp@https://registry.npmjs.org/path-to-regexp/-/path-to-regexp-8.4.2.tgz. Extracting by manifest.
4835 silly tarball no local data for load-esm@https://registry.npmjs.org/load-esm/-/load-esm-1.0.3.tgz. Extracting by manifest.
4836 silly tarball no local data for strip-json-comments@https://registry.npmjs.org/strip-json-comments/-/strip-json-comments-3.1.1.tgz. Extracting by manifest.
4837 silly tarball no local data for ignore@https://registry.npmjs.org/ignore/-/ignore-5.3.2.tgz. Extracting by manifest.
4838 silly tarball no local data for debug@https://registry.npmjs.org/debug/-/debug-4.4.3.tgz. Extracting by manifest.
4839 silly tarball no local data for espree@https://registry.npmjs.org/espree/-/espree-10.4.0.tgz. Extracting by manifest.
4840 silly tarball no local data for ts-node@https://registry.npmjs.org/ts-node/-/ts-node-10.9.2.tgz. Extracting by manifest.
4841 silly tarball no local data for ts-loader@https://registry.npmjs.org/ts-loader/-/ts-loader-9.6.0.tgz. Extracting by manifest.
4842 silly tarball no local data for ts-jest@https://registry.npmjs.org/ts-jest/-/ts-jest-29.4.11.tgz. Extracting by manifest.
4843 silly tarball no local data for jest@https://registry.npmjs.org/jest/-/jest-30.4.2.tgz. Extracting by manifest.
4844 silly tarball no local data for typescript-eslint@https://registry.npmjs.org/typescript-eslint/-/typescript-eslint-8.60.1.tgz. Extracting by manifest.
4845 silly tarball no local data for eslint-plugin-prettier@https://registry.npmjs.org/eslint-plugin-prettier/-/eslint-plugin-prettier-5.5.6.tgz. Extracting by manifest.
4846 silly tarball no local data for webpack@https://registry.npmjs.org/webpack/-/webpack-5.107.2.tgz. Extracting by manifest.
4847 silly tarball no local data for globals@https://registry.npmjs.org/globals/-/globals-17.6.0.tgz. Extracting by manifest.
4848 silly tarball no local data for supertest@https://registry.npmjs.org/supertest/-/supertest-7.2.2.tgz. Extracting by manifest.
4849 silly tarball no local data for prettier@https://registry.npmjs.org/prettier/-/prettier-3.8.3.tgz. Extracting by manifest.
4850 silly tarball no local data for @types/supertest@https://registry.npmjs.org/@types/supertest/-/supertest-7.2.0.tgz. Extracting by manifest.
4851 silly tarball no local data for @types/jest@https://registry.npmjs.org/@types/jest/-/jest-30.0.0.tgz. Extracting by manifest.
4852 silly tarball no local data for @types/node@https://registry.npmjs.org/@types/node/-/node-24.13.0.tgz. Extracting by manifest.
4853 silly tarball no local data for eslint@https://registry.npmjs.org/eslint/-/eslint-9.39.4.tgz. Extracting by manifest.
4854 silly tarball no local data for eslint-config-prettier@https://registry.npmjs.org/eslint-config-prettier/-/eslint-config-prettier-10.1.8.tgz. Extracting by manifest.
4855 silly tarball no local data for @nestjs/testing@https://registry.npmjs.org/@nestjs/testing/-/testing-11.1.24.tgz. Extracting by manifest.
4856 silly tarball no local data for @types/express@https://registry.npmjs.org/@types/express/-/express-5.0.6.tgz. Extracting by manifest.
4857 silly tarball no local data for @nestjs/core@https://registry.npmjs.org/@nestjs/core/-/core-11.1.24.tgz. Extracting by manifest.
4858 silly tarball no local data for rxjs@https://registry.npmjs.org/rxjs/-/rxjs-7.8.2.tgz. Extracting by manifest.
4859 silly tarball no local data for @nestjs/platform-express@https://registry.npmjs.org/@nestjs/platform-express/-/platform-express-11.1.24.tgz. Extracting by manifest.
4860 silly tarball no local data for reflect-metadata@https://registry.npmjs.org/reflect-metadata/-/reflect-metadata-0.2.2.tgz. Extracting by manifest.
4861 silly tarball no local data for ansi-regex@https://registry.npmjs.org/ansi-regex/-/ansi-regex-6.2.2.tgz. Extracting by manifest.
4862 silly tarball no local data for @eslint/eslintrc@https://registry.npmjs.org/@eslint/eslintrc/-/eslintrc-3.3.5.tgz. Extracting by manifest.
4863 silly tarball no local data for ansi-styles@https://registry.npmjs.org/ansi-styles/-/ansi-styles-6.2.3.tgz. Extracting by manifest.
4864 silly tarball no local data for wrap-ansi@https://registry.npmjs.org/wrap-ansi/-/wrap-ansi-8.1.0.tgz. Extracting by manifest.
4865 silly tarball no local data for @eslint/js@https://registry.npmjs.org/@eslint/js/-/js-9.39.4.tgz. Extracting by manifest.
4866 silly tarball no local data for string-width@https://registry.npmjs.org/string-width/-/string-width-5.1.2.tgz. Extracting by manifest.
4867 silly tarball no local data for @nestjs/common@https://registry.npmjs.org/@nestjs/common/-/common-11.1.24.tgz. Extracting by manifest.
4868 silly tarball no local data for wrap-ansi@https://registry.npmjs.org/wrap-ansi/-/wrap-ansi-7.0.0.tgz. Extracting by manifest.
4869 silly tarball no local data for emoji-regex@https://registry.npmjs.org/emoji-regex/-/emoji-regex-9.2.2.tgz. Extracting by manifest.
4870 silly tarball no local data for ajv@https://registry.npmjs.org/ajv/-/ajv-8.20.0.tgz. Extracting by manifest.
4871 silly tarball no local data for eslint-visitor-keys@https://registry.npmjs.org/eslint-visitor-keys/-/eslint-visitor-keys-5.0.1.tgz. Extracting by manifest.
4872 silly tarball no local data for picomatch@https://registry.npmjs.org/picomatch/-/picomatch-2.3.2.tgz. Extracting by manifest.
4873 silly tarball no local data for @jridgewell/trace-mapping@https://registry.npmjs.org/@jridgewell/trace-mapping/-/trace-mapping-0.3.9.tgz. Extracting by manifest.
4874 silly tarball no local data for ignore@https://registry.npmjs.org/ignore/-/ignore-7.0.5.tgz. Extracting by manifest.
4875 silly tarball no local data for resolve-from@https://registry.npmjs.org/resolve-from/-/resolve-from-5.0.0.tgz. Extracting by manifest.
4876 silly tarball no local data for p-limit@https://registry.npmjs.org/p-limit/-/p-limit-2.3.0.tgz. Extracting by manifest.
4877 silly tarball no local data for escape-string-regexp@https://registry.npmjs.org/escape-string-regexp/-/escape-string-regexp-2.0.0.tgz. Extracting by manifest.
4878 silly tarball no local data for picomatch@https://registry.npmjs.org/picomatch/-/picomatch-2.3.2.tgz. Extracting by manifest.
4879 silly tarball no local data for p-locate@https://registry.npmjs.org/p-locate/-/p-locate-4.1.0.tgz. Extracting by manifest.
4880 silly tarball no local data for p-limit@https://registry.npmjs.org/p-limit/-/p-limit-2.3.0.tgz. Extracting by manifest.
4881 silly tarball no local data for p-locate@https://registry.npmjs.org/p-locate/-/p-locate-4.1.0.tgz. Extracting by manifest.
4882 silly tarball no local data for locate-path@https://registry.npmjs.org/locate-path/-/locate-path-5.0.0.tgz. Extracting by manifest.
4883 silly tarball no local data for glob@https://registry.npmjs.org/glob/-/glob-7.2.3.tgz. Extracting by manifest.
4884 silly tarball no local data for argparse@https://registry.npmjs.org/argparse/-/argparse-1.0.10.tgz. Extracting by manifest.
4885 silly tarball no local data for resolve-from@https://registry.npmjs.org/resolve-from/-/resolve-from-5.0.0.tgz. Extracting by manifest.
4886 silly tarball no local data for find-up@https://registry.npmjs.org/find-up/-/find-up-4.1.0.tgz. Extracting by manifest.
4887 silly tarball no local data for locate-path@https://registry.npmjs.org/locate-path/-/locate-path-5.0.0.tgz. Extracting by manifest.
4888 silly tarball no local data for find-up@https://registry.npmjs.org/find-up/-/find-up-4.1.0.tgz. Extracting by manifest.
4889 silly tarball no local data for js-yaml@https://registry.npmjs.org/js-yaml/-/js-yaml-3.14.2.tgz. Extracting by manifest.
4890 silly tarball no local data for strip-ansi@https://registry.npmjs.org/strip-ansi/-/strip-ansi-7.2.0.tgz. Extracting by manifest.
4891 silly tarball no local data for camelcase@https://registry.npmjs.org/camelcase/-/camelcase-6.3.0.tgz. Extracting by manifest.
4892 silly tarball no local data for semver@https://registry.npmjs.org/semver/-/semver-6.3.1.tgz. Extracting by manifest.
4893 silly tarball no local data for minimatch@https://registry.npmjs.org/minimatch/-/minimatch-9.0.9.tgz. Extracting by manifest.
4894 silly tarball no local data for lru-cache@https://registry.npmjs.org/lru-cache/-/lru-cache-10.4.3.tgz. Extracting by manifest.
4895 silly tarball no local data for brace-expansion@https://registry.npmjs.org/brace-expansion/-/brace-expansion-2.1.1.tgz. Extracting by manifest.
4896 silly tarball no local data for glob@https://registry.npmjs.org/glob/-/glob-10.5.0.tgz. Extracting by manifest.
4897 silly tarball no local data for path-scurry@https://registry.npmjs.org/path-scurry/-/path-scurry-1.11.1.tgz. Extracting by manifest.
4898 silly tarball no local data for lru-cache@https://registry.npmjs.org/lru-cache/-/lru-cache-10.4.3.tgz. Extracting by manifest.
4899 silly tarball no local data for semver@https://registry.npmjs.org/semver/-/semver-6.3.1.tgz. Extracting by manifest.
4900 silly tarball no local data for path-scurry@https://registry.npmjs.org/path-scurry/-/path-scurry-1.11.1.tgz. Extracting by manifest.
4901 silly tarball no local data for source-map-support@https://registry.npmjs.org/source-map-support/-/source-map-support-0.5.13.tgz. Extracting by manifest.
4902 silly tarball no local data for glob@https://registry.npmjs.org/glob/-/glob-10.5.0.tgz. Extracting by manifest.
4903 silly tarball no local data for path-scurry@https://registry.npmjs.org/path-scurry/-/path-scurry-1.11.1.tgz. Extracting by manifest.
4904 silly tarball no local data for glob@https://registry.npmjs.org/glob/-/glob-10.5.0.tgz. Extracting by manifest.
4905 silly tarball no local data for brace-expansion@https://registry.npmjs.org/brace-expansion/-/brace-expansion-2.1.1.tgz. Extracting by manifest.
4906 silly tarball no local data for minimatch@https://registry.npmjs.org/minimatch/-/minimatch-9.0.9.tgz. Extracting by manifest.
4907 silly tarball no local data for brace-expansion@https://registry.npmjs.org/brace-expansion/-/brace-expansion-2.1.1.tgz. Extracting by manifest.
4908 silly tarball no local data for minimatch@https://registry.npmjs.org/minimatch/-/minimatch-9.0.9.tgz. Extracting by manifest.
4909 silly tarball no local data for lru-cache@https://registry.npmjs.org/lru-cache/-/lru-cache-10.4.3.tgz. Extracting by manifest.
4910 silly tarball no local data for eslint-visitor-keys@https://registry.npmjs.org/eslint-visitor-keys/-/eslint-visitor-keys-3.4.3.tgz. Extracting by manifest.
4911 silly tarball no local data for media-typer@https://registry.npmjs.org/media-typer/-/media-typer-0.3.0.tgz. Extracting by manifest.
4912 silly tarball no local data for type-is@https://registry.npmjs.org/type-is/-/type-is-1.6.18.tgz. Extracting by manifest.
4913 silly tarball no local data for content-type@https://registry.npmjs.org/content-type/-/content-type-2.0.0.tgz. Extracting by manifest.
4914 silly tarball no local data for ansi-styles@https://registry.npmjs.org/ansi-styles/-/ansi-styles-5.2.0.tgz. Extracting by manifest.
4915 silly tarball no local data for ajv@https://registry.npmjs.org/ajv/-/ajv-8.20.0.tgz. Extracting by manifest.
4916 silly tarball no local data for ajv@https://registry.npmjs.org/ajv/-/ajv-8.20.0.tgz. Extracting by manifest.
4917 silly tarball no local data for type-fest@https://registry.npmjs.org/type-fest/-/type-fest-4.41.0.tgz. Extracting by manifest.
4918 silly tarball no local data for ajv@https://registry.npmjs.org/ajv/-/ajv-8.20.0.tgz. Extracting by manifest.
4919 silly tarball no local data for globals@https://registry.npmjs.org/globals/-/globals-14.0.0.tgz. Extracting by manifest.
4920 http fetch POST 200 https://registry.npmjs.org/-/npm/v1/security/advisories/bulk 415ms
4921 silly audit report {}
4922 http fetch GET 200 https://registry.npmjs.org/fs.realpath/-/fs.realpath-1.0.0.tgz 425ms (cache miss)
4923 http fetch GET 200 https://registry.npmjs.org/path-is-absolute/-/path-is-absolute-1.0.1.tgz 426ms (cache miss)
4924 http fetch GET 200 https://registry.npmjs.org/package-json-from-dist/-/package-json-from-dist-1.0.1.tgz 425ms (cache miss)
4925 http fetch GET 200 https://registry.npmjs.org/eastasianwidth/-/eastasianwidth-0.2.0.tgz 425ms (cache miss)
4926 http fetch GET 200 https://registry.npmjs.org/wrap-ansi/-/wrap-ansi-7.0.0.tgz 425ms (cache miss)
4927 http fetch GET 200 https://registry.npmjs.org/inflight/-/inflight-1.0.6.tgz 426ms (cache miss)
4928 warn deprecated inflight@1.0.6: This module is not supported, and leaks memory. Do not use it. Check out lru-cache if you want a good and tested way to coalesce async requests by a key value, which is much more comprehensive and powerful.
4929 http fetch GET 200 https://registry.npmjs.org/cliui/-/cliui-8.0.1.tgz 439ms (cache miss)
4930 http fetch GET 200 https://registry.npmjs.org/tmpl/-/tmpl-1.0.5.tgz 440ms (cache miss)
4931 http fetch GET 200 https://registry.npmjs.org/makeerror/-/makeerror-1.0.12.tgz 441ms (cache miss)
4932 http fetch GET 200 https://registry.npmjs.org/require-directory/-/require-directory-2.1.1.tgz 443ms (cache miss)
4933 http fetch GET 200 https://registry.npmjs.org/napi-postinstall/-/napi-postinstall-0.3.4.tgz 442ms (cache miss)
4934 http fetch GET 200 https://registry.npmjs.org/isexe/-/isexe-2.0.0.tgz 444ms (cache miss)
4935 http fetch GET 200 https://registry.npmjs.org/get-caller-file/-/get-caller-file-2.0.5.tgz 471ms (cache miss)
4936 http fetch GET 200 https://registry.npmjs.org/p-try/-/p-try-2.2.0.tgz 475ms (cache miss)
4937 http fetch GET 200 https://registry.npmjs.org/tinyglobby/-/tinyglobby-0.2.17.tgz 474ms (cache miss)
4938 http fetch GET 200 https://registry.npmjs.org/fdir/-/fdir-6.5.0.tgz 477ms (cache miss)
4939 http fetch GET 200 https://registry.npmjs.org/@typescript-eslint/tsconfig-utils/-/tsconfig-utils-8.60.1.tgz 478ms (cache miss)
4940 http fetch GET 200 https://registry.npmjs.org/@typescript-eslint/project-service/-/project-service-8.60.1.tgz 481ms (cache miss)
4941 http fetch GET 200 https://registry.npmjs.org/@isaacs/cliui/-/cliui-8.0.2.tgz 486ms (cache miss)
4942 http fetch GET 200 https://registry.npmjs.org/@typescript-eslint/visitor-keys/-/visitor-keys-8.60.1.tgz 498ms (cache miss)
4943 http fetch GET 200 https://registry.npmjs.org/yn/-/yn-3.1.1.tgz 499ms (cache miss)
4944 http fetch GET 200 https://registry.npmjs.org/media-typer/-/media-typer-1.1.0.tgz 502ms (cache miss)
4945 http fetch GET 200 https://registry.npmjs.org/y18n/-/y18n-5.0.8.tgz 506ms (cache miss)
4946 http fetch GET 200 https://registry.npmjs.org/arg/-/arg-4.1.3.tgz 503ms (cache miss)
4947 http fetch GET 200 https://registry.npmjs.org/create-require/-/create-require-1.1.1.tgz 504ms (cache miss)
4948 http fetch GET 200 https://registry.npmjs.org/v8-compile-cache-lib/-/v8-compile-cache-lib-3.0.1.tgz 506ms (cache miss)
4949 http fetch GET 200 https://registry.npmjs.org/acorn-walk/-/acorn-walk-8.3.5.tgz 514ms (cache miss)
4950 http fetch GET 200 https://registry.npmjs.org/@typescript-eslint/parser/-/parser-8.60.1.tgz 524ms (cache miss)
4951 http fetch GET 200 https://registry.npmjs.org/@tsconfig/node12/-/node12-1.0.11.tgz 529ms (cache miss)
4952 http fetch GET 200 https://registry.npmjs.org/to-regex-range/-/to-regex-range-5.0.1.tgz 533ms (cache miss)
4953 http fetch GET 200 https://registry.npmjs.org/@typescript-eslint/types/-/types-8.60.1.tgz 547ms (cache miss)
4954 http fetch GET 200 https://registry.npmjs.org/@tsconfig/node14/-/node14-1.0.3.tgz 560ms (cache miss)
4955 http fetch GET 200 https://registry.npmjs.org/@tsconfig/node10/-/node10-1.0.12.tgz 558ms (cache miss)
4956 http fetch GET 200 https://registry.npmjs.org/make-error/-/make-error-1.3.6.tgz 559ms (cache miss)
4957 http fetch GET 200 https://registry.npmjs.org/sprintf-js/-/sprintf-js-1.0.3.tgz 569ms (cache miss)
4958 http fetch GET 200 https://registry.npmjs.org/lodash.memoize/-/lodash.memoize-4.1.2.tgz 566ms (cache miss)
4959 http fetch GET 200 https://registry.npmjs.org/@cspotcode/source-map-support/-/source-map-support-0.8.1.tgz 569ms (cache miss)
4960 http fetch GET 200 https://registry.npmjs.org/wordwrap/-/wordwrap-1.0.0.tgz 572ms (cache miss)
4961 http fetch GET 200 https://registry.npmjs.org/ts-api-utils/-/ts-api-utils-2.5.0.tgz 578ms (cache miss)
4962 http fetch GET 200 https://registry.npmjs.org/dezalgo/-/dezalgo-1.0.4.tgz 570ms (cache miss)
4963 http fetch GET 200 https://registry.npmjs.org/fill-range/-/fill-range-7.1.1.tgz 571ms (cache miss)
4964 http fetch GET 200 https://registry.npmjs.org/braces/-/braces-3.0.3.tgz 577ms (cache miss)
4965 http fetch GET 200 https://registry.npmjs.org/@pkgjs/parseargs/-/parseargs-0.11.0.tgz 586ms (cache miss)
4966 http fetch GET 200 https://registry.npmjs.org/is-number/-/is-number-7.0.0.tgz 578ms (cache miss)
4967 http fetch GET 200 https://registry.npmjs.org/asap/-/asap-2.0.6.tgz 572ms (cache miss)
4968 http fetch GET 200 https://registry.npmjs.org/micromatch/-/micromatch-4.0.8.tgz 580ms (cache miss)
4969 http fetch GET 200 https://registry.npmjs.org/mime/-/mime-2.6.0.tgz 582ms (cache miss)
4970 http fetch GET 200 https://registry.npmjs.org/@paralleldrive/cuid2/-/cuid2-2.3.1.tgz 596ms (cache miss)
4971 http fetch GET 200 https://registry.npmjs.org/cookiejar/-/cookiejar-2.1.4.tgz 618ms (cache miss)
4972 http fetch GET 200 https://registry.npmjs.org/methods/-/methods-1.1.2.tgz 632ms (cache miss)
4973 http fetch GET 200 https://registry.npmjs.org/char-regex/-/char-regex-1.0.2.tgz 642ms (cache miss)
4974 http fetch GET 200 https://registry.npmjs.org/@lukeed/csprng/-/csprng-1.1.0.tgz 656ms (cache miss)
4975 http fetch GET 200 https://registry.npmjs.org/component-emitter/-/component-emitter-1.3.1.tgz 643ms (cache miss)
4976 http fetch GET 200 https://registry.npmjs.org/call-bound/-/call-bound-1.0.4.tgz 643ms (cache miss)
4977 http fetch GET 200 https://registry.npmjs.org/side-channel-weakmap/-/side-channel-weakmap-1.0.2.tgz 645ms (cache miss)
4978 http fetch GET 200 https://registry.npmjs.org/@tokenizer/token/-/token-0.3.0.tgz 647ms (cache miss)
4979 http fetch GET 200 https://registry.npmjs.org/side-channel-list/-/side-channel-list-1.0.1.tgz 654ms (cache miss)
4980 http fetch GET 200 https://registry.npmjs.org/side-channel-map/-/side-channel-map-1.0.1.tgz 658ms (cache miss)
4981 http fetch GET 200 https://registry.npmjs.org/@tsconfig/node16/-/node16-1.0.4.tgz 678ms (cache miss)
4982 http fetch GET 200 https://registry.npmjs.org/is-promise/-/is-promise-4.0.0.tgz 669ms (cache miss)
4983 http fetch GET 200 https://registry.npmjs.org/side-channel/-/side-channel-1.1.0.tgz 693ms (cache miss)
4984 http fetch GET 200 https://registry.npmjs.org/shebang-regex/-/shebang-regex-3.0.0.tgz 694ms (cache miss)
4985 http fetch GET 200 https://registry.npmjs.org/unpipe/-/unpipe-1.0.0.tgz 695ms (cache miss)
4986 http fetch GET 200 https://registry.npmjs.org/react-is/-/react-is-18.3.1.tgz 695ms (cache miss)
4987 http fetch GET 200 https://registry.npmjs.org/forwarded/-/forwarded-0.2.0.tgz 698ms (cache miss)
4988 http fetch GET 200 https://registry.npmjs.org/react-is/-/react-is-19.2.7.tgz 701ms (cache miss)
4989 http fetch GET 200 https://registry.npmjs.org/fast-diff/-/fast-diff-1.3.0.tgz 704ms (cache miss)
4990 http fetch GET 200 https://registry.npmjs.org/yocto-queue/-/yocto-queue-0.1.0.tgz 714ms (cache miss)
4991 http fetch GET 200 https://registry.npmjs.org/deep-is/-/deep-is-0.1.4.tgz 717ms (cache miss)
4992 http fetch GET 200 https://registry.npmjs.org/ee-first/-/ee-first-1.1.1.tgz 717ms (cache miss)
4993 http fetch GET 200 https://registry.npmjs.org/word-wrap/-/word-wrap-1.2.5.tgz 718ms (cache miss)
4994 http fetch GET 200 https://registry.npmjs.org/fast-levenshtein/-/fast-levenshtein-2.0.6.tgz 718ms (cache miss)
4995 http fetch GET 200 https://registry.npmjs.org/streamsearch/-/streamsearch-1.1.0.tgz 723ms (cache miss)
4996 http fetch GET 200 https://registry.npmjs.org/concat-stream/-/concat-stream-2.0.0.tgz 737ms (cache miss)
4997 http fetch GET 200 https://registry.npmjs.org/append-field/-/append-field-1.0.0.tgz 736ms (cache miss)
4998 http fetch GET 200 https://registry.npmjs.org/ipaddr.js/-/ipaddr.js-1.9.1.tgz 737ms (cache miss)
4999 http fetch GET 200 https://registry.npmjs.org/typedarray/-/typedarray-0.0.6.tgz 738ms (cache miss)
5000 http fetch GET 200 https://registry.npmjs.org/wrappy/-/wrappy-1.0.2.tgz 738ms (cache miss)
5001 http fetch GET 200 https://registry.npmjs.org/p-locate/-/p-locate-5.0.0.tgz 738ms (cache miss)
5002 http fetch GET 200 https://registry.npmjs.org/prelude-ls/-/prelude-ls-1.2.1.tgz 738ms (cache miss)
5003 http fetch GET 200 https://registry.npmjs.org/@pkgr/core/-/core-0.3.6.tgz 742ms (cache miss)
5004 http fetch GET 200 https://registry.npmjs.org/jackspeak/-/jackspeak-3.4.3.tgz 759ms (cache miss)
5005 http fetch GET 200 https://registry.npmjs.org/yallist/-/yallist-3.1.1.tgz 743ms (cache miss)
5006 http fetch GET 200 https://registry.npmjs.org/diff/-/diff-4.0.4.tgz 760ms (cache miss)
5007 http fetch GET 200 https://registry.npmjs.org/leven/-/leven-3.1.0.tgz 748ms (cache miss)
5008 http fetch GET 200 https://registry.npmjs.org/type-check/-/type-check-0.4.0.tgz 750ms (cache miss)
5009 http fetch GET 200 https://registry.npmjs.org/bs-logger/-/bs-logger-0.2.6.tgz 765ms (cache miss)
5010 http fetch GET 200 https://registry.npmjs.org/strip-bom/-/strip-bom-4.0.0.tgz 753ms (cache miss)
5011 http fetch GET 200 https://registry.npmjs.org/jest-pnp-resolver/-/jest-pnp-resolver-1.2.3.tgz 756ms (cache miss)
5012 http fetch GET 200 https://registry.npmjs.org/json-buffer/-/json-buffer-3.0.1.tgz 757ms (cache miss)
5013 http fetch GET 200 https://registry.npmjs.org/@babel/plugin-syntax-typescript/-/plugin-syntax-typescript-7.29.7.tgz 760ms (cache miss)
5014 http fetch GET 200 https://registry.npmjs.org/mime-db/-/mime-db-1.54.0.tgz 762ms (cache miss)
5015 http fetch GET 200 https://registry.npmjs.org/@babel/plugin-syntax-jsx/-/plugin-syntax-jsx-7.29.7.tgz 779ms (cache miss)
5016 http fetch GET 200 https://registry.npmjs.org/@ungap/structured-clone/-/structured-clone-1.3.1.tgz 781ms (cache miss)
5017 http fetch GET 200 https://registry.npmjs.org/@typescript-eslint/type-utils/-/type-utils-8.60.1.tgz 800ms (cache miss)
5018 http fetch GET 200 https://registry.npmjs.org/foreground-child/-/foreground-child-3.3.1.tgz 812ms (cache miss)
5019 http fetch GET 200 https://registry.npmjs.org/@jest/globals/-/globals-30.4.1.tgz 792ms (cache miss)
5020 http fetch GET 200 https://registry.npmjs.org/emittery/-/emittery-0.13.1.tgz 795ms (cache miss)
5021 http fetch GET 200 https://registry.npmjs.org/@jest/snapshot-utils/-/snapshot-utils-30.4.1.tgz 803ms (cache miss)
5022 http fetch GET 200 https://registry.npmjs.org/jest-diff/-/jest-diff-30.4.1.tgz 802ms (cache miss)
5023 http fetch GET 200 https://registry.npmjs.org/uglify-js/-/uglify-js-3.19.3.tgz 817ms (cache miss)
5024 http fetch GET 200 https://registry.npmjs.org/busboy/-/busboy-1.6.0.tgz 815ms (cache miss)
5025 http fetch GET 200 https://registry.npmjs.org/object-inspect/-/object-inspect-1.13.4.tgz 818ms (cache miss)
5026 http fetch GET 200 https://registry.npmjs.org/cjs-module-lexer/-/cjs-module-lexer-2.2.0.tgz 830ms (cache miss)
5027 http fetch GET 200 https://registry.npmjs.org/node-int64/-/node-int64-0.4.0.tgz 829ms (cache miss)
5028 http fetch GET 200 https://registry.npmjs.org/jest-leak-detector/-/jest-leak-detector-30.4.1.tgz 829ms (cache miss)
5029 http fetch GET 200 https://registry.npmjs.org/@borewit/text-codec/-/text-codec-0.2.2.tgz 837ms (cache miss)
5030 http fetch GET 200 https://registry.npmjs.org/bser/-/bser-2.1.1.tgz 828ms (cache miss)
5031 http fetch GET 200 https://registry.npmjs.org/@types/stack-utils/-/stack-utils-2.0.3.tgz 829ms (cache miss)
5032 http fetch GET 200 https://registry.npmjs.org/normalize-path/-/normalize-path-3.0.0.tgz 829ms (cache miss)
5033 http fetch GET 200 https://registry.npmjs.org/formidable/-/formidable-3.5.4.tgz 838ms (cache miss)
5034 http fetch GET 200 https://registry.npmjs.org/walker/-/walker-1.0.8.tgz 830ms (cache miss)
5035 http fetch GET 200 https://registry.npmjs.org/unrs-resolver/-/unrs-resolver-1.12.2.tgz 831ms (cache miss)
5036 http fetch GET 200 https://registry.npmjs.org/detect-newline/-/detect-newline-3.1.0.tgz 831ms (cache miss)
5037 http fetch GET 200 https://registry.npmjs.org/fb-watchman/-/fb-watchman-2.0.2.tgz 833ms (cache miss)
5038 http fetch GET 200 https://registry.npmjs.org/@jest/diff-sequences/-/diff-sequences-30.4.0.tgz 834ms (cache miss)
5039 http fetch GET 200 https://registry.npmjs.org/@sinonjs/commons/-/commons-3.0.1.tgz 844ms (cache miss)
5040 http fetch GET 200 https://registry.npmjs.org/fsevents/-/fsevents-2.3.3.tgz 847ms (cache miss)
5041 http fetch GET 200 https://registry.npmjs.org/type-detect/-/type-detect-4.0.8.tgz 853ms (cache miss)
5042 http fetch GET 200 https://registry.npmjs.org/superagent/-/superagent-10.3.0.tgz 864ms (cache miss)
5043 http fetch GET 200 https://registry.npmjs.org/dedent/-/dedent-1.7.2.tgz 856ms (cache miss)
5044 http fetch GET 200 https://registry.npmjs.org/co/-/co-4.6.0.tgz 855ms (cache miss)
5045 http fetch GET 200 https://registry.npmjs.org/anymatch/-/anymatch-3.1.3.tgz 856ms (cache miss)
5046 http fetch GET 200 https://registry.npmjs.org/is-generator-fn/-/is-generator-fn-2.1.0.tgz 860ms (cache miss)
5047 http fetch GET 200 https://registry.npmjs.org/stack-utils/-/stack-utils-2.0.6.tgz 861ms (cache miss)
5048 http fetch GET 200 https://registry.npmjs.org/@babel/plugin-syntax-top-level-await/-/plugin-syntax-top-level-await-7.14.5.tgz 864ms (cache miss)
5049 http fetch GET 200 https://registry.npmjs.org/jest-each/-/jest-each-30.4.1.tgz 864ms (cache miss)
5050 http fetch GET 200 https://registry.npmjs.org/@sinonjs/fake-timers/-/fake-timers-15.4.0.tgz 871ms (cache miss)
5051 http fetch GET 200 https://registry.npmjs.org/@babel/plugin-syntax-optional-catch-binding/-/plugin-syntax-optional-catch-binding-7.8.3.tgz 871ms (cache miss)
5052 http fetch GET 200 https://registry.npmjs.org/@babel/plugin-syntax-object-rest-spread/-/plugin-syntax-object-rest-spread-7.8.3.tgz 871ms (cache miss)
5053 http fetch GET 200 https://registry.npmjs.org/@babel/plugin-syntax-json-strings/-/plugin-syntax-json-strings-7.8.3.tgz 907ms (cache miss)
5054 http fetch GET 200 https://registry.npmjs.org/@babel/plugin-syntax-optional-chaining/-/plugin-syntax-optional-chaining-7.8.3.tgz 908ms (cache miss)
5055 http fetch GET 200 https://registry.npmjs.org/@babel/plugin-syntax-private-property-in-object/-/plugin-syntax-private-property-in-object-7.14.5.tgz 909ms (cache miss)
5056 http fetch GET 200 https://registry.npmjs.org/@babel/plugin-syntax-nullish-coalescing-operator/-/plugin-syntax-nullish-coalescing-operator-7.8.3.tgz 922ms (cache miss)
5057 http fetch GET 200 https://registry.npmjs.org/@unrs/resolver-binding-darwin-arm64/-/resolver-binding-darwin-arm64-1.12.2.tgz 952ms (cache miss)
5058 http fetch GET 200 https://registry.npmjs.org/@babel/plugin-syntax-import-meta/-/plugin-syntax-import-meta-7.10.4.tgz 930ms (cache miss)
5059 http fetch GET 200 https://registry.npmjs.org/@babel/plugin-syntax-logical-assignment-operators/-/plugin-syntax-logical-assignment-operators-7.10.4.tgz 930ms (cache miss)
5060 http fetch GET 200 https://registry.npmjs.org/@babel/plugin-syntax-import-attributes/-/plugin-syntax-import-attributes-7.29.7.tgz 931ms (cache miss)
5061 http fetch GET 200 https://registry.npmjs.org/@babel/plugin-syntax-async-generators/-/plugin-syntax-async-generators-7.8.4.tgz 930ms (cache miss)
5062 http fetch GET 200 https://registry.npmjs.org/@babel/plugin-syntax-numeric-separator/-/plugin-syntax-numeric-separator-7.10.4.tgz 931ms (cache miss)
5063 http fetch GET 200 https://registry.npmjs.org/@babel/plugin-syntax-bigint/-/plugin-syntax-bigint-7.8.3.tgz 931ms (cache miss)
5064 http fetch GET 200 https://registry.npmjs.org/@types/babel__template/-/babel__template-7.4.4.tgz 931ms (cache miss)
5065 http fetch GET 200 https://registry.npmjs.org/babel-preset-current-node-syntax/-/babel-preset-current-node-syntax-1.2.0.tgz 932ms (cache miss)
5066 http fetch GET 200 https://registry.npmjs.org/@babel/plugin-syntax-class-static-block/-/plugin-syntax-class-static-block-7.14.5.tgz 934ms (cache miss)
5067 http fetch GET 200 https://registry.npmjs.org/@types/babel__traverse/-/babel__traverse-7.28.0.tgz 942ms (cache miss)
5068 http fetch GET 200 https://registry.npmjs.org/babel-preset-jest/-/babel-preset-jest-30.4.0.tgz 946ms (cache miss)
5069 http fetch GET 200 https://registry.npmjs.org/jest-environment-node/-/jest-environment-node-30.4.1.tgz 945ms (cache miss)
5070 http fetch GET 200 https://registry.npmjs.org/babel-jest/-/babel-jest-30.4.1.tgz 947ms (cache miss)
5071 http fetch GET 200 https://registry.npmjs.org/jest-circus/-/jest-circus-30.4.2.tgz 958ms (cache miss)
5072 http fetch GET 200 https://registry.npmjs.org/@babel/plugin-syntax-class-properties/-/plugin-syntax-class-properties-7.12.13.tgz 958ms (cache miss)
5073 http fetch GET 200 https://registry.npmjs.org/@types/babel__core/-/babel__core-7.20.5.tgz 959ms (cache miss)
5074 http fetch GET 200 https://registry.npmjs.org/jest-docblock/-/jest-docblock-30.4.0.tgz 962ms (cache miss)
5075 http fetch GET 200 https://registry.npmjs.org/@jest/source-map/-/source-map-30.0.1.tgz 971ms (cache miss)
5076 http fetch GET 200 https://registry.npmjs.org/babel-plugin-jest-hoist/-/babel-plugin-jest-hoist-30.4.0.tgz 971ms (cache miss)
5077 http fetch GET 200 https://registry.npmjs.org/strip-final-newline/-/strip-final-newline-2.0.0.tgz 974ms (cache miss)
5078 http fetch GET 200 https://registry.npmjs.org/get-stream/-/get-stream-6.0.1.tgz 983ms (cache miss)
5079 http fetch GET 200 https://registry.npmjs.org/p-limit/-/p-limit-3.1.0.tgz 984ms (cache miss)
5080 http fetch GET 200 https://registry.npmjs.org/execa/-/execa-5.1.1.tgz 984ms (cache miss)
5081 http fetch GET 200 https://registry.npmjs.org/npm-run-path/-/npm-run-path-4.0.1.tgz 990ms (cache miss)
5082 http fetch GET 200 https://registry.npmjs.org/make-dir/-/make-dir-4.0.0.tgz 1014ms (cache miss)
5083 http fetch GET 200 https://registry.npmjs.org/human-signals/-/human-signals-2.1.0.tgz 1015ms (cache miss)
5084 http fetch GET 200 https://registry.npmjs.org/resolve-cwd/-/resolve-cwd-3.0.0.tgz 1014ms (cache miss)
5085 http fetch GET 200 https://registry.npmjs.org/pkg-dir/-/pkg-dir-4.2.0.tgz 1014ms (cache miss)
5086 http fetch GET 200 https://registry.npmjs.org/is-stream/-/is-stream-2.0.1.tgz 1015ms (cache miss)
5087 http fetch GET 200 https://registry.npmjs.org/get-package-type/-/get-package-type-0.1.0.tgz 1015ms (cache miss)
5088 http fetch GET 200 https://registry.npmjs.org/@typescript-eslint/typescript-estree/-/typescript-estree-8.60.1.tgz 1041ms (cache miss)
5089 http fetch GET 200 https://registry.npmjs.org/html-escaper/-/html-escaper-2.0.2.tgz 1017ms (cache miss)
5090 http fetch GET 200 https://registry.npmjs.org/camelcase/-/camelcase-5.3.1.tgz 1017ms (cache miss)
5091 http fetch GET 200 https://registry.npmjs.org/test-exclude/-/test-exclude-6.0.0.tgz 1019ms (cache miss)
5092 http fetch GET 200 https://registry.npmjs.org/@istanbuljs/schema/-/schema-0.1.6.tgz 1034ms (cache miss)
5093 http fetch GET 200 https://registry.npmjs.org/@types/istanbul-reports/-/istanbul-reports-3.0.4.tgz 1050ms (cache miss)
5094 http fetch GET 200 https://registry.npmjs.org/@types/istanbul-lib-report/-/istanbul-lib-report-3.0.3.tgz 1050ms (cache miss)
5095 http fetch GET 200 https://registry.npmjs.org/@types/yargs/-/yargs-17.0.35.tgz 1055ms (cache miss)
5096 http fetch GET 200 https://registry.npmjs.org/@babel/helper-plugin-utils/-/helper-plugin-utils-7.29.7.tgz 1056ms (cache miss)
5097 http fetch GET 200 https://registry.npmjs.org/@jest/environment/-/environment-30.4.1.tgz 1082ms (cache miss)
5098 http fetch GET 200 https://registry.npmjs.org/@babel/helper-string-parser/-/helper-string-parser-7.29.7.tgz 1085ms (cache miss)
5099 http fetch GET 200 https://registry.npmjs.org/lru-cache/-/lru-cache-5.1.1.tgz 1085ms (cache miss)
5100 http fetch GET 200 https://registry.npmjs.org/@jest/fake-timers/-/fake-timers-30.4.1.tgz 1094ms (cache miss)
5101 http fetch GET 200 https://registry.npmjs.org/@typescript-eslint/utils/-/utils-8.60.1.tgz 1114ms (cache miss)
5102 http fetch GET 200 https://registry.npmjs.org/yargs/-/yargs-17.7.2.tgz 1115ms (cache miss)
5103 http fetch GET 200 https://registry.npmjs.org/@jest/expect/-/expect-30.4.1.tgz 1119ms (cache miss)
5104 http fetch GET 200 https://registry.npmjs.org/jsesc/-/jsesc-3.1.0.tgz 1117ms (cache miss)
5105 http fetch GET 200 https://registry.npmjs.org/@babel/helper-validator-option/-/helper-validator-option-7.29.7.tgz 1118ms (cache miss)
5106 http fetch GET 200 https://registry.npmjs.org/@babel/compat-data/-/compat-data-7.29.7.tgz 1127ms (cache miss)
5107 http fetch GET 200 https://registry.npmjs.org/@babel/helper-module-imports/-/helper-module-imports-7.29.7.tgz 1128ms (cache miss)
5108 http fetch GET 200 https://registry.npmjs.org/gensync/-/gensync-1.0.0-beta.2.tgz 1129ms (cache miss)
5109 http fetch GET 200 https://registry.npmjs.org/@types/babel__generator/-/babel__generator-7.27.0.tgz 1141ms (cache miss)
5110 http fetch GET 200 https://registry.npmjs.org/type-fest/-/type-fest-0.21.3.tgz 1142ms (cache miss)
5111 http fetch GET 200 https://registry.npmjs.org/@babel/template/-/template-7.29.7.tgz 1143ms (cache miss)
5112 http fetch GET 200 https://registry.npmjs.org/@jridgewell/remapping/-/remapping-2.3.5.tgz 1169ms (cache miss)
5113 http fetch GET 200 https://registry.npmjs.org/@babel/helper-compilation-targets/-/helper-compilation-targets-7.29.7.tgz 1176ms (cache miss)
5114 http fetch GET 200 https://registry.npmjs.org/babel-plugin-istanbul/-/babel-plugin-istanbul-7.0.1.tgz 1177ms (cache miss)
5115 http fetch GET 200 https://registry.npmjs.org/pirates/-/pirates-4.0.7.tgz 1177ms (cache miss)
5116 http fetch GET 200 https://registry.npmjs.org/convert-source-map/-/convert-source-map-2.0.0.tgz 1179ms (cache miss)
5117 http fetch GET 200 https://registry.npmjs.org/@noble/hashes/-/hashes-1.8.0.tgz 1208ms (cache miss)
5118 http fetch GET 200 https://registry.npmjs.org/v8-to-istanbul/-/v8-to-istanbul-9.3.0.tgz 1190ms (cache miss)
5119 http fetch GET 200 https://registry.npmjs.org/@babel/helper-module-transforms/-/helper-module-transforms-7.29.7.tgz 1200ms (cache miss)
5120 http fetch GET 200 https://registry.npmjs.org/write-file-atomic/-/write-file-atomic-5.0.1.tgz 1218ms (cache miss)
5121 http fetch GET 200 https://registry.npmjs.org/string-length/-/string-length-4.0.2.tgz 1220ms (cache miss)
5122 http fetch GET 200 https://registry.npmjs.org/istanbul-lib-coverage/-/istanbul-lib-coverage-3.2.2.tgz 1225ms (cache miss)
5123 http fetch GET 200 https://registry.npmjs.org/istanbul-lib-source-maps/-/istanbul-lib-source-maps-5.0.6.tgz 1228ms (cache miss)
5124 http fetch GET 200 https://registry.npmjs.org/jest-worker/-/jest-worker-30.4.1.tgz 1228ms (cache miss)
5125 http fetch GET 200 https://registry.npmjs.org/istanbul-lib-instrument/-/istanbul-lib-instrument-6.0.3.tgz 1230ms (cache miss)
5126 http fetch GET 200 https://registry.npmjs.org/istanbul-lib-report/-/istanbul-lib-report-3.0.1.tgz 1241ms (cache miss)
5127 http fetch GET 200 https://registry.npmjs.org/jest-runner/-/jest-runner-30.4.2.tgz 1252ms (cache miss)
5128 http fetch GET 200 https://registry.npmjs.org/slash/-/slash-3.0.0.tgz 1257ms (cache miss)
5129 http fetch GET 200 https://registry.npmjs.org/jest-watcher/-/jest-watcher-30.4.1.tgz 1257ms (cache miss)
5130 http fetch GET 200 https://registry.npmjs.org/collect-v8-coverage/-/collect-v8-coverage-1.0.3.tgz 1257ms (cache miss)
5131 http fetch GET 200 https://registry.npmjs.org/jest-resolve-dependencies/-/jest-resolve-dependencies-30.4.2.tgz 1258ms (cache miss)
5132 http fetch GET 200 https://registry.npmjs.org/pure-rand/-/pure-rand-7.0.1.tgz 1272ms (cache miss)
5133 http fetch GET 200 https://registry.npmjs.org/jest-validate/-/jest-validate-30.4.1.tgz 1260ms (cache miss)
5134 http fetch GET 200 https://registry.npmjs.org/@babel/parser/-/parser-7.29.7.tgz 1264ms (cache miss)
5135 http fetch GET 200 https://registry.npmjs.org/jest-snapshot/-/jest-snapshot-30.4.1.tgz 1262ms (cache miss)
5136 http fetch GET 200 https://registry.npmjs.org/@types/istanbul-lib-coverage/-/istanbul-lib-coverage-2.0.6.tgz 1265ms (cache miss)
5137 http fetch GET 200 https://registry.npmjs.org/@types/yargs-parser/-/yargs-parser-21.0.3.tgz 1270ms (cache miss)
5138 http fetch GET 200 https://registry.npmjs.org/@jest/schemas/-/schemas-30.4.1.tgz 1270ms (cache miss)
5139 http fetch GET 200 https://registry.npmjs.org/jest-resolve/-/jest-resolve-30.4.1.tgz 1281ms (cache miss)
5140 http fetch GET 200 https://registry.npmjs.org/@istanbuljs/load-nyc-config/-/load-nyc-config-1.1.0.tgz 1288ms (cache miss)
5141 http fetch GET 200 https://registry.npmjs.org/jest-runtime/-/jest-runtime-30.4.2.tgz 1286ms (cache miss)
5142 http fetch GET 200 https://registry.npmjs.org/jest-config/-/jest-config-30.4.2.tgz 1287ms (cache miss)
5143 http fetch GET 200 https://registry.npmjs.org/jest-regex-util/-/jest-regex-util-30.4.0.tgz 1288ms (cache miss)
5144 http fetch GET 200 https://registry.npmjs.org/ansi-escapes/-/ansi-escapes-4.3.2.tgz 1289ms (cache miss)
5145 http fetch GET 200 https://registry.npmjs.org/jest-changed-files/-/jest-changed-files-30.4.1.tgz 1289ms (cache miss)
5146 http fetch GET 200 https://registry.npmjs.org/jest-haste-map/-/jest-haste-map-30.4.1.tgz 1289ms (cache miss)
5147 http fetch GET 200 https://registry.npmjs.org/@babel/generator/-/generator-7.29.7.tgz 1294ms (cache miss)
5148 http fetch GET 200 https://registry.npmjs.org/@babel/helper-globals/-/helper-globals-7.29.7.tgz 1335ms (cache miss)
5149 http fetch GET 200 https://registry.npmjs.org/import-local/-/import-local-3.2.0.tgz 1329ms (cache miss)
5150 http fetch GET 200 https://registry.npmjs.org/jest-cli/-/jest-cli-30.4.2.tgz 1329ms (cache miss)
5151 http fetch GET 200 https://registry.npmjs.org/ci-info/-/ci-info-4.4.0.tgz 1330ms (cache miss)
5152 http fetch GET 200 https://registry.npmjs.org/exit-x/-/exit-x-0.2.2.tgz 1331ms (cache miss)
5153 http fetch GET 200 https://registry.npmjs.org/@jest/transform/-/transform-30.4.1.tgz 1332ms (cache miss)
5154 http fetch GET 200 https://registry.npmjs.org/@jest/test-sequencer/-/test-sequencer-30.4.1.tgz 1343ms (cache miss)
5155 http fetch GET 200 https://registry.npmjs.org/is-extglob/-/is-extglob-2.1.1.tgz 1334ms (cache miss)
5156 http fetch GET 200 https://registry.npmjs.org/math-intrinsics/-/math-intrinsics-1.1.0.tgz 1340ms (cache miss)
5157 http fetch GET 200 https://registry.npmjs.org/toidentifier/-/toidentifier-1.0.1.tgz 1341ms (cache miss)
5158 http fetch GET 200 https://registry.npmjs.org/@jest/pattern/-/pattern-30.4.0.tgz 1344ms (cache miss)
5159 http fetch GET 200 https://registry.npmjs.org/has-symbols/-/has-symbols-1.1.0.tgz 1346ms (cache miss)
5160 http fetch GET 200 https://registry.npmjs.org/setprototypeof/-/setprototypeof-1.2.0.tgz 1347ms (cache miss)
5161 http fetch GET 200 https://registry.npmjs.org/gopd/-/gopd-1.2.0.tgz 1347ms (cache miss)
5162 http fetch GET 200 https://registry.npmjs.org/get-proto/-/get-proto-1.0.1.tgz 1348ms (cache miss)
5163 http fetch GET 200 https://registry.npmjs.org/dunder-proto/-/dunder-proto-1.0.1.tgz 1352ms (cache miss)
5164 http fetch GET 200 https://registry.npmjs.org/function-bind/-/function-bind-1.1.2.tgz 1360ms (cache miss)
5165 http fetch GET 200 https://registry.npmjs.org/es-object-atoms/-/es-object-atoms-1.1.2.tgz 1369ms (cache miss)
5166 http fetch GET 200 https://registry.npmjs.org/call-bind-apply-helpers/-/call-bind-apply-helpers-1.0.2.tgz 1369ms (cache miss)
5167 http fetch GET 200 https://registry.npmjs.org/es-define-property/-/es-define-property-1.0.1.tgz 1369ms (cache miss)
5168 http fetch GET 200 https://registry.npmjs.org/has-tostringtag/-/has-tostringtag-1.0.2.tgz 1372ms (cache miss)
5169 http fetch GET 200 https://registry.npmjs.org/handlebars/-/handlebars-4.7.9.tgz 1404ms (cache miss)
5170 http fetch GET 200 https://registry.npmjs.org/hasown/-/hasown-2.0.4.tgz 1377ms (cache miss)
5171 http fetch GET 200 https://registry.npmjs.org/delayed-stream/-/delayed-stream-1.0.0.tgz 1379ms (cache miss)
5172 http fetch GET 200 https://registry.npmjs.org/istanbul-reports/-/istanbul-reports-3.2.0.tgz 1386ms (cache miss)
5173 http fetch GET 200 https://registry.npmjs.org/get-intrinsic/-/get-intrinsic-1.3.0.tgz 1380ms (cache miss)
5174 http fetch GET 200 https://registry.npmjs.org/@babel/traverse/-/traverse-7.29.7.tgz 1389ms (cache miss)
5175 http fetch GET 200 https://registry.npmjs.org/es-errors/-/es-errors-1.3.0.tgz 1385ms (cache miss)
5176 http fetch GET 200 https://registry.npmjs.org/combined-stream/-/combined-stream-1.0.8.tgz 1411ms (cache miss)
5177 http fetch GET 200 https://registry.npmjs.org/keyv/-/keyv-4.5.4.tgz 1411ms (cache miss)
5178 http fetch GET 200 https://registry.npmjs.org/es-set-tostringtag/-/es-set-tostringtag-2.1.0.tgz 1411ms (cache miss)
5179 http fetch GET 200 https://registry.npmjs.org/path-exists/-/path-exists-4.0.0.tgz 1410ms (cache miss)
5180 http fetch GET 200 https://registry.npmjs.org/asynckit/-/asynckit-0.4.0.tgz 1412ms (cache miss)
5181 http fetch GET 200 https://registry.npmjs.org/token-types/-/token-types-6.1.2.tgz 1411ms (cache miss)
5182 http fetch GET 200 https://registry.npmjs.org/uint8array-extras/-/uint8array-extras-1.5.0.tgz 1411ms (cache miss)
5183 http fetch GET 200 https://registry.npmjs.org/locate-path/-/locate-path-6.0.0.tgz 1411ms (cache miss)
5184 http fetch GET 200 https://registry.npmjs.org/@bcoe/v8-coverage/-/v8-coverage-0.2.3.tgz 1422ms (cache miss)
5185 http fetch GET 200 https://registry.npmjs.org/flatted/-/flatted-3.4.2.tgz 1417ms (cache miss)
5186 http fetch GET 200 https://registry.npmjs.org/@tokenizer/inflate/-/inflate-0.4.1.tgz 1438ms (cache miss)
5187 http fetch GET 200 https://registry.npmjs.org/statuses/-/statuses-2.0.2.tgz 1438ms (cache miss)
5188 http fetch GET 200 https://registry.npmjs.org/flat-cache/-/flat-cache-4.0.1.tgz 1438ms (cache miss)
5189 http fetch GET 200 https://registry.npmjs.org/serve-static/-/serve-static-2.2.1.tgz 1439ms (cache miss)
5190 http fetch GET 200 https://registry.npmjs.org/raw-body/-/raw-body-3.0.2.tgz 1440ms (cache miss)
5191 http fetch GET 200 https://registry.npmjs.org/negotiator/-/negotiator-1.0.0.tgz 1439ms (cache miss)
5192 http fetch GET 200 https://registry.npmjs.org/bytes/-/bytes-3.1.2.tgz 1442ms (cache miss)
5193 http fetch GET 200 https://registry.npmjs.org/type-is/-/type-is-2.1.0.tgz 1443ms (cache miss)
5194 http fetch GET 200 https://registry.npmjs.org/router/-/router-2.2.0.tgz 1444ms (cache miss)
5195 http fetch GET 200 https://registry.npmjs.org/proxy-addr/-/proxy-addr-2.0.7.tgz 1487ms (cache miss)
5196 http fetch GET 200 https://registry.npmjs.org/send/-/send-1.2.1.tgz 1489ms (cache miss)
5197 http fetch GET 200 https://registry.npmjs.org/range-parser/-/range-parser-1.2.1.tgz 1489ms (cache miss)
5198 http fetch GET 200 https://registry.npmjs.org/once/-/once-1.4.0.tgz 1489ms (cache miss)
5199 http fetch GET 200 https://registry.npmjs.org/on-finished/-/on-finished-2.4.1.tgz 1489ms (cache miss)
5200 http fetch GET 200 https://registry.npmjs.org/fresh/-/fresh-2.0.0.tgz 1489ms (cache miss)
5201 http fetch GET 200 https://registry.npmjs.org/parseurl/-/parseurl-1.3.3.tgz 1490ms (cache miss)
5202 http fetch GET 200 https://registry.npmjs.org/mime-types/-/mime-types-3.0.2.tgz 1490ms (cache miss)
5203 http fetch GET 200 https://registry.npmjs.org/http-errors/-/http-errors-2.0.1.tgz 1490ms (cache miss)
5204 http fetch GET 200 https://registry.npmjs.org/merge-descriptors/-/merge-descriptors-2.0.0.tgz 1512ms (cache miss)
5205 http fetch GET 200 https://registry.npmjs.org/finalhandler/-/finalhandler-2.1.1.tgz 1511ms (cache miss)
5206 http fetch GET 200 https://registry.npmjs.org/escape-html/-/escape-html-1.0.3.tgz 1511ms (cache miss)
5207 http fetch GET 200 https://registry.npmjs.org/encodeurl/-/encodeurl-2.0.0.tgz 1512ms (cache miss)
5208 http fetch GET 200 https://registry.npmjs.org/etag/-/etag-1.8.1.tgz 1512ms (cache miss)
5209 http fetch GET 200 https://registry.npmjs.org/depd/-/depd-2.0.0.tgz 1514ms (cache miss)
5210 http fetch GET 200 https://registry.npmjs.org/content-type/-/content-type-1.0.5.tgz 1514ms (cache miss)
5211 http fetch GET 200 https://registry.npmjs.org/cookie-signature/-/cookie-signature-1.2.2.tgz 1515ms (cache miss)
5212 http fetch GET 200 https://registry.npmjs.org/cookie/-/cookie-0.7.2.tgz 1516ms (cache miss)
5213 http fetch GET 200 https://registry.npmjs.org/content-disposition/-/content-disposition-1.1.0.tgz 1517ms (cache miss)
5214 http fetch GET 200 https://registry.npmjs.org/@jest/test-result/-/test-result-30.4.1.tgz 1524ms (cache miss)
5215 http fetch GET 200 https://registry.npmjs.org/strtok3/-/strtok3-10.3.5.tgz 1521ms (cache miss)
5216 http fetch GET 200 https://registry.npmjs.org/@jest/reporters/-/reporters-30.4.1.tgz 1525ms (cache miss)
5217 http fetch GET 200 https://registry.npmjs.org/qs/-/qs-6.15.2.tgz 1520ms (cache miss)
5218 http fetch GET 200 https://registry.npmjs.org/@jest/console/-/console-30.4.1.tgz 1533ms (cache miss)
5219 http fetch GET 200 https://registry.npmjs.org/body-parser/-/body-parser-2.2.2.tgz 1533ms (cache miss)
5220 http fetch GET 200 https://registry.npmjs.org/accepts/-/accepts-2.0.0.tgz 1535ms (cache miss)
5221 http fetch GET 200 https://registry.npmjs.org/@jest/types/-/types-30.4.1.tgz 1543ms (cache miss)
5222 http fetch GET 200 https://registry.npmjs.org/jest-util/-/jest-util-30.4.1.tgz 1536ms (cache miss)
5223 http fetch GET 200 https://registry.npmjs.org/jest-message-util/-/jest-message-util-30.4.1.tgz 1537ms (cache miss)
5224 http fetch GET 200 https://registry.npmjs.org/jest-mock/-/jest-mock-30.4.1.tgz 1538ms (cache miss)
5225 http fetch GET 200 https://registry.npmjs.org/prettier-linter-helpers/-/prettier-linter-helpers-1.0.1.tgz 1541ms (cache miss)
5226 http fetch GET 200 https://registry.npmjs.org/jest-matcher-utils/-/jest-matcher-utils-30.4.1.tgz 1542ms (cache miss)
5227 http fetch GET 200 https://registry.npmjs.org/acorn-jsx/-/acorn-jsx-5.3.2.tgz 1547ms (cache miss)
5228 http fetch GET 200 https://registry.npmjs.org/which/-/which-2.0.2.tgz 1547ms (cache miss)
5229 http fetch GET 200 https://registry.npmjs.org/@jest/core/-/core-30.4.2.tgz 1556ms (cache miss)
5230 http fetch GET 200 https://registry.npmjs.org/path-key/-/path-key-3.1.1.tgz 1553ms (cache miss)
5231 http fetch GET 200 https://registry.npmjs.org/shebang-command/-/shebang-command-2.0.0.tgz 1563ms (cache miss)
5232 http fetch GET 200 https://registry.npmjs.org/levn/-/levn-0.4.1.tgz 1562ms (cache miss)
5233 http fetch GET 200 https://registry.npmjs.org/@jest/expect-utils/-/expect-utils-30.4.1.tgz 1565ms (cache miss)
5234 http fetch GET 200 https://registry.npmjs.org/natural-compare/-/natural-compare-1.4.0.tgz 1565ms (cache miss)
5235 http fetch GET 200 https://registry.npmjs.org/optionator/-/optionator-0.9.4.tgz 1566ms (cache miss)
5236 http fetch GET 200 https://registry.npmjs.org/@humanfs/types/-/types-0.15.0.tgz 1571ms (cache miss)
5237 http fetch GET 200 https://registry.npmjs.org/lodash.merge/-/lodash.merge-4.6.2.tgz 1571ms (cache miss)
5238 http fetch GET 200 https://registry.npmjs.org/synckit/-/synckit-0.11.13.tgz 1573ms (cache miss)
5239 http fetch GET 200 https://registry.npmjs.org/json-stable-stringify-without-jsonify/-/json-stable-stringify-without-jsonify-1.0.1.tgz 1577ms (cache miss)
5240 http fetch GET 200 https://registry.npmjs.org/is-glob/-/is-glob-4.0.3.tgz 1579ms (cache miss)
5241 http fetch GET 200 https://registry.npmjs.org/imurmurhash/-/imurmurhash-0.1.4.tgz 1581ms (cache miss)
5242 http fetch GET 200 https://registry.npmjs.org/glob-parent/-/glob-parent-6.0.2.tgz 1580ms (cache miss)
5243 http fetch GET 200 https://registry.npmjs.org/@eslint/object-schema/-/object-schema-2.1.7.tgz 1608ms (cache miss)
5244 http fetch GET 200 https://registry.npmjs.org/find-up/-/find-up-5.0.0.tgz 1607ms (cache miss)
5245 http fetch GET 200 https://registry.npmjs.org/esutils/-/esutils-2.0.3.tgz 1607ms (cache miss)
5246 http fetch GET 200 https://registry.npmjs.org/escape-string-regexp/-/escape-string-regexp-4.0.0.tgz 1607ms (cache miss)
5247 http fetch GET 200 https://registry.npmjs.org/eslint-visitor-keys/-/eslint-visitor-keys-4.2.1.tgz 1608ms (cache miss)
5248 http fetch GET 200 https://registry.npmjs.org/file-entry-cache/-/file-entry-cache-8.0.0.tgz 1608ms (cache miss)
5249 http fetch GET 200 https://registry.npmjs.org/cross-spawn/-/cross-spawn-7.0.6.tgz 1611ms (cache miss)
5250 http fetch GET 200 https://registry.npmjs.org/eslint-scope/-/eslint-scope-8.4.0.tgz 1616ms (cache miss)
5251 http fetch GET 200 https://registry.npmjs.org/@humanwhocodes/module-importer/-/module-importer-1.0.1.tgz 1627ms (cache miss)
5252 http fetch GET 200 https://registry.npmjs.org/@humanwhocodes/retry/-/retry-0.4.3.tgz 1630ms (cache miss)
5253 http fetch GET 200 https://registry.npmjs.org/@eslint/core/-/core-0.17.0.tgz 1633ms (cache miss)
5254 http fetch GET 200 https://registry.npmjs.org/object-assign/-/object-assign-4.1.1.tgz 1636ms (cache miss)
5255 http fetch GET 200 https://registry.npmjs.org/ms/-/ms-2.1.3.tgz 1636ms (cache miss)
5256 http fetch GET 200 https://registry.npmjs.org/vary/-/vary-1.1.2.tgz 1638ms (cache miss)
5257 http fetch GET 200 https://registry.npmjs.org/esquery/-/esquery-1.7.0.tgz 1646ms (cache miss)
5258 http fetch GET 200 https://registry.npmjs.org/@humanfs/node/-/node-0.16.8.tgz 1646ms (cache miss)
5259 http fetch GET 200 https://registry.npmjs.org/@eslint/plugin-kit/-/plugin-kit-0.4.1.tgz 1647ms (cache miss)
5260 http fetch GET 200 https://registry.npmjs.org/@types/cookiejar/-/cookiejar-2.1.5.tgz 1652ms (cache miss)
5261 http fetch GET 200 https://registry.npmjs.org/@eslint-community/eslint-utils/-/eslint-utils-4.9.1.tgz 1656ms (cache miss)
5262 http fetch GET 200 https://registry.npmjs.org/@babel/core/-/core-7.29.7.tgz 1671ms (cache miss)
5263 http fetch GET 200 https://registry.npmjs.org/form-data/-/form-data-4.0.5.tgz 1662ms (cache miss)
5264 http fetch GET 200 https://registry.npmjs.org/pretty-format/-/pretty-format-30.4.1.tgz 1666ms (cache miss)
5265 http fetch GET 200 https://registry.npmjs.org/@babel/types/-/types-7.29.7.tgz 1690ms (cache miss)
5266 http fetch GET 200 https://registry.npmjs.org/@types/qs/-/qs-6.15.1.tgz 1673ms (cache miss)
5267 http fetch GET 200 https://registry.npmjs.org/@types/http-errors/-/http-errors-2.0.5.tgz 1674ms (cache miss)
5268 http fetch GET 200 https://registry.npmjs.org/@eslint/config-array/-/config-array-0.21.2.tgz 1679ms (cache miss)
5269 http fetch GET 200 https://registry.npmjs.org/@types/superagent/-/superagent-8.1.10.tgz 1678ms (cache miss)
5270 http fetch GET 200 https://registry.npmjs.org/@types/range-parser/-/range-parser-1.2.7.tgz 1678ms (cache miss)
5271 http fetch GET 200 https://registry.npmjs.org/expect/-/expect-30.4.1.tgz 1679ms (cache miss)
5272 http fetch GET 200 https://registry.npmjs.org/undici-types/-/undici-types-7.18.2.tgz 1685ms (cache miss)
5273 http fetch GET 200 https://registry.npmjs.org/@typescript-eslint/scope-manager/-/scope-manager-8.60.1.tgz 1741ms (cache miss)
5274 http fetch GET 200 https://registry.npmjs.org/@types/send/-/send-1.2.1.tgz 1699ms (cache miss)
5275 http fetch GET 200 https://registry.npmjs.org/@types/serve-static/-/serve-static-2.2.0.tgz 1698ms (cache miss)
5276 http fetch GET 200 https://registry.npmjs.org/@types/express-serve-static-core/-/express-serve-static-core-5.1.1.tgz 1699ms (cache miss)
5277 http fetch GET 200 https://registry.npmjs.org/cors/-/cors-2.8.6.tgz 1710ms (cache miss)
5278 http fetch GET 200 https://registry.npmjs.org/uid/-/uid-2.0.2.tgz 1709ms (cache miss)
5279 http fetch GET 200 https://registry.npmjs.org/multer/-/multer-2.1.1.tgz 1712ms (cache miss)
5280 http fetch GET 200 https://registry.npmjs.org/fast-safe-stringify/-/fast-safe-stringify-2.1.1.tgz 1712ms (cache miss)
5281 http fetch GET 200 https://registry.npmjs.org/express/-/express-5.2.1.tgz 1714ms (cache miss)
5282 http fetch GET 200 https://registry.npmjs.org/consola/-/consola-3.4.2.tgz 1730ms (cache miss)
5283 http fetch GET 200 https://registry.npmjs.org/@babel/helpers/-/helpers-7.29.7.tgz 1751ms (cache miss)
5284 http fetch GET 200 https://registry.npmjs.org/file-type/-/file-type-21.3.4.tgz 1730ms (cache miss)
5285 http fetch GET 200 https://registry.npmjs.org/strip-json-comments/-/strip-json-comments-3.1.1.tgz 1737ms (cache miss)
5286 http fetch GET 200 https://registry.npmjs.org/load-esm/-/load-esm-1.0.3.tgz 1753ms (cache miss)
5287 http fetch GET 200 https://registry.npmjs.org/@types/connect/-/connect-3.4.38.tgz 1761ms (cache miss)
5288 http fetch GET 200 https://registry.npmjs.org/ignore/-/ignore-5.3.2.tgz 1760ms (cache miss)
5289 http fetch GET 200 https://registry.npmjs.org/path-to-regexp/-/path-to-regexp-8.4.2.tgz 1769ms (cache miss)
5290 http fetch GET 200 https://registry.npmjs.org/debug/-/debug-4.4.3.tgz 1772ms (cache miss)
5291 http fetch GET 200 https://registry.npmjs.org/@nuxt/opencollective/-/opencollective-0.4.1.tgz 1774ms (cache miss)
5292 http fetch GET 200 https://registry.npmjs.org/jest/-/jest-30.4.2.tgz 1773ms (cache miss)
5293 http fetch GET 200 https://registry.npmjs.org/typescript-eslint/-/typescript-eslint-8.60.1.tgz 1775ms (cache miss)
5294 http fetch GET 200 https://registry.npmjs.org/espree/-/espree-10.4.0.tgz 1776ms (cache miss)
5295 http fetch GET 200 https://registry.npmjs.org/eslint-plugin-prettier/-/eslint-plugin-prettier-5.5.6.tgz 1776ms (cache miss)
5296 http fetch GET 200 https://registry.npmjs.org/globals/-/globals-17.6.0.tgz 1804ms (cache miss)
5297 http fetch GET 200 https://registry.npmjs.org/supertest/-/supertest-7.2.2.tgz 1805ms (cache miss)
5298 http fetch GET 200 https://registry.npmjs.org/iterare/-/iterare-1.2.1.tgz 1810ms (cache miss)
5299 http fetch GET 200 https://registry.npmjs.org/ts-loader/-/ts-loader-9.6.0.tgz 1808ms (cache miss)
5300 http fetch GET 200 https://registry.npmjs.org/@types/supertest/-/supertest-7.2.0.tgz 1849ms (cache miss)
5301 http fetch GET 200 https://registry.npmjs.org/ts-node/-/ts-node-10.9.2.tgz 1854ms (cache miss)
5302 http fetch GET 200 https://registry.npmjs.org/ts-jest/-/ts-jest-29.4.11.tgz 1855ms (cache miss)
5303 http fetch GET 200 https://registry.npmjs.org/@types/jest/-/jest-30.0.0.tgz 1875ms (cache miss)
5304 http fetch GET 200 https://registry.npmjs.org/@typescript-eslint/eslint-plugin/-/eslint-plugin-8.60.1.tgz 1945ms (cache miss)
5305 http fetch GET 200 https://registry.npmjs.org/eslint-config-prettier/-/eslint-config-prettier-10.1.8.tgz 1945ms (cache miss)
5306 http fetch GET 200 https://registry.npmjs.org/@types/express/-/express-5.0.6.tgz 1945ms (cache miss)
5307 http fetch GET 200 https://registry.npmjs.org/@types/methods/-/methods-1.1.4.tgz 1958ms (cache miss)
5308 http fetch GET 200 https://registry.npmjs.org/@eslint/config-helpers/-/config-helpers-0.4.2.tgz 1960ms (cache miss)
5309 http fetch GET 200 https://registry.npmjs.org/@eslint-community/regexpp/-/regexpp-4.12.2.tgz 1965ms (cache miss)
5310 http fetch GET 200 https://registry.npmjs.org/@types/node/-/node-24.13.0.tgz 1996ms (cache miss)
5311 http fetch GET 200 https://registry.npmjs.org/@types/body-parser/-/body-parser-1.19.6.tgz 2005ms (cache miss)
5312 http fetch GET 200 https://registry.npmjs.org/ansi-styles/-/ansi-styles-6.2.3.tgz 2172ms (cache miss)
5313 http fetch GET 200 https://registry.npmjs.org/ansi-regex/-/ansi-regex-6.2.2.tgz 2173ms (cache miss)
5314 http fetch GET 200 https://registry.npmjs.org/string-width/-/string-width-5.1.2.tgz 2172ms (cache miss)
5315 http fetch GET 200 https://registry.npmjs.org/@eslint/js/-/js-9.39.4.tgz 2172ms (cache miss)
5316 http fetch GET 200 https://registry.npmjs.org/@nestjs/testing/-/testing-11.1.24.tgz 2174ms (cache miss)
5317 http fetch GET 200 https://registry.npmjs.org/@jest/get-type/-/get-type-30.1.0.tgz 2186ms (cache miss)
5318 http fetch GET 200 https://registry.npmjs.org/wrap-ansi/-/wrap-ansi-8.1.0.tgz 2173ms (cache miss)
5319 http fetch GET 200 https://registry.npmjs.org/wrap-ansi/-/wrap-ansi-7.0.0.tgz 2176ms (cache miss)
5320 http fetch GET 200 https://registry.npmjs.org/p-limit/-/p-limit-2.3.0.tgz 2178ms (cache miss)
5321 http fetch GET 200 https://registry.npmjs.org/escape-string-regexp/-/escape-string-regexp-2.0.0.tgz 2178ms (cache miss)
5322 http fetch GET 200 https://registry.npmjs.org/resolve-from/-/resolve-from-5.0.0.tgz 2178ms (cache miss)
5323 http fetch GET 200 https://registry.npmjs.org/p-locate/-/p-locate-4.1.0.tgz 2177ms (cache miss)
5324 http fetch GET 200 https://registry.npmjs.org/eslint-visitor-keys/-/eslint-visitor-keys-5.0.1.tgz 2178ms (cache miss)
5325 http fetch GET 200 https://registry.npmjs.org/ignore/-/ignore-7.0.5.tgz 2179ms (cache miss)
5326 http fetch GET 200 https://registry.npmjs.org/reflect-metadata/-/reflect-metadata-0.2.2.tgz 2182ms (cache miss)
5327 http fetch GET 200 https://registry.npmjs.org/p-limit/-/p-limit-2.3.0.tgz 2180ms (cache miss)
5328 http fetch GET 200 https://registry.npmjs.org/@humanfs/core/-/core-0.19.2.tgz 2197ms (cache miss)
5329 http fetch GET 200 https://registry.npmjs.org/picomatch/-/picomatch-2.3.2.tgz 2184ms (cache miss)
5330 http fetch GET 200 https://registry.npmjs.org/picomatch/-/picomatch-2.3.2.tgz 2186ms (cache miss)
5331 http fetch GET 200 https://registry.npmjs.org/emoji-regex/-/emoji-regex-9.2.2.tgz 2188ms (cache miss)
5332 http fetch GET 200 https://registry.npmjs.org/p-locate/-/p-locate-4.1.0.tgz 2209ms (cache miss)
5333 http fetch GET 200 https://registry.npmjs.org/resolve-from/-/resolve-from-5.0.0.tgz 2210ms (cache miss)
5334 http fetch GET 200 https://registry.npmjs.org/glob/-/glob-7.2.3.tgz 2210ms (cache miss)
5335 http fetch GET 200 https://registry.npmjs.org/find-up/-/find-up-4.1.0.tgz 2210ms (cache miss)
5336 http fetch GET 200 https://registry.npmjs.org/strip-ansi/-/strip-ansi-7.2.0.tgz 2209ms (cache miss)
5337 warn deprecated glob@7.2.3: Old versions of glob are not supported, and contain widely publicized security vulnerabilities, which have been fixed in the current version. Please update. Support for old versions may be purchased (at exorbitant rates) by contacting i@izs.me
5338 http fetch GET 200 https://registry.npmjs.org/locate-path/-/locate-path-5.0.0.tgz 2210ms (cache miss)
5339 http fetch GET 200 https://registry.npmjs.org/semver/-/semver-6.3.1.tgz 2210ms (cache miss)
5340 http fetch GET 200 https://registry.npmjs.org/camelcase/-/camelcase-6.3.0.tgz 2211ms (cache miss)
5341 http fetch GET 200 https://registry.npmjs.org/find-up/-/find-up-4.1.0.tgz 2211ms (cache miss)
5342 http fetch GET 200 https://registry.npmjs.org/locate-path/-/locate-path-5.0.0.tgz 2212ms (cache miss)
5343 http fetch GET 200 https://registry.npmjs.org/@eslint/eslintrc/-/eslintrc-3.3.5.tgz 2225ms (cache miss)
5344 http fetch GET 200 https://registry.npmjs.org/argparse/-/argparse-1.0.10.tgz 2240ms (cache miss)
5345 http fetch GET 200 https://registry.npmjs.org/brace-expansion/-/brace-expansion-2.1.1.tgz 2250ms (cache miss)
5346 http fetch GET 200 https://registry.npmjs.org/semver/-/semver-6.3.1.tgz 2249ms (cache miss)
5347 http fetch GET 200 https://registry.npmjs.org/source-map-support/-/source-map-support-0.5.13.tgz 2250ms (cache miss)
5348 http fetch GET 200 https://registry.npmjs.org/js-yaml/-/js-yaml-3.14.2.tgz 2287ms (cache miss)
5349 http fetch GET 200 https://registry.npmjs.org/brace-expansion/-/brace-expansion-2.1.1.tgz 2285ms (cache miss)
5350 http fetch GET 200 https://registry.npmjs.org/brace-expansion/-/brace-expansion-2.1.1.tgz 2286ms (cache miss)
5351 http fetch GET 200 https://registry.npmjs.org/path-scurry/-/path-scurry-1.11.1.tgz 2289ms (cache miss)
5352 http fetch GET 200 https://registry.npmjs.org/prettier/-/prettier-3.8.3.tgz 2301ms (cache miss)
5353 http fetch GET 200 https://registry.npmjs.org/path-scurry/-/path-scurry-1.11.1.tgz 2296ms (cache miss)
5354 http fetch GET 200 https://registry.npmjs.org/lru-cache/-/lru-cache-10.4.3.tgz 2298ms (cache miss)
5355 http fetch GET 200 https://registry.npmjs.org/lru-cache/-/lru-cache-10.4.3.tgz 2299ms (cache miss)
5356 http fetch GET 200 https://registry.npmjs.org/type-is/-/type-is-1.6.18.tgz 2315ms (cache miss)
5357 http fetch GET 200 https://registry.npmjs.org/media-typer/-/media-typer-0.3.0.tgz 2316ms (cache miss)
5358 http fetch GET 200 https://registry.npmjs.org/eslint-visitor-keys/-/eslint-visitor-keys-3.4.3.tgz 2327ms (cache miss)
5359 http fetch GET 200 https://registry.npmjs.org/path-scurry/-/path-scurry-1.11.1.tgz 2337ms (cache miss)
5360 http fetch GET 200 https://registry.npmjs.org/content-type/-/content-type-2.0.0.tgz 2338ms (cache miss)
5361 http fetch GET 200 https://registry.npmjs.org/ansi-styles/-/ansi-styles-5.2.0.tgz 2338ms (cache miss)
5362 http fetch GET 200 https://registry.npmjs.org/globals/-/globals-14.0.0.tgz 2341ms (cache miss)
5363 http fetch GET 200 https://registry.npmjs.org/@jridgewell/trace-mapping/-/trace-mapping-0.3.9.tgz 2365ms (cache miss)
5364 http fetch GET 200 https://registry.npmjs.org/minimatch/-/minimatch-9.0.9.tgz 2374ms (cache miss)
5365 http fetch GET 200 https://registry.npmjs.org/lru-cache/-/lru-cache-10.4.3.tgz 2379ms (cache miss)
5366 http fetch GET 200 https://registry.npmjs.org/glob/-/glob-10.5.0.tgz 2403ms (cache miss)
5367 http fetch GET 200 https://registry.npmjs.org/glob/-/glob-10.5.0.tgz 2405ms (cache miss)
5368 warn deprecated glob@10.5.0: Old versions of glob are not supported, and contain widely publicized security vulnerabilities, which have been fixed in the current version. Please update. Support for old versions may be purchased (at exorbitant rates) by contacting i@izs.me
5369 warn deprecated glob@10.5.0: Old versions of glob are not supported, and contain widely publicized security vulnerabilities, which have been fixed in the current version. Please update. Support for old versions may be purchased (at exorbitant rates) by contacting i@izs.me
5370 http fetch GET 200 https://registry.npmjs.org/glob/-/glob-10.5.0.tgz 2423ms (cache miss)
5371 warn deprecated glob@10.5.0: Old versions of glob are not supported, and contain widely publicized security vulnerabilities, which have been fixed in the current version. Please update. Support for old versions may be purchased (at exorbitant rates) by contacting i@izs.me
5372 http fetch GET 200 https://registry.npmjs.org/minimatch/-/minimatch-9.0.9.tgz 2431ms (cache miss)
5373 http fetch GET 200 https://registry.npmjs.org/minimatch/-/minimatch-9.0.9.tgz 2433ms (cache miss)
5374 http fetch GET 200 https://registry.npmjs.org/type-fest/-/type-fest-4.41.0.tgz 2499ms (cache miss)
5375 http fetch GET 200 https://registry.npmjs.org/@nestjs/core/-/core-11.1.24.tgz 2537ms (cache miss)
5376 http fetch GET 200 https://registry.npmjs.org/eslint/-/eslint-9.39.4.tgz 2655ms (cache miss)
5377 http fetch GET 200 https://registry.npmjs.org/@nestjs/common/-/common-11.1.24.tgz 2671ms (cache miss)
5378 http fetch GET 200 https://registry.npmjs.org/@nestjs/platform-express/-/platform-express-11.1.24.tgz 2759ms (cache miss)
5379 http fetch GET 200 https://registry.npmjs.org/ajv/-/ajv-8.20.0.tgz 2834ms (cache miss)
5380 http fetch GET 200 https://registry.npmjs.org/webpack/-/webpack-5.107.2.tgz 2844ms (cache miss)
5381 http fetch GET 200 https://registry.npmjs.org/ajv/-/ajv-8.20.0.tgz 2863ms (cache miss)
5382 http fetch GET 200 https://registry.npmjs.org/ajv/-/ajv-8.20.0.tgz 2866ms (cache miss)
5383 http fetch GET 200 https://registry.npmjs.org/ajv/-/ajv-8.20.0.tgz 2868ms (cache miss)
5384 http fetch GET 200 https://registry.npmjs.org/@sinclair/typebox/-/typebox-0.34.49.tgz 3052ms (cache miss)
5385 http fetch GET 200 https://registry.npmjs.org/rxjs/-/rxjs-7.8.2.tgz 3524ms (cache miss)
5386 info run fsevents@2.3.3 install node_modules/fsevents node-gyp rebuild
5387 info run fsevents@2.3.3 install { code: 1, signal: null }
5388 verbose reify failed optional dependency /Users/neosoft/StudioProjects/vibe coding/travel_expense_backend/node_modules/fsevents
5389 silly reify mark deleted [
5389 silly reify   '/Users/neosoft/StudioProjects/vibe coding/travel_expense_backend/node_modules/fsevents'
5389 silly reify ]
5390 info run @nestjs/core@11.1.24 postinstall node_modules/@nestjs/core opencollective || exit 0
5391 info run unrs-resolver@1.12.2 postinstall node_modules/unrs-resolver node postinstall.js
5392 info run unrs-resolver@1.12.2 postinstall { code: 0, signal: null }
5393 info run @nestjs/core@11.1.24 postinstall { code: 0, signal: null }
5394 verbose cwd /Users/neosoft/StudioProjects/vibe coding/travel_expense_backend
5395 verbose os Darwin 25.1.0
5396 verbose node v24.13.0
5397 verbose npm  v11.6.2
5398 verbose exit 0
5399 info ok
