0 verbose cli /usr/local/bin/node /usr/local/lib/node_modules/npm/bin/npm-cli.js
1 info using npm@11.6.2
2 info using node@v24.13.0
3 silly config load:file:/usr/local/lib/node_modules/npm/npmrc
4 silly config load:file:/Users/neosoft/StudioProjects/vibe coding/.npmrc
5 silly config load:file:/Users/neosoft/.npmrc
6 silly config load:file:/usr/local/etc/npmrc
7 verbose title npm exec @nestjs/cli new travel_expense_backend --package-manager npm --skip-git
8 verbose argv "exec" "--cache" "/Users/neosoft/StudioProjects/vibe coding/.npm-cache" "--yes" "--" "@nestjs/cli" "new" "travel_expense_backend" "--package-manager" "npm" "--skip-git"
9 verbose logfile logs-max:10 dir:/Users/neosoft/StudioProjects/vibe coding/.npm-cache/_logs/2026-06-05T03_55_13_099Z-
10 verbose logfile /Users/neosoft/StudioProjects/vibe coding/.npm-cache/_logs/2026-06-05T03_55_13_099Z-debug-0.log
11 silly logfile done cleaning log files
12 silly packumentCache heap:4496293888 maxSize:1124073472 maxEntrySize:562036736
13 http fetch GET 200 https://registry.npmjs.org/npm 232ms
14 http fetch GET 200 https://registry.npmjs.org/@nestjs%2fcli 869ms (cache miss)
15 silly packumentCache heap:4496293888 maxSize:1124073472 maxEntrySize:562036736
16 silly packumentCache heap:4496293888 maxSize:1124073472 maxEntrySize:562036736
17 silly idealTree buildDeps
18 silly fetch manifest @nestjs/cli@11.0.21
19 silly packumentCache full:https://registry.npmjs.org/@nestjs%2fcli cache-miss
20 http fetch GET 200 https://registry.npmjs.org/@nestjs%2fcli 617ms (cache miss)
21 silly packumentCache full:https://registry.npmjs.org/@nestjs%2fcli set size:undefined disposed:false
22 silly fetch manifest @swc/cli@^0.1.62 || ^0.3.0 || ^0.4.0 || ^0.5.0 || ^0.6.0 || ^0.7.0 || ^0.8.0
23 silly packumentCache full:https://registry.npmjs.org/@swc%2fcli cache-miss
24 http fetch GET 200 https://registry.npmjs.org/@swc%2fcli 699ms (cache miss)
25 silly packumentCache full:https://registry.npmjs.org/@swc%2fcli set size:undefined disposed:false
26 silly fetch manifest @swc/core@^1.2.66
27 silly packumentCache full:https://registry.npmjs.org/@swc%2fcore cache-miss
28 http fetch GET 200 https://registry.npmjs.org/@swc%2fcore 152ms (cache miss)
29 silly packumentCache full:https://registry.npmjs.org/@swc%2fcore set size:undefined disposed:false
30 silly fetch manifest @swc/helpers@>=0.5.17
31 silly packumentCache full:https://registry.npmjs.org/@swc%2fhelpers cache-miss
32 http fetch GET 200 https://registry.npmjs.org/@swc%2fhelpers 66ms (cache miss)
33 silly packumentCache full:https://registry.npmjs.org/@swc%2fhelpers set size:undefined disposed:false
34 silly fetch manifest chokidar@^5.0.0
35 silly packumentCache full:https://registry.npmjs.org/chokidar cache-miss
36 http fetch GET 200 https://registry.npmjs.org/chokidar 44ms (cache miss)
37 silly packumentCache full:https://registry.npmjs.org/chokidar set size:undefined disposed:false
38 silly placeDep ROOT @nestjs/cli@11.0.21 OK for:  want: 11.0.21
39 silly fetch manifest ora@5.4.1
40 silly packumentCache full:https://registry.npmjs.org/ora cache-miss
41 silly fetch manifest glob@13.0.6
42 silly packumentCache full:https://registry.npmjs.org/glob cache-miss
43 silly fetch manifest ansis@4.2.0
44 silly packumentCache full:https://registry.npmjs.org/ansis cache-miss
45 silly fetch manifest webpack@5.106.0
46 silly packumentCache full:https://registry.npmjs.org/webpack cache-miss
47 silly fetch manifest chokidar@4.0.3
48 silly packumentCache full:https://registry.npmjs.org/chokidar cache-miss
49 silly fetch manifest commander@4.1.1
50 silly packumentCache full:https://registry.npmjs.org/commander cache-miss
51 silly fetch manifest cli-table3@0.6.5
52 silly packumentCache full:https://registry.npmjs.org/cli-table3 cache-miss
53 http cache https://registry.npmjs.org/chokidar 10ms (cache hit)
54 silly packumentCache full:https://registry.npmjs.org/chokidar set size:255902 disposed:false
55 silly fetch manifest node-emoji@1.11.0
56 silly packumentCache full:https://registry.npmjs.org/node-emoji cache-miss
57 http fetch GET 200 https://registry.npmjs.org/ora 45ms (cache miss)
58 silly packumentCache full:https://registry.npmjs.org/ora set size:undefined disposed:false
59 silly fetch manifest typescript@5.9.3
60 silly packumentCache full:https://registry.npmjs.org/typescript cache-miss
61 http fetch GET 200 https://registry.npmjs.org/glob 59ms (cache miss)
62 silly packumentCache full:https://registry.npmjs.org/glob set size:undefined disposed:false
63 silly fetch manifest tsconfig-paths@4.2.0
64 silly packumentCache full:https://registry.npmjs.org/tsconfig-paths cache-miss
65 http fetch GET 200 https://registry.npmjs.org/tsconfig-paths 49ms (cache miss)
66 silly packumentCache full:https://registry.npmjs.org/tsconfig-paths set size:undefined disposed:false
67 silly fetch manifest @inquirer/prompts@7.10.1
68 silly packumentCache full:https://registry.npmjs.org/@inquirer%2fprompts cache-miss
69 http fetch GET 200 https://registry.npmjs.org/commander 162ms (cache miss)
70 silly packumentCache full:https://registry.npmjs.org/commander set size:undefined disposed:false
71 silly fetch manifest @nestjs/schematics@^11.0.1
72 silly packumentCache full:https://registry.npmjs.org/@nestjs%2fschematics cache-miss
73 http fetch GET 200 https://registry.npmjs.org/webpack 267ms (cache miss)
74 silly packumentCache full:https://registry.npmjs.org/webpack set size:undefined disposed:false
75 silly fetch manifest @angular-devkit/core@19.2.24
76 silly packumentCache full:https://registry.npmjs.org/@angular-devkit%2fcore cache-miss
77 http fetch GET 200 https://registry.npmjs.org/typescript 249ms (cache miss)
78 silly packumentCache full:https://registry.npmjs.org/typescript set size:undefined disposed:false
79 silly fetch manifest webpack-node-externals@3.0.0
80 silly packumentCache full:https://registry.npmjs.org/webpack-node-externals cache-miss
81 http fetch GET 200 https://registry.npmjs.org/cli-table3 347ms (cache miss)
82 silly packumentCache full:https://registry.npmjs.org/cli-table3 set size:undefined disposed:false
83 silly fetch manifest @angular-devkit/schematics@19.2.24
84 silly packumentCache full:https://registry.npmjs.org/@angular-devkit%2fschematics cache-miss
85 http fetch GET 200 https://registry.npmjs.org/ansis 349ms (cache miss)
86 silly packumentCache full:https://registry.npmjs.org/ansis set size:undefined disposed:false
87 silly fetch manifest tsconfig-paths-webpack-plugin@4.2.0
88 silly packumentCache full:https://registry.npmjs.org/tsconfig-paths-webpack-plugin cache-miss
89 http fetch GET 200 https://registry.npmjs.org/@inquirer%2fprompts 247ms (cache miss)
90 silly packumentCache full:https://registry.npmjs.org/@inquirer%2fprompts set size:undefined disposed:false
91 silly fetch manifest @angular-devkit/schematics-cli@19.2.24
92 silly packumentCache full:https://registry.npmjs.org/@angular-devkit%2fschematics-cli cache-miss
93 http fetch GET 200 https://registry.npmjs.org/node-emoji 353ms (cache miss)
94 silly packumentCache full:https://registry.npmjs.org/node-emoji set size:undefined disposed:false
95 silly fetch manifest fork-ts-checker-webpack-plugin@9.1.0
96 silly packumentCache full:https://registry.npmjs.org/fork-ts-checker-webpack-plugin cache-miss
97 http fetch GET 200 https://registry.npmjs.org/@angular-devkit%2fcore 127ms (cache miss)
98 silly packumentCache full:https://registry.npmjs.org/@angular-devkit%2fcore set size:undefined disposed:false
99 http fetch GET 200 https://registry.npmjs.org/fork-ts-checker-webpack-plugin 96ms (cache miss)
100 silly packumentCache full:https://registry.npmjs.org/fork-ts-checker-webpack-plugin set size:undefined disposed:false
101 http fetch GET 200 https://registry.npmjs.org/webpack-node-externals 272ms (cache miss)
102 silly packumentCache full:https://registry.npmjs.org/webpack-node-externals set size:undefined disposed:false
103 http fetch GET 200 https://registry.npmjs.org/@nestjs%2fschematics 448ms (cache miss)
104 silly packumentCache full:https://registry.npmjs.org/@nestjs%2fschematics set size:undefined disposed:false
105 http fetch GET 200 https://registry.npmjs.org/tsconfig-paths-webpack-plugin 268ms (cache miss)
106 silly packumentCache full:https://registry.npmjs.org/tsconfig-paths-webpack-plugin set size:undefined disposed:false
107 http fetch GET 200 https://registry.npmjs.org/@angular-devkit%2fschematics 358ms (cache miss)
108 silly packumentCache full:https://registry.npmjs.org/@angular-devkit%2fschematics set size:undefined disposed:false
109 http fetch GET 200 https://registry.npmjs.org/@angular-devkit%2fschematics-cli 889ms (cache miss)
110 silly packumentCache full:https://registry.npmjs.org/@angular-devkit%2fschematics-cli set size:undefined disposed:false
111 silly fetch manifest @types/node@>=18
112 silly packumentCache full:https://registry.npmjs.org/@types%2fnode cache-miss
113 http fetch GET 200 https://registry.npmjs.org/@types%2fnode 231ms (cache miss)
114 silly packumentCache full:https://registry.npmjs.org/@types%2fnode set size:undefined disposed:false
115 silly fetch manifest prettier@^3.0.0
116 silly packumentCache full:https://registry.npmjs.org/prettier cache-miss
117 http fetch GET 200 https://registry.npmjs.org/prettier 60ms (cache miss)
118 silly packumentCache full:https://registry.npmjs.org/prettier set size:undefined disposed:false
119 silly placeDep ROOT @angular-devkit/core@19.2.24 OK for: @nestjs/cli@11.0.21 want: 19.2.24
120 silly placeDep ROOT @angular-devkit/schematics@19.2.24 OK for: @nestjs/cli@11.0.21 want: 19.2.24
121 silly placeDep ROOT @angular-devkit/schematics-cli@19.2.24 OK for: @nestjs/cli@11.0.21 want: 19.2.24
122 silly placeDep ROOT @inquirer/prompts@7.10.1 OK for: @nestjs/cli@11.0.21 want: 7.10.1
123 silly placeDep ROOT @nestjs/schematics@11.1.0 OK for: @nestjs/cli@11.0.21 want: ^11.0.1
124 silly placeDep ROOT typescript@5.9.3 OK for: @nestjs/schematics@11.1.0 want: >=4.8.2
125 silly placeDep ROOT ansis@4.2.0 OK for: @nestjs/cli@11.0.21 want: 4.2.0
126 silly placeDep ROOT chokidar@4.0.3 OK for: @nestjs/cli@11.0.21 want: 4.0.3
127 silly placeDep ROOT cli-table3@0.6.5 OK for: @nestjs/cli@11.0.21 want: 0.6.5
128 silly placeDep ROOT commander@4.1.1 OK for: @nestjs/cli@11.0.21 want: 4.1.1
129 silly placeDep ROOT fork-ts-checker-webpack-plugin@9.1.0 OK for: @nestjs/cli@11.0.21 want: 9.1.0
130 silly placeDep ROOT webpack@5.106.0 OK for: fork-ts-checker-webpack-plugin@9.1.0 want: ^5.11.0
131 silly placeDep ROOT glob@13.0.6 OK for: @nestjs/cli@11.0.21 want: 13.0.6
132 silly placeDep ROOT node-emoji@1.11.0 OK for: @nestjs/cli@11.0.21 want: 1.11.0
133 silly placeDep ROOT ora@5.4.1 OK for: @nestjs/cli@11.0.21 want: 5.4.1
134 silly placeDep ROOT tsconfig-paths@4.2.0 OK for: @nestjs/cli@11.0.21 want: 4.2.0
135 silly placeDep ROOT tsconfig-paths-webpack-plugin@4.2.0 OK for: @nestjs/cli@11.0.21 want: 4.2.0
136 silly placeDep ROOT webpack-node-externals@3.0.0 OK for: @nestjs/cli@11.0.21 want: 3.0.0
137 silly fetch manifest ajv@8.18.0
138 silly packumentCache full:https://registry.npmjs.org/ajv cache-miss
139 silly fetch manifest rxjs@7.8.1
140 silly packumentCache full:https://registry.npmjs.org/rxjs cache-miss
141 silly fetch manifest picomatch@4.0.4
142 silly packumentCache full:https://registry.npmjs.org/picomatch cache-miss
143 silly fetch manifest source-map@0.7.4
144 silly packumentCache full:https://registry.npmjs.org/source-map cache-miss
145 silly fetch manifest ajv-formats@3.0.1
146 silly packumentCache full:https://registry.npmjs.org/ajv-formats cache-miss
147 silly fetch manifest jsonc-parser@3.3.1
148 silly packumentCache full:https://registry.npmjs.org/jsonc-parser cache-miss
149 silly fetch manifest rxjs@7.8.1
150 silly packumentCache full:https://registry.npmjs.org/rxjs cache-miss
151 http fetch GET 200 https://registry.npmjs.org/source-map 39ms (cache miss)
152 silly packumentCache full:https://registry.npmjs.org/source-map set size:undefined disposed:false
153 silly fetch manifest jsonc-parser@3.3.1
154 silly packumentCache full:https://registry.npmjs.org/jsonc-parser cache-miss
155 http fetch GET 200 https://registry.npmjs.org/picomatch 46ms (cache miss)
156 silly packumentCache full:https://registry.npmjs.org/picomatch set size:undefined disposed:false
157 silly fetch manifest magic-string@0.30.17
158 silly packumentCache full:https://registry.npmjs.org/magic-string cache-miss
159 http fetch GET 200 https://registry.npmjs.org/jsonc-parser 47ms (cache miss)
160 silly packumentCache full:https://registry.npmjs.org/jsonc-parser set size:undefined disposed:false
161 silly fetch manifest ansi-colors@4.1.3
162 silly packumentCache full:https://registry.npmjs.org/ansi-colors cache-miss
163 http fetch GET 200 https://registry.npmjs.org/ajv-formats 49ms (cache miss)
164 silly packumentCache full:https://registry.npmjs.org/ajv-formats set size:undefined disposed:false
165 silly fetch manifest yargs-parser@21.1.1
166 silly packumentCache full:https://registry.npmjs.org/yargs-parser cache-miss
167 http fetch GET 200 https://registry.npmjs.org/rxjs 56ms (cache miss)
168 silly packumentCache full:https://registry.npmjs.org/rxjs set size:undefined disposed:false
169 silly fetch manifest @inquirer/prompts@7.3.2
170 silly packumentCache full:https://registry.npmjs.org/@inquirer%2fprompts cache-miss
171 http cache https://registry.npmjs.org/@inquirer%2fprompts 4ms (cache hit)
172 silly packumentCache full:https://registry.npmjs.org/@inquirer%2fprompts set size:331361 disposed:false
173 silly fetch manifest symbol-observable@4.0.0
174 silly packumentCache full:https://registry.npmjs.org/symbol-observable cache-miss
175 http fetch GET 200 https://registry.npmjs.org/ajv 67ms (cache miss)
176 silly packumentCache full:https://registry.npmjs.org/ajv set size:undefined disposed:false
177 silly fetch manifest @inquirer/input@^4.3.1
178 silly packumentCache full:https://registry.npmjs.org/@inquirer%2finput cache-miss
179 http fetch GET 200 https://registry.npmjs.org/rxjs 72ms (cache miss)
180 silly packumentCache full:https://registry.npmjs.org/rxjs set size:undefined disposed:false
181 silly fetch manifest @inquirer/editor@^4.2.23
182 silly packumentCache full:https://registry.npmjs.org/@inquirer%2feditor cache-miss
183 http fetch GET 200 https://registry.npmjs.org/jsonc-parser 36ms (cache miss)
184 silly packumentCache full:https://registry.npmjs.org/jsonc-parser set size:undefined disposed:false
185 silly fetch manifest @inquirer/expand@^4.0.23
186 silly packumentCache full:https://registry.npmjs.org/@inquirer%2fexpand cache-miss
187 http fetch GET 200 https://registry.npmjs.org/ansi-colors 38ms (cache miss)
188 silly packumentCache full:https://registry.npmjs.org/ansi-colors set size:undefined disposed:false
189 silly fetch manifest @inquirer/number@^3.0.23
190 silly packumentCache full:https://registry.npmjs.org/@inquirer%2fnumber cache-miss
191 http fetch GET 200 https://registry.npmjs.org/magic-string 43ms (cache miss)
192 silly packumentCache full:https://registry.npmjs.org/magic-string set size:undefined disposed:false
193 silly fetch manifest @inquirer/search@^3.2.2
194 silly packumentCache full:https://registry.npmjs.org/@inquirer%2fsearch cache-miss
195 http fetch GET 200 https://registry.npmjs.org/yargs-parser 63ms (cache miss)
196 silly packumentCache full:https://registry.npmjs.org/yargs-parser set size:undefined disposed:false
197 silly fetch manifest @inquirer/select@^4.4.2
198 silly packumentCache full:https://registry.npmjs.org/@inquirer%2fselect cache-miss
199 http fetch GET 200 https://registry.npmjs.org/@inquirer%2finput 202ms (cache miss)
200 silly packumentCache full:https://registry.npmjs.org/@inquirer%2finput set size:undefined disposed:false
201 silly fetch manifest @inquirer/confirm@^5.1.21
202 silly packumentCache full:https://registry.npmjs.org/@inquirer%2fconfirm cache-miss
203 http fetch GET 200 https://registry.npmjs.org/symbol-observable 258ms (cache miss)
204 silly packumentCache full:https://registry.npmjs.org/symbol-observable set size:undefined disposed:false
205 silly fetch manifest @inquirer/rawlist@^4.1.11
206 silly packumentCache full:https://registry.npmjs.org/@inquirer%2frawlist cache-miss
207 http fetch GET 200 https://registry.npmjs.org/@inquirer%2feditor 250ms (cache miss)
208 silly packumentCache full:https://registry.npmjs.org/@inquirer%2feditor set size:undefined disposed:false
209 silly fetch manifest @inquirer/checkbox@^4.3.2
210 silly packumentCache full:https://registry.npmjs.org/@inquirer%2fcheckbox cache-miss
211 http fetch GET 200 https://registry.npmjs.org/@inquirer%2fselect 230ms (cache miss)
212 silly packumentCache full:https://registry.npmjs.org/@inquirer%2fselect set size:undefined disposed:false
213 silly fetch manifest @inquirer/password@^4.0.23
214 silly packumentCache full:https://registry.npmjs.org/@inquirer%2fpassword cache-miss
215 http fetch GET 200 https://registry.npmjs.org/@inquirer%2fexpand 295ms (cache miss)
216 silly packumentCache full:https://registry.npmjs.org/@inquirer%2fexpand set size:undefined disposed:false
217 silly fetch manifest pluralize@8.0.0
218 silly packumentCache full:https://registry.npmjs.org/pluralize cache-miss
219 http fetch GET 200 https://registry.npmjs.org/@inquirer%2fcheckbox 52ms (cache miss)
220 silly packumentCache full:https://registry.npmjs.org/@inquirer%2fcheckbox set size:undefined disposed:false
221 silly fetch manifest comment-json@5.0.0
222 silly packumentCache full:https://registry.npmjs.org/comment-json cache-miss
223 http fetch GET 200 https://registry.npmjs.org/pluralize 45ms (cache miss)
224 silly packumentCache full:https://registry.npmjs.org/pluralize set size:undefined disposed:false
225 silly fetch manifest readdirp@^4.0.1
226 silly packumentCache full:https://registry.npmjs.org/readdirp cache-miss
227 http fetch GET 200 https://registry.npmjs.org/readdirp 37ms (cache miss)
228 silly packumentCache full:https://registry.npmjs.org/readdirp set size:undefined disposed:false
229 silly fetch manifest string-width@^4.2.0
230 silly packumentCache full:https://registry.npmjs.org/string-width cache-miss
231 http fetch GET 200 https://registry.npmjs.org/string-width 33ms (cache miss)
232 silly packumentCache full:https://registry.npmjs.org/string-width set size:undefined disposed:false
233 silly fetch manifest @colors/colors@1.5.0
234 silly packumentCache full:https://registry.npmjs.org/@colors%2fcolors cache-miss
235 http fetch GET 200 https://registry.npmjs.org/@inquirer%2fnumber 439ms (cache miss)
236 silly packumentCache full:https://registry.npmjs.org/@inquirer%2fnumber set size:undefined disposed:false
237 silly fetch manifest @babel/code-frame@^7.16.7
238 silly packumentCache full:https://registry.npmjs.org/@babel%2fcode-frame cache-miss
239 http fetch GET 200 https://registry.npmjs.org/@colors%2fcolors 48ms (cache miss)
240 silly packumentCache full:https://registry.npmjs.org/@colors%2fcolors set size:undefined disposed:false
241 silly fetch manifest chalk@^4.1.2
242 silly packumentCache full:https://registry.npmjs.org/chalk cache-miss
243 http fetch GET 200 https://registry.npmjs.org/chalk 234ms (cache miss)
244 silly packumentCache full:https://registry.npmjs.org/chalk set size:undefined disposed:false
245 silly fetch manifest cosmiconfig@^8.2.0
246 silly packumentCache full:https://registry.npmjs.org/cosmiconfig cache-miss
247 http fetch GET 200 https://registry.npmjs.org/@inquirer%2fsearch 692ms (cache miss)
248 silly packumentCache full:https://registry.npmjs.org/@inquirer%2fsearch set size:undefined disposed:false
249 silly fetch manifest deepmerge@^4.2.2
250 silly packumentCache full:https://registry.npmjs.org/deepmerge cache-miss
251 http fetch GET 200 https://registry.npmjs.org/comment-json 402ms (cache miss)
252 silly packumentCache full:https://registry.npmjs.org/comment-json set size:undefined disposed:false
253 silly fetch manifest fs-extra@^10.0.0
254 silly packumentCache full:https://registry.npmjs.org/fs-extra cache-miss
255 http fetch GET 200 https://registry.npmjs.org/@inquirer%2fconfirm 514ms (cache miss)
256 silly packumentCache full:https://registry.npmjs.org/@inquirer%2fconfirm set size:undefined disposed:false
257 silly fetch manifest memfs@^3.4.1
258 silly packumentCache full:https://registry.npmjs.org/memfs cache-miss
259 http fetch GET 200 https://registry.npmjs.org/@babel%2fcode-frame 267ms (cache miss)
260 silly packumentCache full:https://registry.npmjs.org/@babel%2fcode-frame set size:undefined disposed:false
261 silly fetch manifest minimatch@^3.0.4
262 silly packumentCache full:https://registry.npmjs.org/minimatch cache-miss
263 http fetch GET 200 https://registry.npmjs.org/@inquirer%2frawlist 486ms (cache miss)
264 silly packumentCache full:https://registry.npmjs.org/@inquirer%2frawlist set size:undefined disposed:false
265 silly fetch manifest node-abort-controller@^3.0.1
266 silly packumentCache full:https://registry.npmjs.org/node-abort-controller cache-miss
267 http fetch GET 200 https://registry.npmjs.org/deepmerge 49ms (cache miss)
268 silly packumentCache full:https://registry.npmjs.org/deepmerge set size:undefined disposed:false
269 silly fetch manifest schema-utils@^3.1.1
270 silly packumentCache full:https://registry.npmjs.org/schema-utils cache-miss
271 http fetch GET 200 https://registry.npmjs.org/fs-extra 49ms (cache miss)
272 silly packumentCache full:https://registry.npmjs.org/fs-extra set size:undefined disposed:false
273 silly fetch manifest semver@^7.3.5
274 silly packumentCache full:https://registry.npmjs.org/semver cache-miss
275 http fetch GET 200 https://registry.npmjs.org/cosmiconfig 61ms (cache miss)
276 silly packumentCache full:https://registry.npmjs.org/cosmiconfig set size:undefined disposed:false
277 silly fetch manifest tapable@^2.2.1
278 silly packumentCache full:https://registry.npmjs.org/tapable cache-miss
279 http fetch GET 200 https://registry.npmjs.org/minimatch 48ms (cache miss)
280 silly packumentCache full:https://registry.npmjs.org/minimatch set size:undefined disposed:false
281 silly fetch manifest acorn@^8.16.0
282 silly packumentCache full:https://registry.npmjs.org/acorn cache-miss
283 http fetch GET 200 https://registry.npmjs.org/schema-utils 37ms (cache miss)
284 silly packumentCache full:https://registry.npmjs.org/schema-utils set size:undefined disposed:false
285 silly fetch manifest events@^3.2.0
286 silly packumentCache full:https://registry.npmjs.org/events cache-miss
287 http fetch GET 200 https://registry.npmjs.org/tapable 45ms (cache miss)
288 silly packumentCache full:https://registry.npmjs.org/tapable set size:undefined disposed:false
289 silly fetch manifest tapable@^2.3.0
290 silly packumentCache full:https://registry.npmjs.org/tapable cache-miss
291 http cache https://registry.npmjs.org/tapable 2ms (cache hit)
292 silly packumentCache full:https://registry.npmjs.org/tapable set size:141233 disposed:false
293 silly fetch manifest neo-async@^2.6.2
294 silly packumentCache full:https://registry.npmjs.org/neo-async cache-miss
295 http fetch GET 200 https://registry.npmjs.org/acorn 46ms (cache miss)
296 silly packumentCache full:https://registry.npmjs.org/acorn set size:undefined disposed:false
297 silly fetch manifest watchpack@^2.5.1
298 silly packumentCache full:https://registry.npmjs.org/watchpack cache-miss
299 http fetch GET 200 https://registry.npmjs.org/events 33ms (cache miss)
300 silly packumentCache full:https://registry.npmjs.org/events set size:undefined disposed:false
301 silly fetch manifest mime-types@^2.1.27
302 silly packumentCache full:https://registry.npmjs.org/mime-types cache-miss
303 http fetch GET 200 https://registry.npmjs.org/semver 71ms (cache miss)
304 silly packumentCache full:https://registry.npmjs.org/semver set size:undefined disposed:false
305 silly fetch manifest graceful-fs@^4.2.11
306 silly packumentCache full:https://registry.npmjs.org/graceful-fs cache-miss
307 http fetch GET 200 https://registry.npmjs.org/watchpack 38ms (cache miss)
308 silly packumentCache full:https://registry.npmjs.org/watchpack set size:undefined disposed:false
309 silly fetch manifest browserslist@^4.28.1
310 silly packumentCache full:https://registry.npmjs.org/browserslist cache-miss
311 http fetch GET 200 https://registry.npmjs.org/neo-async 43ms (cache miss)
312 silly packumentCache full:https://registry.npmjs.org/neo-async set size:undefined disposed:false
313 silly fetch manifest eslint-scope@5.1.1
314 silly packumentCache full:https://registry.npmjs.org/eslint-scope cache-miss
315 http fetch GET 200 https://registry.npmjs.org/mime-types 35ms (cache miss)
316 silly packumentCache full:https://registry.npmjs.org/mime-types set size:undefined disposed:false
317 silly fetch manifest schema-utils@^4.3.3
318 silly packumentCache full:https://registry.npmjs.org/schema-utils cache-miss
319 http cache https://registry.npmjs.org/schema-utils 1ms (cache hit)
320 silly packumentCache full:https://registry.npmjs.org/schema-utils set size:166563 disposed:false
321 silly fetch manifest @types/estree@^1.0.8
322 silly packumentCache full:https://registry.npmjs.org/@types%2festree cache-miss
323 http fetch GET 200 https://registry.npmjs.org/graceful-fs 38ms (cache miss)
324 silly packumentCache full:https://registry.npmjs.org/graceful-fs set size:undefined disposed:false
325 silly fetch manifest loader-runner@^4.3.1
326 silly packumentCache full:https://registry.npmjs.org/loader-runner cache-miss
327 http fetch GET 200 https://registry.npmjs.org/eslint-scope 41ms (cache miss)
328 silly packumentCache full:https://registry.npmjs.org/eslint-scope set size:undefined disposed:false
329 silly fetch manifest glob-to-regexp@^0.4.1
330 silly packumentCache full:https://registry.npmjs.org/glob-to-regexp cache-miss
331 http fetch GET 200 https://registry.npmjs.org/loader-runner 32ms (cache miss)
332 silly packumentCache full:https://registry.npmjs.org/loader-runner set size:undefined disposed:false
333 silly fetch manifest es-module-lexer@^2.0.0
334 silly packumentCache full:https://registry.npmjs.org/es-module-lexer cache-miss
335 http fetch GET 200 https://registry.npmjs.org/browserslist 55ms (cache miss)
336 silly packumentCache full:https://registry.npmjs.org/browserslist set size:undefined disposed:false
337 silly fetch manifest webpack-sources@^3.3.4
338 silly packumentCache full:https://registry.npmjs.org/webpack-sources cache-miss
339 http fetch GET 200 https://registry.npmjs.org/@types%2festree 48ms (cache miss)
340 silly packumentCache full:https://registry.npmjs.org/@types%2festree set size:undefined disposed:false
341 silly fetch manifest enhanced-resolve@^5.20.0
342 silly packumentCache full:https://registry.npmjs.org/enhanced-resolve cache-miss
343 http fetch GET 200 https://registry.npmjs.org/glob-to-regexp 32ms (cache miss)
344 silly packumentCache full:https://registry.npmjs.org/glob-to-regexp set size:undefined disposed:false
345 silly fetch manifest @types/json-schema@^7.0.15
346 silly packumentCache full:https://registry.npmjs.org/@types%2fjson-schema cache-miss
347 http fetch GET 200 https://registry.npmjs.org/es-module-lexer 58ms (cache miss)
348 silly packumentCache full:https://registry.npmjs.org/es-module-lexer set size:undefined disposed:false
349 silly fetch manifest @webassemblyjs/ast@^1.14.1
350 silly packumentCache full:https://registry.npmjs.org/@webassemblyjs%2fast cache-miss
351 http fetch GET 200 https://registry.npmjs.org/@inquirer%2fpassword 695ms (cache miss)
352 silly packumentCache full:https://registry.npmjs.org/@inquirer%2fpassword set size:undefined disposed:false
353 silly fetch manifest chrome-trace-event@^1.0.2
354 silly packumentCache full:https://registry.npmjs.org/chrome-trace-event cache-miss
355 http fetch GET 200 https://registry.npmjs.org/enhanced-resolve 50ms (cache miss)
356 silly packumentCache full:https://registry.npmjs.org/enhanced-resolve set size:undefined disposed:false
357 silly fetch manifest @types/eslint-scope@^3.7.7
358 silly packumentCache full:https://registry.npmjs.org/@types%2feslint-scope cache-miss
359 http fetch GET 200 https://registry.npmjs.org/webpack-sources 53ms (cache miss)
360 silly packumentCache full:https://registry.npmjs.org/webpack-sources set size:undefined disposed:false
361 silly fetch manifest acorn-import-phases@^1.0.3
362 silly packumentCache full:https://registry.npmjs.org/acorn-import-phases cache-miss
363 http fetch GET 200 https://registry.npmjs.org/@types%2fjson-schema 39ms (cache miss)
364 silly packumentCache full:https://registry.npmjs.org/@types%2fjson-schema set size:undefined disposed:false
365 silly fetch manifest terser-webpack-plugin@^5.3.17
366 silly packumentCache full:https://registry.npmjs.org/terser-webpack-plugin cache-miss
367 http fetch GET 200 https://registry.npmjs.org/node-abort-controller 252ms (cache miss)
368 silly packumentCache full:https://registry.npmjs.org/node-abort-controller set size:undefined disposed:false
369 silly fetch manifest @webassemblyjs/wasm-edit@^1.14.1
370 silly packumentCache full:https://registry.npmjs.org/@webassemblyjs%2fwasm-edit cache-miss
371 http fetch GET 200 https://registry.npmjs.org/chrome-trace-event 28ms (cache miss)
372 silly packumentCache full:https://registry.npmjs.org/chrome-trace-event set size:undefined disposed:false
373 silly fetch manifest @webassemblyjs/wasm-parser@^1.14.1
374 silly packumentCache full:https://registry.npmjs.org/@webassemblyjs%2fwasm-parser cache-miss
375 http fetch GET 200 https://registry.npmjs.org/memfs 280ms (cache miss)
376 silly packumentCache full:https://registry.npmjs.org/memfs set size:undefined disposed:false
377 silly fetch manifest json-parse-even-better-errors@^2.3.1
378 silly packumentCache full:https://registry.npmjs.org/json-parse-even-better-errors cache-miss
379 http fetch GET 200 https://registry.npmjs.org/@webassemblyjs%2fast 60ms (cache miss)
380 silly packumentCache full:https://registry.npmjs.org/@webassemblyjs%2fast set size:undefined disposed:false
381 silly fetch manifest minimatch@^10.2.2
382 silly packumentCache full:https://registry.npmjs.org/minimatch cache-miss
383 http fetch GET 200 https://registry.npmjs.org/terser-webpack-plugin 49ms (cache miss)
384 silly packumentCache full:https://registry.npmjs.org/terser-webpack-plugin set size:undefined disposed:false
385 silly fetch manifest minipass@^7.1.3
386 silly packumentCache full:https://registry.npmjs.org/minipass cache-miss
387 http cache https://registry.npmjs.org/minimatch 4ms (cache hit)
388 silly packumentCache full:https://registry.npmjs.org/minimatch set size:375282 disposed:false
389 silly fetch manifest path-scurry@^2.0.2
390 silly packumentCache full:https://registry.npmjs.org/path-scurry cache-miss
391 http fetch GET 200 https://registry.npmjs.org/@webassemblyjs%2fwasm-parser 65ms (cache miss)
392 silly packumentCache full:https://registry.npmjs.org/@webassemblyjs%2fwasm-parser set size:undefined disposed:false
393 silly fetch manifest lodash@^4.17.21
394 silly packumentCache full:https://registry.npmjs.org/lodash cache-miss
395 http fetch GET 200 https://registry.npmjs.org/@webassemblyjs%2fwasm-edit 76ms (cache miss)
396 silly packumentCache full:https://registry.npmjs.org/@webassemblyjs%2fwasm-edit set size:undefined disposed:false
397 silly fetch manifest bl@^4.1.0
398 silly packumentCache full:https://registry.npmjs.org/bl cache-miss
399 http fetch GET 200 https://registry.npmjs.org/path-scurry 35ms (cache miss)
400 silly packumentCache full:https://registry.npmjs.org/path-scurry set size:undefined disposed:false
401 silly fetch manifest chalk@^4.1.0
402 silly packumentCache full:https://registry.npmjs.org/chalk cache-miss
403 http cache https://registry.npmjs.org/chalk 1ms (cache hit)
404 silly packumentCache full:https://registry.npmjs.org/chalk set size:117861 disposed:false
405 silly fetch manifest wcwidth@^1.0.1
406 silly packumentCache full:https://registry.npmjs.org/wcwidth cache-miss
407 http fetch GET 200 https://registry.npmjs.org/minipass 43ms (cache miss)
408 silly packumentCache full:https://registry.npmjs.org/minipass set size:undefined disposed:false
409 silly fetch manifest cli-cursor@^3.1.0
410 silly packumentCache full:https://registry.npmjs.org/cli-cursor cache-miss
411 http fetch GET 200 https://registry.npmjs.org/wcwidth 33ms (cache miss)
412 silly packumentCache full:https://registry.npmjs.org/wcwidth set size:undefined disposed:false
413 silly fetch manifest strip-ansi@^6.0.0
414 silly packumentCache full:https://registry.npmjs.org/strip-ansi cache-miss
415 http fetch GET 200 https://registry.npmjs.org/lodash 41ms (cache miss)
416 silly packumentCache full:https://registry.npmjs.org/lodash set size:undefined disposed:false
417 silly fetch manifest log-symbols@^4.1.0
418 silly packumentCache full:https://registry.npmjs.org/log-symbols cache-miss
419 http fetch GET 200 https://registry.npmjs.org/bl 43ms (cache miss)
420 silly packumentCache full:https://registry.npmjs.org/bl set size:undefined disposed:false
421 silly fetch manifest cli-spinners@^2.5.0
422 silly packumentCache full:https://registry.npmjs.org/cli-spinners cache-miss
423 http fetch GET 200 https://registry.npmjs.org/cli-cursor 37ms (cache miss)
424 silly packumentCache full:https://registry.npmjs.org/cli-cursor set size:undefined disposed:false
425 silly fetch manifest is-interactive@^1.0.0
426 silly packumentCache full:https://registry.npmjs.org/is-interactive cache-miss
427 http fetch GET 200 https://registry.npmjs.org/strip-ansi 33ms (cache miss)
428 silly packumentCache full:https://registry.npmjs.org/strip-ansi set size:undefined disposed:false
429 silly fetch manifest is-unicode-supported@^0.1.0
430 silly packumentCache full:https://registry.npmjs.org/is-unicode-supported cache-miss
431 http fetch GET 200 https://registry.npmjs.org/log-symbols 32ms (cache miss)
432 silly packumentCache full:https://registry.npmjs.org/log-symbols set size:undefined disposed:false
433 silly fetch manifest json5@^2.2.2
434 silly packumentCache full:https://registry.npmjs.org/json5 cache-miss
435 http fetch GET 200 https://registry.npmjs.org/cli-spinners 55ms (cache miss)
436 silly packumentCache full:https://registry.npmjs.org/cli-spinners set size:undefined disposed:false
437 silly fetch manifest minimist@^1.2.6
438 silly packumentCache full:https://registry.npmjs.org/minimist cache-miss
439 http fetch GET 200 https://registry.npmjs.org/json5 36ms (cache miss)
440 silly packumentCache full:https://registry.npmjs.org/json5 set size:undefined disposed:false
441 silly fetch manifest strip-bom@^3.0.0
442 silly packumentCache full:https://registry.npmjs.org/strip-bom cache-miss
443 http fetch GET 200 https://registry.npmjs.org/minimist 41ms (cache miss)
444 silly packumentCache full:https://registry.npmjs.org/minimist set size:undefined disposed:false
445 silly fetch manifest enhanced-resolve@^5.7.0
446 silly packumentCache full:https://registry.npmjs.org/enhanced-resolve cache-miss
447 http cache https://registry.npmjs.org/enhanced-resolve 1ms (cache hit)
448 silly packumentCache full:https://registry.npmjs.org/enhanced-resolve set size:444901 disposed:false
449 http fetch GET 200 https://registry.npmjs.org/strip-bom 36ms (cache miss)
450 silly packumentCache full:https://registry.npmjs.org/strip-bom set size:undefined disposed:false
451 http fetch GET 200 https://registry.npmjs.org/@types%2feslint-scope 252ms (cache miss)
452 silly packumentCache full:https://registry.npmjs.org/@types%2feslint-scope set size:undefined disposed:false
453 http fetch GET 200 https://registry.npmjs.org/acorn-import-phases 258ms (cache miss)
454 silly packumentCache full:https://registry.npmjs.org/acorn-import-phases set size:undefined disposed:false
455 http fetch GET 200 https://registry.npmjs.org/json-parse-even-better-errors 260ms (cache miss)
456 silly packumentCache full:https://registry.npmjs.org/json-parse-even-better-errors set size:undefined disposed:false
457 http fetch GET 200 https://registry.npmjs.org/is-interactive 254ms (cache miss)
458 silly packumentCache full:https://registry.npmjs.org/is-interactive set size:undefined disposed:false
459 http fetch GET 200 https://registry.npmjs.org/is-unicode-supported 255ms (cache miss)
460 silly packumentCache full:https://registry.npmjs.org/is-unicode-supported set size:undefined disposed:false
461 silly placeDep ROOT ajv@8.18.0 OK for: @angular-devkit/core@19.2.24 want: 8.18.0
462 silly placeDep ROOT ajv-formats@3.0.1 OK for: @angular-devkit/core@19.2.24 want: 3.0.1
463 silly placeDep ROOT jsonc-parser@3.3.1 OK for: @angular-devkit/core@19.2.24 want: 3.3.1
464 silly placeDep ROOT picomatch@4.0.4 OK for: @angular-devkit/core@19.2.24 want: 4.0.4
465 silly placeDep ROOT rxjs@7.8.1 OK for: @angular-devkit/core@19.2.24 want: 7.8.1
466 silly placeDep ROOT source-map@0.7.4 OK for: @angular-devkit/core@19.2.24 want: 0.7.4
467 silly fetch manifest fast-uri@^3.0.1
468 silly packumentCache full:https://registry.npmjs.org/fast-uri cache-miss
469 silly fetch manifest fast-deep-equal@^3.1.3
470 silly packumentCache full:https://registry.npmjs.org/fast-deep-equal cache-miss
471 silly fetch manifest require-from-string@^2.0.2
472 silly packumentCache full:https://registry.npmjs.org/require-from-string cache-miss
473 silly fetch manifest json-schema-traverse@^1.0.0
474 silly packumentCache full:https://registry.npmjs.org/json-schema-traverse cache-miss
475 silly fetch manifest tslib@^2.1.0
476 silly packumentCache full:https://registry.npmjs.org/tslib cache-miss
477 http fetch GET 200 https://registry.npmjs.org/require-from-string 34ms (cache miss)
478 silly packumentCache full:https://registry.npmjs.org/require-from-string set size:undefined disposed:false
479 http fetch GET 200 https://registry.npmjs.org/fast-deep-equal 35ms (cache miss)
480 silly packumentCache full:https://registry.npmjs.org/fast-deep-equal set size:undefined disposed:false
481 http fetch GET 200 https://registry.npmjs.org/json-schema-traverse 36ms (cache miss)
482 silly packumentCache full:https://registry.npmjs.org/json-schema-traverse set size:undefined disposed:false
483 http fetch GET 200 https://registry.npmjs.org/fast-uri 41ms (cache miss)
484 silly packumentCache full:https://registry.npmjs.org/fast-uri set size:undefined disposed:false
485 http fetch GET 200 https://registry.npmjs.org/tslib 41ms (cache miss)
486 silly packumentCache full:https://registry.npmjs.org/tslib set size:undefined disposed:false
487 silly placeDep ROOT magic-string@0.30.17 OK for: @angular-devkit/schematics@19.2.24 want: 0.30.17
488 silly fetch manifest @jridgewell/sourcemap-codec@^1.5.0
489 silly packumentCache full:https://registry.npmjs.org/@jridgewell%2fsourcemap-codec cache-miss
490 http fetch GET 200 https://registry.npmjs.org/@jridgewell%2fsourcemap-codec 52ms (cache miss)
491 silly packumentCache full:https://registry.npmjs.org/@jridgewell%2fsourcemap-codec set size:undefined disposed:false
492 silly placeDep node_modules/@angular-devkit/schematics-cli @inquirer/prompts@7.3.2 OK for: @angular-devkit/schematics-cli@19.2.24 want: 7.3.2
493 silly placeDep ROOT ansi-colors@4.1.3 OK for: @angular-devkit/schematics-cli@19.2.24 want: 4.1.3
494 silly placeDep ROOT symbol-observable@4.0.0 OK for: @angular-devkit/schematics-cli@19.2.24 want: 4.0.0
495 silly placeDep ROOT yargs-parser@21.1.1 OK for: @angular-devkit/schematics-cli@19.2.24 want: 21.1.1
496 silly fetch manifest @inquirer/input@^4.1.6
497 silly packumentCache full:https://registry.npmjs.org/@inquirer%2finput cache-miss
498 silly fetch manifest @inquirer/editor@^4.2.7
499 silly packumentCache full:https://registry.npmjs.org/@inquirer%2feditor cache-miss
500 silly fetch manifest @inquirer/expand@^4.0.9
501 silly packumentCache full:https://registry.npmjs.org/@inquirer%2fexpand cache-miss
502 silly fetch manifest @inquirer/number@^3.0.9
503 silly packumentCache full:https://registry.npmjs.org/@inquirer%2fnumber cache-miss
504 silly fetch manifest @inquirer/search@^3.0.9
505 silly packumentCache full:https://registry.npmjs.org/@inquirer%2fsearch cache-miss
506 silly fetch manifest @inquirer/select@^4.0.9
507 silly packumentCache full:https://registry.npmjs.org/@inquirer%2fselect cache-miss
508 silly fetch manifest @inquirer/confirm@^5.1.6
509 silly packumentCache full:https://registry.npmjs.org/@inquirer%2fconfirm cache-miss
510 http cache https://registry.npmjs.org/@inquirer%2finput 5ms (cache hit)
511 silly packumentCache full:https://registry.npmjs.org/@inquirer%2finput set size:319406 disposed:false
512 silly fetch manifest @inquirer/rawlist@^4.0.9
513 silly packumentCache full:https://registry.npmjs.org/@inquirer%2frawlist cache-miss
514 http cache https://registry.npmjs.org/@inquirer%2fexpand 9ms (cache hit)
515 silly packumentCache full:https://registry.npmjs.org/@inquirer%2fexpand set size:322112 disposed:false
516 silly fetch manifest @inquirer/checkbox@^4.1.2
517 silly packumentCache full:https://registry.npmjs.org/@inquirer%2fcheckbox cache-miss
518 http cache https://registry.npmjs.org/@inquirer%2fsearch 11ms (cache hit)
519 silly packumentCache full:https://registry.npmjs.org/@inquirer%2fsearch set size:142958 disposed:false
520 silly fetch manifest @inquirer/password@^4.0.9
521 silly packumentCache full:https://registry.npmjs.org/@inquirer%2fpassword cache-miss
522 http cache https://registry.npmjs.org/@inquirer%2fnumber 14ms (cache hit)
523 silly packumentCache full:https://registry.npmjs.org/@inquirer%2fnumber set size:142567 disposed:false
524 http cache https://registry.npmjs.org/@inquirer%2fconfirm 14ms (cache hit)
525 silly packumentCache full:https://registry.npmjs.org/@inquirer%2fconfirm set size:320882 disposed:false
526 http cache https://registry.npmjs.org/@inquirer%2fselect 17ms (cache hit)
527 silly packumentCache full:https://registry.npmjs.org/@inquirer%2fselect set size:335462 disposed:false
528 http cache https://registry.npmjs.org/@inquirer%2feditor 21ms (cache hit)
529 silly packumentCache full:https://registry.npmjs.org/@inquirer%2feditor set size:322894 disposed:false
530 http cache https://registry.npmjs.org/@inquirer%2frawlist 22ms (cache hit)
531 silly packumentCache full:https://registry.npmjs.org/@inquirer%2frawlist set size:288948 disposed:false
532 http cache https://registry.npmjs.org/@inquirer%2fcheckbox 20ms (cache hit)
533 silly packumentCache full:https://registry.npmjs.org/@inquirer%2fcheckbox set size:346573 disposed:false
534 http cache https://registry.npmjs.org/@inquirer%2fpassword 20ms (cache hit)
535 silly packumentCache full:https://registry.npmjs.org/@inquirer%2fpassword set size:318894 disposed:false
536 silly placeDep ROOT @inquirer/checkbox@4.3.2 OK for: @inquirer/prompts@7.10.1 want: ^4.3.2
537 silly placeDep ROOT @inquirer/confirm@5.1.21 OK for: @inquirer/prompts@7.10.1 want: ^5.1.21
538 silly placeDep ROOT @inquirer/editor@4.2.23 OK for: @inquirer/prompts@7.10.1 want: ^4.2.23
539 silly placeDep ROOT @inquirer/expand@4.0.23 OK for: @inquirer/prompts@7.10.1 want: ^4.0.23
540 silly placeDep ROOT @inquirer/input@4.3.1 OK for: @inquirer/prompts@7.10.1 want: ^4.3.1
541 silly placeDep ROOT @inquirer/number@3.0.23 OK for: @inquirer/prompts@7.10.1 want: ^3.0.23
542 silly placeDep ROOT @inquirer/password@4.0.23 OK for: @inquirer/prompts@7.10.1 want: ^4.0.23
543 silly placeDep ROOT @inquirer/rawlist@4.1.11 OK for: @inquirer/prompts@7.10.1 want: ^4.1.11
544 silly placeDep ROOT @inquirer/search@3.2.2 OK for: @inquirer/prompts@7.10.1 want: ^3.2.2
545 silly placeDep ROOT @inquirer/select@4.4.2 OK for: @inquirer/prompts@7.10.1 want: ^4.4.2
546 silly fetch manifest @inquirer/ansi@^1.0.2
547 silly packumentCache full:https://registry.npmjs.org/@inquirer%2fansi cache-miss
548 silly fetch manifest @inquirer/core@^10.3.2
549 silly packumentCache full:https://registry.npmjs.org/@inquirer%2fcore cache-miss
550 silly fetch manifest @inquirer/type@^3.0.10
551 silly packumentCache full:https://registry.npmjs.org/@inquirer%2ftype cache-miss
552 silly fetch manifest yoctocolors-cjs@^2.1.3
553 silly packumentCache full:https://registry.npmjs.org/yoctocolors-cjs cache-miss
554 silly fetch manifest @inquirer/figures@^1.0.15
555 silly packumentCache full:https://registry.npmjs.org/@inquirer%2ffigures cache-miss
556 silly fetch manifest @inquirer/core@^10.3.2
557 silly packumentCache full:https://registry.npmjs.org/@inquirer%2fcore cache-miss
558 silly fetch manifest @inquirer/type@^3.0.10
559 silly packumentCache full:https://registry.npmjs.org/@inquirer%2ftype cache-miss
560 http fetch GET 200 https://registry.npmjs.org/yoctocolors-cjs 35ms (cache miss)
561 silly packumentCache full:https://registry.npmjs.org/yoctocolors-cjs set size:undefined disposed:false
562 silly fetch manifest @inquirer/core@^10.3.2
563 silly packumentCache full:https://registry.npmjs.org/@inquirer%2fcore cache-miss
564 http fetch GET 200 https://registry.npmjs.org/@inquirer%2fcore 53ms (cache miss)
565 silly packumentCache full:https://registry.npmjs.org/@inquirer%2fcore set size:undefined disposed:false
566 silly fetch manifest @inquirer/type@^3.0.10
567 silly packumentCache full:https://registry.npmjs.org/@inquirer%2ftype cache-miss
568 http fetch GET 200 https://registry.npmjs.org/@inquirer%2ftype 57ms (cache miss)
569 silly packumentCache full:https://registry.npmjs.org/@inquirer%2ftype set size:undefined disposed:false
570 silly fetch manifest @inquirer/external-editor@^1.0.3
571 silly packumentCache full:https://registry.npmjs.org/@inquirer%2fexternal-editor cache-miss
572 http fetch GET 200 https://registry.npmjs.org/@inquirer%2fcore 62ms (cache miss)
573 silly packumentCache full:https://registry.npmjs.org/@inquirer%2fcore set size:undefined disposed:false
574 silly fetch manifest @inquirer/ansi@^1.0.2
575 silly packumentCache full:https://registry.npmjs.org/@inquirer%2fansi cache-miss
576 http fetch GET 200 https://registry.npmjs.org/@inquirer%2fexternal-editor 45ms (cache miss)
577 silly packumentCache full:https://registry.npmjs.org/@inquirer%2fexternal-editor set size:undefined disposed:false
578 silly fetch manifest @inquirer/figures@^1.0.15
579 silly packumentCache full:https://registry.npmjs.org/@inquirer%2ffigures cache-miss
580 http fetch GET 200 https://registry.npmjs.org/@inquirer%2ffigures 263ms (cache miss)
581 silly packumentCache full:https://registry.npmjs.org/@inquirer%2ffigures set size:undefined disposed:false
582 silly fetch manifest @inquirer/ansi@^1.0.2
583 silly packumentCache full:https://registry.npmjs.org/@inquirer%2fansi cache-miss
584 http fetch GET 200 https://registry.npmjs.org/@inquirer%2ftype 318ms (cache miss)
585 silly packumentCache full:https://registry.npmjs.org/@inquirer%2ftype set size:undefined disposed:false
586 http fetch GET 200 https://registry.npmjs.org/@inquirer%2ffigures 460ms (cache miss)
587 silly packumentCache full:https://registry.npmjs.org/@inquirer%2ffigures set size:undefined disposed:false
588 http fetch GET 200 https://registry.npmjs.org/@inquirer%2fcore 464ms (cache miss)
589 silly packumentCache full:https://registry.npmjs.org/@inquirer%2fcore set size:undefined disposed:false
590 http fetch GET 200 https://registry.npmjs.org/@inquirer%2fansi 399ms (cache miss)
591 silly packumentCache full:https://registry.npmjs.org/@inquirer%2fansi set size:undefined disposed:false
592 http fetch GET 200 https://registry.npmjs.org/@inquirer%2ftype 545ms (cache miss)
593 silly packumentCache full:https://registry.npmjs.org/@inquirer%2ftype set size:undefined disposed:false
594 http fetch GET 200 https://registry.npmjs.org/@inquirer%2fansi 620ms (cache miss)
595 silly packumentCache full:https://registry.npmjs.org/@inquirer%2fansi set size:undefined disposed:false
596 http fetch GET 200 https://registry.npmjs.org/@inquirer%2fansi 286ms (cache miss)
597 silly packumentCache full:https://registry.npmjs.org/@inquirer%2fansi set size:undefined disposed:false
598 silly placeDep ROOT @inquirer/ansi@1.0.2 OK for: @inquirer/checkbox@4.3.2 want: ^1.0.2
599 silly placeDep ROOT @inquirer/core@10.3.2 OK for: @inquirer/checkbox@4.3.2 want: ^10.3.2
600 silly placeDep ROOT @inquirer/figures@1.0.15 OK for: @inquirer/checkbox@4.3.2 want: ^1.0.15
601 silly placeDep ROOT @inquirer/type@3.0.10 OK for: @inquirer/checkbox@4.3.2 want: ^3.0.10
602 silly placeDep ROOT yoctocolors-cjs@2.1.3 OK for: @inquirer/checkbox@4.3.2 want: ^2.1.3
603 silly fetch manifest cli-width@^4.1.0
604 silly packumentCache full:https://registry.npmjs.org/cli-width cache-miss
605 silly fetch manifest wrap-ansi@^6.2.0
606 silly packumentCache full:https://registry.npmjs.org/wrap-ansi cache-miss
607 silly fetch manifest mute-stream@^2.0.0
608 silly packumentCache full:https://registry.npmjs.org/mute-stream cache-miss
609 silly fetch manifest signal-exit@^4.1.0
610 silly packumentCache full:https://registry.npmjs.org/signal-exit cache-miss
611 http fetch GET 200 https://registry.npmjs.org/mute-stream 43ms (cache miss)
612 silly packumentCache full:https://registry.npmjs.org/mute-stream set size:undefined disposed:false
613 http fetch GET 200 https://registry.npmjs.org/cli-width 44ms (cache miss)
614 silly packumentCache full:https://registry.npmjs.org/cli-width set size:undefined disposed:false
615 http fetch GET 200 https://registry.npmjs.org/wrap-ansi 45ms (cache miss)
616 silly packumentCache full:https://registry.npmjs.org/wrap-ansi set size:undefined disposed:false
617 http fetch GET 200 https://registry.npmjs.org/signal-exit 45ms (cache miss)
618 silly packumentCache full:https://registry.npmjs.org/signal-exit set size:undefined disposed:false
619 silly placeDep ROOT cli-width@4.1.0 OK for: @inquirer/core@10.3.2 want: ^4.1.0
620 silly placeDep ROOT mute-stream@2.0.0 OK for: @inquirer/core@10.3.2 want: ^2.0.0
621 silly placeDep ROOT signal-exit@4.1.0 OK for: @inquirer/core@10.3.2 want: ^4.1.0
622 silly placeDep ROOT wrap-ansi@6.2.0 OK for: @inquirer/core@10.3.2 want: ^6.2.0
623 silly fetch manifest ansi-styles@^4.0.0
624 silly packumentCache full:https://registry.npmjs.org/ansi-styles cache-miss
625 silly fetch manifest string-width@^4.1.0
626 silly packumentCache full:https://registry.npmjs.org/string-width cache-miss
627 http cache https://registry.npmjs.org/string-width 3ms (cache hit)
628 silly packumentCache full:https://registry.npmjs.org/string-width set size:70381 disposed:false
629 http fetch GET 200 https://registry.npmjs.org/ansi-styles 42ms (cache miss)
630 silly packumentCache full:https://registry.npmjs.org/ansi-styles set size:undefined disposed:false
631 silly placeDep ROOT @inquirer/external-editor@1.0.3 OK for: @inquirer/editor@4.2.23 want: ^1.0.3
632 silly fetch manifest chardet@^2.1.1
633 silly packumentCache full:https://registry.npmjs.org/chardet cache-miss
634 silly fetch manifest iconv-lite@^0.7.0
635 silly packumentCache full:https://registry.npmjs.org/iconv-lite cache-miss
636 http fetch GET 200 https://registry.npmjs.org/chardet 37ms (cache miss)
637 silly packumentCache full:https://registry.npmjs.org/chardet set size:undefined disposed:false
638 http fetch GET 200 https://registry.npmjs.org/iconv-lite 38ms (cache miss)
639 silly packumentCache full:https://registry.npmjs.org/iconv-lite set size:undefined disposed:false
640 silly placeDep ROOT chardet@2.1.1 OK for: @inquirer/external-editor@1.0.3 want: ^2.1.1
641 silly placeDep ROOT iconv-lite@0.7.2 OK for: @inquirer/external-editor@1.0.3 want: ^0.7.0
642 silly fetch manifest safer-buffer@>= 2.1.2 < 3.0.0
643 silly packumentCache full:https://registry.npmjs.org/safer-buffer cache-miss
644 http fetch GET 200 https://registry.npmjs.org/safer-buffer 47ms (cache miss)
645 silly packumentCache full:https://registry.npmjs.org/safer-buffer set size:undefined disposed:false
646 silly placeDep ROOT comment-json@5.0.0 OK for: @nestjs/schematics@11.1.0 want: 5.0.0
647 silly placeDep ROOT pluralize@8.0.0 OK for: @nestjs/schematics@11.1.0 want: 8.0.0
648 silly fetch manifest array-timsort@^1.0.3
649 silly packumentCache full:https://registry.npmjs.org/array-timsort cache-miss
650 silly fetch manifest esprima@^4.0.1
651 silly packumentCache full:https://registry.npmjs.org/esprima cache-miss
652 http fetch GET 200 https://registry.npmjs.org/array-timsort 36ms (cache miss)
653 silly packumentCache full:https://registry.npmjs.org/array-timsort set size:undefined disposed:false
654 http fetch GET 200 https://registry.npmjs.org/esprima 41ms (cache miss)
655 silly packumentCache full:https://registry.npmjs.org/esprima set size:undefined disposed:false
656 silly placeDep ROOT fast-deep-equal@3.1.3 OK for: ajv@8.18.0 want: ^3.1.3
657 silly placeDep ROOT fast-uri@3.1.2 OK for: ajv@8.18.0 want: ^3.0.1
658 silly placeDep ROOT json-schema-traverse@1.0.0 OK for: ajv@8.18.0 want: ^1.0.0
659 silly placeDep ROOT require-from-string@2.0.2 OK for: ajv@8.18.0 want: ^2.0.2
660 silly placeDep ROOT readdirp@4.1.2 OK for: chokidar@4.0.3 want: ^4.0.1
661 silly placeDep ROOT @colors/colors@1.5.0 OK for: cli-table3@0.6.5 want: 1.5.0
662 silly placeDep ROOT string-width@4.2.3 OK for: cli-table3@0.6.5 want: ^4.2.0
663 silly fetch manifest strip-ansi@^6.0.1
664 silly packumentCache full:https://registry.npmjs.org/strip-ansi cache-miss
665 silly fetch manifest emoji-regex@^8.0.0
666 silly packumentCache full:https://registry.npmjs.org/emoji-regex cache-miss
667 silly fetch manifest is-fullwidth-code-point@^3.0.0
668 silly packumentCache full:https://registry.npmjs.org/is-fullwidth-code-point cache-miss
669 http cache https://registry.npmjs.org/strip-ansi 3ms (cache hit)
670 silly packumentCache full:https://registry.npmjs.org/strip-ansi set size:44998 disposed:false
671 http fetch GET 200 https://registry.npmjs.org/is-fullwidth-code-point 53ms (cache miss)
672 silly packumentCache full:https://registry.npmjs.org/is-fullwidth-code-point set size:undefined disposed:false
673 http fetch GET 200 https://registry.npmjs.org/emoji-regex 55ms (cache miss)
674 silly packumentCache full:https://registry.npmjs.org/emoji-regex set size:undefined disposed:false
675 silly placeDep ROOT array-timsort@1.0.3 OK for: comment-json@5.0.0 want: ^1.0.3
676 silly placeDep ROOT esprima@4.0.1 OK for: comment-json@5.0.0 want: ^4.0.1
677 silly fetch manifest typescript@>3.6.0
678 silly packumentCache full:https://registry.npmjs.org/typescript cache-miss
679 http cache https://registry.npmjs.org/typescript 24ms (cache hit)
680 silly packumentCache full:https://registry.npmjs.org/typescript set size:15409943 disposed:false
681 silly placeDep ROOT @babel/code-frame@7.29.7 OK for: fork-ts-checker-webpack-plugin@9.1.0 want: ^7.16.7
682 silly placeDep ROOT chalk@4.1.2 OK for: fork-ts-checker-webpack-plugin@9.1.0 want: ^4.1.2
683 silly placeDep ROOT cosmiconfig@8.3.6 OK for: fork-ts-checker-webpack-plugin@9.1.0 want: ^8.2.0
684 silly placeDep ROOT deepmerge@4.3.1 OK for: fork-ts-checker-webpack-plugin@9.1.0 want: ^4.2.2
685 silly placeDep ROOT fs-extra@10.1.0 OK for: fork-ts-checker-webpack-plugin@9.1.0 want: ^10.0.0
686 silly placeDep ROOT memfs@3.5.3 OK for: fork-ts-checker-webpack-plugin@9.1.0 want: ^3.4.1
687 silly placeDep ROOT minimatch@3.1.5 OK for: fork-ts-checker-webpack-plugin@9.1.0 want: ^3.0.4
688 silly placeDep ROOT node-abort-controller@3.1.1 OK for: fork-ts-checker-webpack-plugin@9.1.0 want: ^3.0.1
689 silly placeDep ROOT schema-utils@3.3.0 OK for: fork-ts-checker-webpack-plugin@9.1.0 want: ^3.1.1
690 silly placeDep ROOT semver@7.8.2 OK for: fork-ts-checker-webpack-plugin@9.1.0 want: ^7.3.5
691 silly placeDep ROOT tapable@2.3.3 OK for: fork-ts-checker-webpack-plugin@9.1.0 want: ^2.2.1
692 silly fetch manifest @babel/helper-validator-identifier@^7.29.7
693 silly packumentCache full:https://registry.npmjs.org/@babel%2fhelper-validator-identifier cache-miss
694 silly fetch manifest js-tokens@^4.0.0
695 silly packumentCache full:https://registry.npmjs.org/js-tokens cache-miss
696 silly fetch manifest picocolors@^1.1.1
697 silly packumentCache full:https://registry.npmjs.org/picocolors cache-miss
698 silly fetch manifest ansi-styles@^4.1.0
699 silly packumentCache full:https://registry.npmjs.org/ansi-styles cache-miss
700 silly fetch manifest supports-color@^7.1.0
701 silly packumentCache full:https://registry.npmjs.org/supports-color cache-miss
702 silly fetch manifest js-yaml@^4.1.0
703 silly packumentCache full:https://registry.npmjs.org/js-yaml cache-miss
704 silly fetch manifest path-type@^4.0.0
705 silly packumentCache full:https://registry.npmjs.org/path-type cache-miss
706 http cache https://registry.npmjs.org/ansi-styles 6ms (cache hit)
707 silly packumentCache full:https://registry.npmjs.org/ansi-styles set size:63233 disposed:false
708 silly fetch manifest parse-json@^5.2.0
709 silly packumentCache full:https://registry.npmjs.org/parse-json cache-miss
710 http fetch GET 200 https://registry.npmjs.org/picocolors 33ms (cache miss)
711 silly packumentCache full:https://registry.npmjs.org/picocolors set size:undefined disposed:false
712 silly fetch manifest import-fresh@^3.3.0
713 silly packumentCache full:https://registry.npmjs.org/import-fresh cache-miss
714 http fetch GET 200 https://registry.npmjs.org/supports-color 35ms (cache miss)
715 silly packumentCache full:https://registry.npmjs.org/supports-color set size:undefined disposed:false
716 silly fetch manifest jsonfile@^6.0.1
717 silly packumentCache full:https://registry.npmjs.org/jsonfile cache-miss
718 http fetch GET 200 https://registry.npmjs.org/js-tokens 37ms (cache miss)
719 silly packumentCache full:https://registry.npmjs.org/js-tokens set size:undefined disposed:false
720 silly fetch manifest graceful-fs@^4.2.0
721 silly packumentCache full:https://registry.npmjs.org/graceful-fs cache-miss
722 http cache https://registry.npmjs.org/graceful-fs 1ms (cache hit)
723 silly packumentCache full:https://registry.npmjs.org/graceful-fs set size:124285 disposed:false
724 silly fetch manifest universalify@^2.0.0
725 silly packumentCache full:https://registry.npmjs.org/universalify cache-miss
726 http fetch GET 200 https://registry.npmjs.org/path-type 44ms (cache miss)
727 silly packumentCache full:https://registry.npmjs.org/path-type set size:undefined disposed:false
728 silly fetch manifest fs-monkey@^1.0.4
729 silly packumentCache full:https://registry.npmjs.org/fs-monkey cache-miss
730 http fetch GET 200 https://registry.npmjs.org/parse-json 39ms (cache miss)
731 silly packumentCache full:https://registry.npmjs.org/parse-json set size:undefined disposed:false
732 silly fetch manifest brace-expansion@^1.1.7
733 silly packumentCache full:https://registry.npmjs.org/brace-expansion cache-miss
734 http fetch GET 200 https://registry.npmjs.org/js-yaml 46ms (cache miss)
735 silly packumentCache full:https://registry.npmjs.org/js-yaml set size:undefined disposed:false
736 silly fetch manifest ajv@^6.12.5
737 silly packumentCache full:https://registry.npmjs.org/ajv cache-miss
738 http fetch GET 200 https://registry.npmjs.org/@babel%2fhelper-validator-identifier 48ms (cache miss)
739 silly packumentCache full:https://registry.npmjs.org/@babel%2fhelper-validator-identifier set size:undefined disposed:false
740 silly fetch manifest ajv-keywords@^3.5.2
741 silly packumentCache full:https://registry.npmjs.org/ajv-keywords cache-miss
742 http cache https://registry.npmjs.org/ajv 4ms (cache hit)
743 silly packumentCache full:https://registry.npmjs.org/ajv set size:1142658 disposed:false
744 silly fetch manifest @types/json-schema@^7.0.8
745 silly packumentCache full:https://registry.npmjs.org/@types%2fjson-schema cache-miss
746 http cache https://registry.npmjs.org/@types%2fjson-schema 1ms (cache hit)
747 silly packumentCache full:https://registry.npmjs.org/@types%2fjson-schema set size:44704 disposed:false
748 http fetch GET 200 https://registry.npmjs.org/import-fresh 33ms (cache miss)
749 silly packumentCache full:https://registry.npmjs.org/import-fresh set size:undefined disposed:false
750 http fetch GET 200 https://registry.npmjs.org/jsonfile 33ms (cache miss)
751 silly packumentCache full:https://registry.npmjs.org/jsonfile set size:undefined disposed:false
752 http fetch GET 200 https://registry.npmjs.org/universalify 42ms (cache miss)
753 silly packumentCache full:https://registry.npmjs.org/universalify set size:undefined disposed:false
754 http fetch GET 200 https://registry.npmjs.org/fs-monkey 40ms (cache miss)
755 silly packumentCache full:https://registry.npmjs.org/fs-monkey set size:undefined disposed:false
756 http fetch GET 200 https://registry.npmjs.org/brace-expansion 39ms (cache miss)
757 silly packumentCache full:https://registry.npmjs.org/brace-expansion set size:undefined disposed:false
758 http fetch GET 200 https://registry.npmjs.org/ajv-keywords 45ms (cache miss)
759 silly packumentCache full:https://registry.npmjs.org/ajv-keywords set size:undefined disposed:false
760 silly placeDep ROOT @babel/helper-validator-identifier@7.29.7 OK for: @babel/code-frame@7.29.7 want: ^7.29.7
761 silly placeDep ROOT js-tokens@4.0.0 OK for: @babel/code-frame@7.29.7 want: ^4.0.0
762 silly placeDep ROOT picocolors@1.1.1 OK for: @babel/code-frame@7.29.7 want: ^1.1.1
763 silly placeDep ROOT ansi-styles@4.3.0 OK for: chalk@4.1.2 want: ^4.1.0
764 silly placeDep ROOT supports-color@7.2.0 OK for: chalk@4.1.2 want: ^7.1.0
765 silly fetch manifest color-convert@^2.0.1
766 silly packumentCache full:https://registry.npmjs.org/color-convert cache-miss
767 silly fetch manifest has-flag@^4.0.0
768 silly packumentCache full:https://registry.npmjs.org/has-flag cache-miss
769 http fetch GET 200 https://registry.npmjs.org/has-flag 37ms (cache miss)
770 silly packumentCache full:https://registry.npmjs.org/has-flag set size:undefined disposed:false
771 http fetch GET 200 https://registry.npmjs.org/color-convert 38ms (cache miss)
772 silly packumentCache full:https://registry.npmjs.org/color-convert set size:undefined disposed:false
773 silly placeDep ROOT color-convert@2.0.1 OK for: ansi-styles@4.3.0 want: ^2.0.1
774 silly fetch manifest color-name@~1.1.4
775 silly packumentCache full:https://registry.npmjs.org/color-name cache-miss
776 http fetch GET 200 https://registry.npmjs.org/color-name 33ms (cache miss)
777 silly packumentCache full:https://registry.npmjs.org/color-name set size:undefined disposed:false
778 silly placeDep ROOT color-name@1.1.4 OK for: color-convert@2.0.1 want: ~1.1.4
779 silly placeDep ROOT import-fresh@3.3.1 OK for: cosmiconfig@8.3.6 want: ^3.3.0
780 silly placeDep ROOT js-yaml@4.2.0 OK for: cosmiconfig@8.3.6 want: ^4.1.0
781 silly placeDep ROOT parse-json@5.2.0 OK for: cosmiconfig@8.3.6 want: ^5.2.0
782 silly placeDep ROOT path-type@4.0.0 OK for: cosmiconfig@8.3.6 want: ^4.0.0
783 silly fetch manifest resolve-from@^4.0.0
784 silly packumentCache full:https://registry.npmjs.org/resolve-from cache-miss
785 silly fetch manifest parent-module@^1.0.0
786 silly packumentCache full:https://registry.npmjs.org/parent-module cache-miss
787 silly fetch manifest argparse@^2.0.1
788 silly packumentCache full:https://registry.npmjs.org/argparse cache-miss
789 silly fetch manifest error-ex@^1.3.1
790 silly packumentCache full:https://registry.npmjs.org/error-ex cache-miss
791 silly fetch manifest lines-and-columns@^1.1.6
792 silly packumentCache full:https://registry.npmjs.org/lines-and-columns cache-miss
793 silly fetch manifest json-parse-even-better-errors@^2.3.0
794 silly packumentCache full:https://registry.npmjs.org/json-parse-even-better-errors cache-miss
795 http cache https://registry.npmjs.org/json-parse-even-better-errors 2ms (cache hit)
796 silly packumentCache full:https://registry.npmjs.org/json-parse-even-better-errors set size:37274 disposed:false
797 http fetch GET 200 https://registry.npmjs.org/resolve-from 33ms (cache miss)
798 silly packumentCache full:https://registry.npmjs.org/resolve-from set size:undefined disposed:false
799 http fetch GET 200 https://registry.npmjs.org/parent-module 34ms (cache miss)
800 silly packumentCache full:https://registry.npmjs.org/parent-module set size:undefined disposed:false
801 http fetch GET 200 https://registry.npmjs.org/argparse 54ms (cache miss)
802 silly packumentCache full:https://registry.npmjs.org/argparse set size:undefined disposed:false
803 http fetch GET 200 https://registry.npmjs.org/error-ex 54ms (cache miss)
804 silly packumentCache full:https://registry.npmjs.org/error-ex set size:undefined disposed:false
805 http fetch GET 200 https://registry.npmjs.org/lines-and-columns 55ms (cache miss)
806 silly packumentCache full:https://registry.npmjs.org/lines-and-columns set size:undefined disposed:false
807 silly placeDep ROOT graceful-fs@4.2.11 OK for: fs-extra@10.1.0 want: ^4.2.0
808 silly placeDep ROOT jsonfile@6.2.1 OK for: fs-extra@10.1.0 want: ^6.0.1
809 silly placeDep ROOT universalify@2.0.1 OK for: fs-extra@10.1.0 want: ^2.0.0
810 silly placeDep node_modules/glob minimatch@10.2.5 OK for: glob@13.0.6 want: ^10.2.2
811 silly placeDep ROOT minipass@7.1.3 OK for: glob@13.0.6 want: ^7.1.3
812 silly placeDep ROOT path-scurry@2.0.2 OK for: glob@13.0.6 want: ^2.0.2
813 silly fetch manifest brace-expansion@^5.0.5
814 silly packumentCache full:https://registry.npmjs.org/brace-expansion cache-miss
815 silly fetch manifest lru-cache@^11.0.0
816 silly packumentCache full:https://registry.npmjs.org/lru-cache cache-miss
817 http cache https://registry.npmjs.org/brace-expansion 2ms (cache hit)
818 silly packumentCache full:https://registry.npmjs.org/brace-expansion set size:72152 disposed:false
819 http fetch GET 200 https://registry.npmjs.org/lru-cache 51ms (cache miss)
820 silly packumentCache full:https://registry.npmjs.org/lru-cache set size:undefined disposed:false
821 silly placeDep ROOT safer-buffer@2.1.2 OK for: iconv-lite@0.7.2 want: >= 2.1.2 < 3.0.0
822 silly placeDep ROOT parent-module@1.0.1 OK for: import-fresh@3.3.1 want: ^1.0.0
823 silly placeDep ROOT resolve-from@4.0.0 OK for: import-fresh@3.3.1 want: ^4.0.0
824 silly fetch manifest callsites@^3.0.0
825 silly packumentCache full:https://registry.npmjs.org/callsites cache-miss
826 http fetch GET 200 https://registry.npmjs.org/callsites 38ms (cache miss)
827 silly packumentCache full:https://registry.npmjs.org/callsites set size:undefined disposed:false
828 silly placeDep ROOT argparse@2.0.1 OK for: js-yaml@4.2.0 want: ^2.0.1
829 silly placeDep ROOT @jridgewell/sourcemap-codec@1.5.5 OK for: magic-string@0.30.17 want: ^1.5.0
830 silly placeDep ROOT fs-monkey@1.1.0 OK for: memfs@3.5.3 want: ^1.0.4
831 silly placeDep ROOT brace-expansion@1.1.15 OK for: minimatch@3.1.5 want: ^1.1.7
832 silly fetch manifest balanced-match@^1.0.0
833 silly packumentCache full:https://registry.npmjs.org/balanced-match cache-miss
834 silly fetch manifest concat-map@0.0.1
835 silly packumentCache full:https://registry.npmjs.org/concat-map cache-miss
836 http fetch GET 200 https://registry.npmjs.org/concat-map 34ms (cache miss)
837 silly packumentCache full:https://registry.npmjs.org/concat-map set size:undefined disposed:false
838 http fetch GET 200 https://registry.npmjs.org/balanced-match 35ms (cache miss)
839 silly packumentCache full:https://registry.npmjs.org/balanced-match set size:undefined disposed:false
840 silly placeDep ROOT balanced-match@1.0.2 OK for: brace-expansion@1.1.15 want: ^1.0.0
841 silly placeDep ROOT concat-map@0.0.1 OK for: brace-expansion@1.1.15 want: 0.0.1
842 silly placeDep ROOT lodash@4.18.1 OK for: node-emoji@1.11.0 want: ^4.17.21
843 silly placeDep ROOT bl@4.1.0 OK for: ora@5.4.1 want: ^4.1.0
844 silly placeDep ROOT cli-cursor@3.1.0 OK for: ora@5.4.1 want: ^3.1.0
845 silly placeDep ROOT cli-spinners@2.9.2 OK for: ora@5.4.1 want: ^2.5.0
846 silly placeDep ROOT is-interactive@1.0.0 OK for: ora@5.4.1 want: ^1.0.0
847 silly placeDep ROOT is-unicode-supported@0.1.0 OK for: ora@5.4.1 want: ^0.1.0
848 silly placeDep ROOT log-symbols@4.1.0 OK for: ora@5.4.1 want: ^4.1.0
849 silly placeDep ROOT strip-ansi@6.0.1 OK for: ora@5.4.1 want: ^6.0.0
850 silly placeDep ROOT wcwidth@1.0.1 OK for: ora@5.4.1 want: ^1.0.1
851 silly fetch manifest buffer@^5.5.0
852 silly packumentCache full:https://registry.npmjs.org/buffer cache-miss
853 silly fetch manifest inherits@^2.0.4
854 silly packumentCache full:https://registry.npmjs.org/inherits cache-miss
855 silly fetch manifest readable-stream@^3.4.0
856 silly packumentCache full:https://registry.npmjs.org/readable-stream cache-miss
857 silly fetch manifest restore-cursor@^3.1.0
858 silly packumentCache full:https://registry.npmjs.org/restore-cursor cache-miss
859 silly fetch manifest ansi-regex@^5.0.1
860 silly packumentCache full:https://registry.npmjs.org/ansi-regex cache-miss
861 silly fetch manifest defaults@^1.0.3
862 silly packumentCache full:https://registry.npmjs.org/defaults cache-miss
863 http fetch GET 200 https://registry.npmjs.org/ansi-regex 37ms (cache miss)
864 silly packumentCache full:https://registry.npmjs.org/ansi-regex set size:undefined disposed:false
865 http fetch GET 200 https://registry.npmjs.org/defaults 39ms (cache miss)
866 silly packumentCache full:https://registry.npmjs.org/defaults set size:undefined disposed:false
867 http fetch GET 200 https://registry.npmjs.org/inherits 56ms (cache miss)
868 silly packumentCache full:https://registry.npmjs.org/inherits set size:undefined disposed:false
869 http fetch GET 200 https://registry.npmjs.org/restore-cursor 57ms (cache miss)
870 silly packumentCache full:https://registry.npmjs.org/restore-cursor set size:undefined disposed:false
871 http fetch GET 200 https://registry.npmjs.org/readable-stream 59ms (cache miss)
872 silly packumentCache full:https://registry.npmjs.org/readable-stream set size:undefined disposed:false
873 http fetch GET 200 https://registry.npmjs.org/buffer 62ms (cache miss)
874 silly packumentCache full:https://registry.npmjs.org/buffer set size:undefined disposed:false
875 silly placeDep ROOT buffer@5.7.1 OK for: bl@4.1.0 want: ^5.5.0
876 silly placeDep ROOT inherits@2.0.4 OK for: bl@4.1.0 want: ^2.0.4
877 silly placeDep ROOT readable-stream@3.6.2 OK for: bl@4.1.0 want: ^3.4.0
878 silly fetch manifest base64-js@^1.3.1
879 silly packumentCache full:https://registry.npmjs.org/base64-js cache-miss
880 silly fetch manifest ieee754@^1.1.13
881 silly packumentCache full:https://registry.npmjs.org/ieee754 cache-miss
882 silly fetch manifest string_decoder@^1.1.1
883 silly packumentCache full:https://registry.npmjs.org/string_decoder cache-miss
884 silly fetch manifest util-deprecate@^1.0.1
885 silly packumentCache full:https://registry.npmjs.org/util-deprecate cache-miss
886 http fetch GET 200 https://registry.npmjs.org/util-deprecate 36ms (cache miss)
887 silly packumentCache full:https://registry.npmjs.org/util-deprecate set size:undefined disposed:false
888 http fetch GET 200 https://registry.npmjs.org/string_decoder 36ms (cache miss)
889 silly packumentCache full:https://registry.npmjs.org/string_decoder set size:undefined disposed:false
890 http fetch GET 200 https://registry.npmjs.org/ieee754 37ms (cache miss)
891 silly packumentCache full:https://registry.npmjs.org/ieee754 set size:undefined disposed:false
892 http fetch GET 200 https://registry.npmjs.org/base64-js 38ms (cache miss)
893 silly packumentCache full:https://registry.npmjs.org/base64-js set size:undefined disposed:false
894 silly placeDep ROOT base64-js@1.5.1 OK for: buffer@5.7.1 want: ^1.3.1
895 silly placeDep ROOT ieee754@1.2.1 OK for: buffer@5.7.1 want: ^1.1.13
896 silly placeDep ROOT restore-cursor@3.1.0 OK for: cli-cursor@3.1.0 want: ^3.1.0
897 silly fetch manifest onetime@^5.1.0
898 silly packumentCache full:https://registry.npmjs.org/onetime cache-miss
899 silly fetch manifest signal-exit@^3.0.2
900 silly packumentCache full:https://registry.npmjs.org/signal-exit cache-miss
901 http cache https://registry.npmjs.org/signal-exit 2ms (cache hit)
902 silly packumentCache full:https://registry.npmjs.org/signal-exit set size:53489 disposed:false
903 http fetch GET 200 https://registry.npmjs.org/onetime 51ms (cache miss)
904 silly packumentCache full:https://registry.npmjs.org/onetime set size:undefined disposed:false
905 silly placeDep ROOT callsites@3.1.0 OK for: parent-module@1.0.1 want: ^3.0.0
906 silly placeDep ROOT error-ex@1.3.4 OK for: parse-json@5.2.0 want: ^1.3.1
907 silly placeDep ROOT json-parse-even-better-errors@2.3.1 OK for: parse-json@5.2.0 want: ^2.3.0
908 silly placeDep ROOT lines-and-columns@1.2.4 OK for: parse-json@5.2.0 want: ^1.1.6
909 silly fetch manifest is-arrayish@^0.2.1
910 silly packumentCache full:https://registry.npmjs.org/is-arrayish cache-miss
911 http fetch GET 200 https://registry.npmjs.org/is-arrayish 36ms (cache miss)
912 silly packumentCache full:https://registry.npmjs.org/is-arrayish set size:undefined disposed:false
913 silly placeDep ROOT is-arrayish@0.2.1 OK for: error-ex@1.3.4 want: ^0.2.1
914 silly placeDep ROOT lru-cache@11.5.1 OK for: path-scurry@2.0.2 want: ^11.0.0
915 silly placeDep ROOT string_decoder@1.3.0 OK for: readable-stream@3.6.2 want: ^1.1.1
916 silly placeDep ROOT util-deprecate@1.0.2 OK for: readable-stream@3.6.2 want: ^1.0.1
917 silly fetch manifest safe-buffer@~5.2.0
918 silly packumentCache full:https://registry.npmjs.org/safe-buffer cache-miss
919 http fetch GET 200 https://registry.npmjs.org/safe-buffer 63ms (cache miss)
920 silly packumentCache full:https://registry.npmjs.org/safe-buffer set size:undefined disposed:false
921 silly placeDep ROOT onetime@5.1.2 OK for: restore-cursor@3.1.0 want: ^5.1.0
922 silly placeDep node_modules/restore-cursor signal-exit@3.0.7 OK for: restore-cursor@3.1.0 want: ^3.0.2
923 silly fetch manifest mimic-fn@^2.1.0
924 silly packumentCache full:https://registry.npmjs.org/mimic-fn cache-miss
925 http fetch GET 200 https://registry.npmjs.org/mimic-fn 34ms (cache miss)
926 silly packumentCache full:https://registry.npmjs.org/mimic-fn set size:undefined disposed:false
927 silly placeDep ROOT mimic-fn@2.1.0 OK for: onetime@5.1.2 want: ^2.1.0
928 silly placeDep ROOT tslib@2.8.1 OK for: rxjs@7.8.1 want: ^2.1.0
929 silly placeDep ROOT @types/json-schema@7.0.15 OK for: schema-utils@3.3.0 want: ^7.0.8
930 silly placeDep node_modules/schema-utils ajv@6.15.0 OK for: schema-utils@3.3.0 want: ^6.12.5
931 silly placeDep node_modules/schema-utils ajv-keywords@3.5.2 OK for: schema-utils@3.3.0 want: ^3.5.2
932 silly fetch manifest uri-js@^4.2.2
933 silly packumentCache full:https://registry.npmjs.org/uri-js cache-miss
934 silly fetch manifest json-schema-traverse@^0.4.1
935 silly packumentCache full:https://registry.npmjs.org/json-schema-traverse cache-miss
936 silly fetch manifest fast-json-stable-stringify@^2.0.0
937 silly packumentCache full:https://registry.npmjs.org/fast-json-stable-stringify cache-miss
938 http cache https://registry.npmjs.org/json-schema-traverse 2ms (cache hit)
939 silly packumentCache full:https://registry.npmjs.org/json-schema-traverse set size:23537 disposed:false
940 http fetch GET 200 https://registry.npmjs.org/fast-json-stable-stringify 30ms (cache miss)
941 silly packumentCache full:https://registry.npmjs.org/fast-json-stable-stringify set size:undefined disposed:false
942 http fetch GET 200 https://registry.npmjs.org/uri-js 31ms (cache miss)
943 silly packumentCache full:https://registry.npmjs.org/uri-js set size:undefined disposed:false
944 silly placeDep ROOT safe-buffer@5.2.1 OK for: string_decoder@1.3.0 want: ~5.2.0
945 silly placeDep ROOT emoji-regex@8.0.0 OK for: string-width@4.2.3 want: ^8.0.0
946 silly placeDep ROOT is-fullwidth-code-point@3.0.0 OK for: string-width@4.2.3 want: ^3.0.0
947 silly placeDep ROOT ansi-regex@5.0.1 OK for: strip-ansi@6.0.1 want: ^5.0.1
948 silly placeDep ROOT has-flag@4.0.0 OK for: supports-color@7.2.0 want: ^4.0.0
949 silly placeDep ROOT json5@2.2.3 OK for: tsconfig-paths@4.2.0 want: ^2.2.2
950 silly placeDep ROOT minimist@1.2.8 OK for: tsconfig-paths@4.2.0 want: ^1.2.6
951 silly placeDep ROOT strip-bom@3.0.0 OK for: tsconfig-paths@4.2.0 want: ^3.0.0
952 silly placeDep ROOT enhanced-resolve@5.22.2 OK for: tsconfig-paths-webpack-plugin@4.2.0 want: ^5.7.0
953 silly placeDep ROOT defaults@1.0.4 OK for: wcwidth@1.0.1 want: ^1.0.3
954 silly fetch manifest clone@^1.0.2
955 silly packumentCache full:https://registry.npmjs.org/clone cache-miss
956 http fetch GET 200 https://registry.npmjs.org/clone 31ms (cache miss)
957 silly packumentCache full:https://registry.npmjs.org/clone set size:undefined disposed:false
958 silly placeDep ROOT clone@1.0.4 OK for: defaults@1.0.4 want: ^1.0.2
959 silly fetch manifest webpack@^5.1.0
960 silly packumentCache full:https://registry.npmjs.org/webpack cache-miss
961 http cache https://registry.npmjs.org/webpack 6ms (cache hit)
962 silly packumentCache full:https://registry.npmjs.org/webpack set size:5034153 disposed:false
963 silly placeDep ROOT @types/eslint-scope@3.7.7 OK for: webpack@5.106.0 want: ^3.7.7
964 silly placeDep ROOT @types/estree@1.0.9 OK for: webpack@5.106.0 want: ^1.0.8
965 silly placeDep ROOT @webassemblyjs/ast@1.14.1 OK for: webpack@5.106.0 want: ^1.14.1
966 silly placeDep ROOT @webassemblyjs/wasm-edit@1.14.1 OK for: webpack@5.106.0 want: ^1.14.1
967 silly placeDep ROOT @webassemblyjs/wasm-parser@1.14.1 OK for: webpack@5.106.0 want: ^1.14.1
968 silly placeDep ROOT acorn@8.16.0 OK for: webpack@5.106.0 want: ^8.16.0
969 silly placeDep ROOT acorn-import-phases@1.0.4 OK for: webpack@5.106.0 want: ^1.0.3
970 silly placeDep ROOT browserslist@4.28.2 OK for: webpack@5.106.0 want: ^4.28.1
971 silly placeDep ROOT chrome-trace-event@1.0.4 OK for: webpack@5.106.0 want: ^1.0.2
972 silly placeDep ROOT es-module-lexer@2.1.0 OK for: webpack@5.106.0 want: ^2.0.0
973 silly placeDep ROOT eslint-scope@5.1.1 OK for: webpack@5.106.0 want: 5.1.1
974 silly placeDep ROOT events@3.3.0 OK for: webpack@5.106.0 want: ^3.2.0
975 silly placeDep ROOT glob-to-regexp@0.4.1 OK for: webpack@5.106.0 want: ^0.4.1
976 silly placeDep ROOT loader-runner@4.3.2 OK for: webpack@5.106.0 want: ^4.3.1
977 silly placeDep ROOT mime-types@2.1.35 OK for: webpack@5.106.0 want: ^2.1.27
978 silly placeDep ROOT neo-async@2.6.2 OK for: webpack@5.106.0 want: ^2.6.2
979 silly placeDep node_modules/webpack schema-utils@4.3.3 OK for: webpack@5.106.0 want: ^4.3.3
980 silly placeDep ROOT terser-webpack-plugin@5.6.1 OK for: webpack@5.106.0 want: ^5.3.17
981 silly placeDep ROOT watchpack@2.5.1 OK for: webpack@5.106.0 want: ^2.5.1
982 silly placeDep ROOT webpack-sources@3.5.0 OK for: webpack@5.106.0 want: ^3.3.4
983 silly fetch manifest @types/eslint@*
984 silly packumentCache full:https://registry.npmjs.org/@types%2feslint cache-miss
985 silly fetch manifest @types/estree@*
986 silly packumentCache full:https://registry.npmjs.org/@types%2festree cache-miss
987 silly fetch manifest @webassemblyjs/helper-numbers@1.13.2
988 silly packumentCache full:https://registry.npmjs.org/@webassemblyjs%2fhelper-numbers cache-miss
989 silly fetch manifest @webassemblyjs/helper-wasm-bytecode@1.13.2
990 silly packumentCache full:https://registry.npmjs.org/@webassemblyjs%2fhelper-wasm-bytecode cache-miss
991 silly fetch manifest @webassemblyjs/helper-buffer@1.14.1
992 silly packumentCache full:https://registry.npmjs.org/@webassemblyjs%2fhelper-buffer cache-miss
993 silly fetch manifest @webassemblyjs/helper-wasm-bytecode@1.13.2
994 silly packumentCache full:https://registry.npmjs.org/@webassemblyjs%2fhelper-wasm-bytecode cache-miss
995 silly fetch manifest @webassemblyjs/helper-wasm-section@1.14.1
996 silly packumentCache full:https://registry.npmjs.org/@webassemblyjs%2fhelper-wasm-section cache-miss
997 http cache https://registry.npmjs.org/@types%2festree 5ms (cache hit)
998 silly packumentCache full:https://registry.npmjs.org/@types%2festree set size:76072 disposed:false
999 silly fetch manifest @webassemblyjs/wasm-gen@1.14.1
1000 silly packumentCache full:https://registry.npmjs.org/@webassemblyjs%2fwasm-gen cache-miss
1001 http fetch GET 200 https://registry.npmjs.org/@webassemblyjs%2fhelper-wasm-bytecode 44ms (cache miss)
1002 silly packumentCache full:https://registry.npmjs.org/@webassemblyjs%2fhelper-wasm-bytecode set size:undefined disposed:false
1003 silly fetch manifest @webassemblyjs/wasm-opt@1.14.1
1004 silly packumentCache full:https://registry.npmjs.org/@webassemblyjs%2fwasm-opt cache-miss
1005 http fetch GET 200 https://registry.npmjs.org/@webassemblyjs%2fhelper-numbers 67ms (cache miss)
1006 silly packumentCache full:https://registry.npmjs.org/@webassemblyjs%2fhelper-numbers set size:undefined disposed:false
1007 silly fetch manifest @webassemblyjs/wasm-parser@1.14.1
1008 silly packumentCache full:https://registry.npmjs.org/@webassemblyjs%2fwasm-parser cache-miss
1009 http fetch GET 200 https://registry.npmjs.org/@webassemblyjs%2fhelper-wasm-section 67ms (cache miss)
1010 silly packumentCache full:https://registry.npmjs.org/@webassemblyjs%2fhelper-wasm-section set size:undefined disposed:false
1011 silly fetch manifest @webassemblyjs/wast-printer@1.14.1
1012 silly packumentCache full:https://registry.npmjs.org/@webassemblyjs%2fwast-printer cache-miss
1013 http fetch GET 200 https://registry.npmjs.org/@webassemblyjs%2fhelper-wasm-bytecode 70ms (cache miss)
1014 silly packumentCache full:https://registry.npmjs.org/@webassemblyjs%2fhelper-wasm-bytecode set size:undefined disposed:false
1015 silly fetch manifest @webassemblyjs/helper-api-error@1.13.2
1016 silly packumentCache full:https://registry.npmjs.org/@webassemblyjs%2fhelper-api-error cache-miss
1017 http cache https://registry.npmjs.org/@webassemblyjs%2fwasm-parser 3ms (cache hit)
1018 silly packumentCache full:https://registry.npmjs.org/@webassemblyjs%2fwasm-parser set size:214115 disposed:false
1019 silly fetch manifest @webassemblyjs/ieee754@1.13.2
1020 silly packumentCache full:https://registry.npmjs.org/@webassemblyjs%2fieee754 cache-miss
1021 http fetch GET 200 https://registry.npmjs.org/@webassemblyjs%2fwasm-opt 43ms (cache miss)
1022 silly packumentCache full:https://registry.npmjs.org/@webassemblyjs%2fwasm-opt set size:undefined disposed:false
1023 silly fetch manifest @webassemblyjs/leb128@1.13.2
1024 silly packumentCache full:https://registry.npmjs.org/@webassemblyjs%2fleb128 cache-miss
1025 http fetch GET 200 https://registry.npmjs.org/@webassemblyjs%2fwast-printer 50ms (cache miss)
1026 silly packumentCache full:https://registry.npmjs.org/@webassemblyjs%2fwast-printer set size:undefined disposed:false
1027 silly fetch manifest @webassemblyjs/utf8@1.13.2
1028 silly packumentCache full:https://registry.npmjs.org/@webassemblyjs%2futf8 cache-miss
1029 http fetch GET 200 https://registry.npmjs.org/@webassemblyjs%2fieee754 49ms (cache miss)
1030 silly packumentCache full:https://registry.npmjs.org/@webassemblyjs%2fieee754 set size:undefined disposed:false
1031 silly fetch manifest baseline-browser-mapping@^2.10.12
1032 silly packumentCache full:https://registry.npmjs.org/baseline-browser-mapping cache-miss
1033 http fetch GET 200 https://registry.npmjs.org/@webassemblyjs%2fleb128 43ms (cache miss)
1034 silly packumentCache full:https://registry.npmjs.org/@webassemblyjs%2fleb128 set size:undefined disposed:false
1035 silly fetch manifest caniuse-lite@^1.0.30001782
1036 silly packumentCache full:https://registry.npmjs.org/caniuse-lite cache-miss
1037 http fetch GET 200 https://registry.npmjs.org/@webassemblyjs%2futf8 48ms (cache miss)
1038 silly packumentCache full:https://registry.npmjs.org/@webassemblyjs%2futf8 set size:undefined disposed:false
1039 silly fetch manifest electron-to-chromium@^1.5.328
1040 silly packumentCache full:https://registry.npmjs.org/electron-to-chromium cache-miss
1041 http fetch GET 200 https://registry.npmjs.org/baseline-browser-mapping 50ms (cache miss)
1042 silly packumentCache full:https://registry.npmjs.org/baseline-browser-mapping set size:undefined disposed:false
1043 silly fetch manifest node-releases@^2.0.36
1044 silly packumentCache full:https://registry.npmjs.org/node-releases cache-miss
1045 http fetch GET 200 https://registry.npmjs.org/caniuse-lite 95ms (cache miss)
1046 silly packumentCache full:https://registry.npmjs.org/caniuse-lite set size:undefined disposed:false
1047 silly fetch manifest update-browserslist-db@^1.2.3
1048 silly packumentCache full:https://registry.npmjs.org/update-browserslist-db cache-miss
1049 http fetch GET 200 https://registry.npmjs.org/node-releases 67ms (cache miss)
1050 silly packumentCache full:https://registry.npmjs.org/node-releases set size:undefined disposed:false
1051 silly fetch manifest esrecurse@^4.3.0
1052 silly packumentCache full:https://registry.npmjs.org/esrecurse cache-miss
1053 http fetch GET 200 https://registry.npmjs.org/@webassemblyjs%2fhelper-buffer 273ms (cache miss)
1054 silly packumentCache full:https://registry.npmjs.org/@webassemblyjs%2fhelper-buffer set size:undefined disposed:false
1055 silly fetch manifest estraverse@^4.1.1
1056 silly packumentCache full:https://registry.npmjs.org/estraverse cache-miss
1057 http fetch GET 200 https://registry.npmjs.org/update-browserslist-db 44ms (cache miss)
1058 silly packumentCache full:https://registry.npmjs.org/update-browserslist-db set size:undefined disposed:false
1059 silly fetch manifest mime-db@1.52.0
1060 silly packumentCache full:https://registry.npmjs.org/mime-db cache-miss
1061 http fetch GET 200 https://registry.npmjs.org/esrecurse 39ms (cache miss)
1062 silly packumentCache full:https://registry.npmjs.org/esrecurse set size:undefined disposed:false
1063 silly fetch manifest ajv-formats@^2.1.1
1064 silly packumentCache full:https://registry.npmjs.org/ajv-formats cache-miss
1065 http fetch GET 200 https://registry.npmjs.org/@webassemblyjs%2fwasm-gen 287ms (cache miss)
1066 silly packumentCache full:https://registry.npmjs.org/@webassemblyjs%2fwasm-gen set size:undefined disposed:false
1067 silly fetch manifest ajv-keywords@^5.1.0
1068 silly packumentCache full:https://registry.npmjs.org/ajv-keywords cache-miss
1069 http cache https://registry.npmjs.org/ajv-formats 15ms (cache hit)
1070 silly packumentCache full:https://registry.npmjs.org/ajv-formats set size:141264 disposed:false
1071 silly fetch manifest @jridgewell/trace-mapping@^0.3.25
1072 silly packumentCache full:https://registry.npmjs.org/@jridgewell%2ftrace-mapping cache-miss
1073 http cache https://registry.npmjs.org/ajv-keywords 16ms (cache hit)
1074 silly packumentCache full:https://registry.npmjs.org/ajv-keywords set size:310004 disposed:false
1075 silly fetch manifest jest-worker@^27.4.5
1076 silly packumentCache full:https://registry.npmjs.org/jest-worker cache-miss
1077 http fetch GET 200 https://registry.npmjs.org/estraverse 39ms (cache miss)
1078 silly packumentCache full:https://registry.npmjs.org/estraverse set size:undefined disposed:false
1079 silly fetch manifest schema-utils@^4.3.0
1080 silly packumentCache full:https://registry.npmjs.org/schema-utils cache-hit
1081 silly fetch manifest terser@^5.31.1
1082 silly packumentCache full:https://registry.npmjs.org/terser cache-miss
1083 http fetch GET 200 https://registry.npmjs.org/electron-to-chromium 153ms (cache miss)
1084 silly packumentCache full:https://registry.npmjs.org/electron-to-chromium set size:undefined disposed:false
1085 http fetch GET 200 https://registry.npmjs.org/mime-db 56ms (cache miss)
1086 silly packumentCache full:https://registry.npmjs.org/mime-db set size:undefined disposed:false
1087 http fetch GET 200 https://registry.npmjs.org/@jridgewell%2ftrace-mapping 68ms (cache miss)
1088 silly packumentCache full:https://registry.npmjs.org/@jridgewell%2ftrace-mapping set size:undefined disposed:false
1089 http fetch GET 200 https://registry.npmjs.org/jest-worker 67ms (cache miss)
1090 silly packumentCache full:https://registry.npmjs.org/jest-worker set size:undefined disposed:false
1091 http fetch GET 200 https://registry.npmjs.org/terser 69ms (cache miss)
1092 silly packumentCache full:https://registry.npmjs.org/terser set size:undefined disposed:false
1093 http fetch GET 200 https://registry.npmjs.org/@types%2feslint 486ms (cache miss)
1094 silly packumentCache full:https://registry.npmjs.org/@types%2feslint set size:undefined disposed:false
1095 http fetch GET 200 https://registry.npmjs.org/@webassemblyjs%2fhelper-api-error 475ms (cache miss)
1096 silly packumentCache full:https://registry.npmjs.org/@webassemblyjs%2fhelper-api-error set size:undefined disposed:false
1097 silly placeDep ROOT @types/eslint@9.6.1 OK for: @types/eslint-scope@3.7.7 want: *
1098 silly placeDep ROOT @webassemblyjs/helper-numbers@1.13.2 OK for: @webassemblyjs/ast@1.14.1 want: 1.13.2
1099 silly placeDep ROOT @webassemblyjs/helper-wasm-bytecode@1.13.2 OK for: @webassemblyjs/ast@1.14.1 want: 1.13.2
1100 silly fetch manifest @xtuc/long@4.2.2
1101 silly packumentCache full:https://registry.npmjs.org/@xtuc%2flong cache-miss
1102 silly fetch manifest @webassemblyjs/floating-point-hex-parser@1.13.2
1103 silly packumentCache full:https://registry.npmjs.org/@webassemblyjs%2ffloating-point-hex-parser cache-miss
1104 http fetch GET 200 https://registry.npmjs.org/@xtuc%2flong 85ms (cache miss)
1105 silly packumentCache full:https://registry.npmjs.org/@xtuc%2flong set size:undefined disposed:false
1106 http fetch GET 200 https://registry.npmjs.org/@webassemblyjs%2ffloating-point-hex-parser 86ms (cache miss)
1107 silly packumentCache full:https://registry.npmjs.org/@webassemblyjs%2ffloating-point-hex-parser set size:undefined disposed:false
1108 silly placeDep ROOT @webassemblyjs/floating-point-hex-parser@1.13.2 OK for: @webassemblyjs/helper-numbers@1.13.2 want: 1.13.2
1109 silly placeDep ROOT @webassemblyjs/helper-api-error@1.13.2 OK for: @webassemblyjs/helper-numbers@1.13.2 want: 1.13.2
1110 silly placeDep ROOT @xtuc/long@4.2.2 OK for: @webassemblyjs/helper-numbers@1.13.2 want: 4.2.2
1111 silly placeDep ROOT @webassemblyjs/helper-buffer@1.14.1 OK for: @webassemblyjs/wasm-edit@1.14.1 want: 1.14.1
1112 silly placeDep ROOT @webassemblyjs/helper-wasm-section@1.14.1 OK for: @webassemblyjs/wasm-edit@1.14.1 want: 1.14.1
1113 silly placeDep ROOT @webassemblyjs/wasm-gen@1.14.1 OK for: @webassemblyjs/wasm-edit@1.14.1 want: 1.14.1
1114 silly placeDep ROOT @webassemblyjs/wasm-opt@1.14.1 OK for: @webassemblyjs/wasm-edit@1.14.1 want: 1.14.1
1115 silly placeDep ROOT @webassemblyjs/wast-printer@1.14.1 OK for: @webassemblyjs/wasm-edit@1.14.1 want: 1.14.1
1116 silly placeDep ROOT @webassemblyjs/ieee754@1.13.2 OK for: @webassemblyjs/wasm-gen@1.14.1 want: 1.13.2
1117 silly placeDep ROOT @webassemblyjs/leb128@1.13.2 OK for: @webassemblyjs/wasm-gen@1.14.1 want: 1.13.2
1118 silly placeDep ROOT @webassemblyjs/utf8@1.13.2 OK for: @webassemblyjs/wasm-gen@1.14.1 want: 1.13.2
1119 silly fetch manifest @xtuc/ieee754@^1.2.0
1120 silly packumentCache full:https://registry.npmjs.org/@xtuc%2fieee754 cache-miss
1121 http fetch GET 200 https://registry.npmjs.org/@xtuc%2fieee754 52ms (cache miss)
1122 silly packumentCache full:https://registry.npmjs.org/@xtuc%2fieee754 set size:undefined disposed:false
1123 silly placeDep ROOT @xtuc/ieee754@1.2.0 OK for: @webassemblyjs/ieee754@1.13.2 want: ^1.2.0
1124 silly fetch manifest browserslist@>= 4.21.0
1125 silly packumentCache full:https://registry.npmjs.org/browserslist cache-miss
1126 http cache https://registry.npmjs.org/browserslist 3ms (cache hit)
1127 silly packumentCache full:https://registry.npmjs.org/browserslist set size:504681 disposed:false
1128 silly placeDep ROOT baseline-browser-mapping@2.10.33 OK for: browserslist@4.28.2 want: ^2.10.12
1129 silly placeDep ROOT caniuse-lite@1.0.30001793 OK for: browserslist@4.28.2 want: ^1.0.30001782
1130 silly placeDep ROOT electron-to-chromium@1.5.368 OK for: browserslist@4.28.2 want: ^1.5.328
1131 silly placeDep ROOT node-releases@2.0.47 OK for: browserslist@4.28.2 want: ^2.0.36
1132 silly placeDep ROOT update-browserslist-db@1.2.3 OK for: browserslist@4.28.2 want: ^1.2.3
1133 silly fetch manifest escalade@^3.2.0
1134 silly packumentCache full:https://registry.npmjs.org/escalade cache-miss
1135 http fetch GET 200 https://registry.npmjs.org/escalade 36ms (cache miss)
1136 silly packumentCache full:https://registry.npmjs.org/escalade set size:undefined disposed:false
1137 silly placeDep ROOT esrecurse@4.3.0 OK for: eslint-scope@5.1.1 want: ^4.3.0
1138 silly placeDep ROOT estraverse@4.3.0 OK for: eslint-scope@5.1.1 want: ^4.1.1
1139 silly fetch manifest estraverse@^5.2.0
1140 silly packumentCache full:https://registry.npmjs.org/estraverse cache-miss
1141 http cache https://registry.npmjs.org/estraverse 2ms (cache hit)
1142 silly packumentCache full:https://registry.npmjs.org/estraverse set size:62412 disposed:false
1143 silly placeDep node_modules/esrecurse estraverse@5.3.0 OK for: esrecurse@4.3.0 want: ^5.2.0
1144 silly placeDep ROOT mime-db@1.52.0 OK for: mime-types@2.1.35 want: 1.52.0
1145 silly placeDep ROOT @jridgewell/trace-mapping@0.3.31 OK for: terser-webpack-plugin@5.6.1 want: ^0.3.25
1146 silly placeDep ROOT jest-worker@27.5.1 OK for: terser-webpack-plugin@5.6.1 want: ^27.4.5
1147 silly placeDep node_modules/terser-webpack-plugin schema-utils@4.3.3 OK for: terser-webpack-plugin@5.6.1 want: ^4.3.0
1148 silly placeDep ROOT terser@5.48.0 OK for: terser-webpack-plugin@5.6.1 want: ^5.31.1
1149 silly fetch manifest @jridgewell/resolve-uri@^3.1.0
1150 silly packumentCache full:https://registry.npmjs.org/@jridgewell%2fresolve-uri cache-miss
1151 silly fetch manifest @types/node@*
1152 silly packumentCache full:https://registry.npmjs.org/@types%2fnode cache-miss
1153 silly fetch manifest merge-stream@^2.0.0
1154 silly packumentCache full:https://registry.npmjs.org/merge-stream cache-miss
1155 silly fetch manifest supports-color@^8.0.0
1156 silly packumentCache full:https://registry.npmjs.org/supports-color cache-miss
1157 silly fetch manifest @jridgewell/source-map@^0.3.3
1158 silly packumentCache full:https://registry.npmjs.org/@jridgewell%2fsource-map cache-miss
1159 silly fetch manifest commander@^2.20.0
1160 silly packumentCache full:https://registry.npmjs.org/commander cache-miss
1161 silly fetch manifest source-map-support@~0.5.20
1162 silly packumentCache full:https://registry.npmjs.org/source-map-support cache-miss
1163 http cache https://registry.npmjs.org/commander 4ms (cache hit)
1164 silly packumentCache full:https://registry.npmjs.org/commander set size:353115 disposed:false
1165 http cache https://registry.npmjs.org/@types%2fnode 21ms (cache hit)
1166 silly packumentCache full:https://registry.npmjs.org/@types%2fnode set size:11019425 disposed:false
1167 http cache https://registry.npmjs.org/supports-color 78ms (cache hit)
1168 silly packumentCache full:https://registry.npmjs.org/supports-color set size:118680 disposed:false
1169 http fetch GET 200 https://registry.npmjs.org/@jridgewell%2fsource-map 80ms (cache miss)
1170 silly packumentCache full:https://registry.npmjs.org/@jridgewell%2fsource-map set size:undefined disposed:false
1171 http fetch GET 200 https://registry.npmjs.org/merge-stream 81ms (cache miss)
1172 silly packumentCache full:https://registry.npmjs.org/merge-stream set size:undefined disposed:false
1173 http fetch GET 200 https://registry.npmjs.org/source-map-support 80ms (cache miss)
1174 silly packumentCache full:https://registry.npmjs.org/source-map-support set size:undefined disposed:false
1175 http fetch GET 200 https://registry.npmjs.org/@jridgewell%2fresolve-uri 82ms (cache miss)
1176 silly packumentCache full:https://registry.npmjs.org/@jridgewell%2fresolve-uri set size:undefined disposed:false
1177 silly placeDep ROOT @jridgewell/resolve-uri@3.1.2 OK for: @jridgewell/trace-mapping@0.3.31 want: ^3.1.0
1178 silly placeDep ROOT @types/node@25.9.1 OK for: jest-worker@27.5.1 want: *
1179 silly placeDep ROOT merge-stream@2.0.0 OK for: jest-worker@27.5.1 want: ^2.0.0
1180 silly placeDep node_modules/jest-worker supports-color@8.1.1 OK for: jest-worker@27.5.1 want: ^8.0.0
1181 silly fetch manifest undici-types@>=7.24.0 <7.24.7
1182 silly packumentCache full:https://registry.npmjs.org/undici-types cache-miss
1183 http fetch GET 200 https://registry.npmjs.org/undici-types 51ms (cache miss)
1184 silly packumentCache full:https://registry.npmjs.org/undici-types set size:undefined disposed:false
1185 silly placeDep ROOT undici-types@7.24.6 OK for: @types/node@25.9.1 want: >=7.24.0 <7.24.7
1186 silly placeDep ROOT @jridgewell/source-map@0.3.11 OK for: terser@5.48.0 want: ^0.3.3
1187 silly placeDep node_modules/terser commander@2.20.3 OK for: terser@5.48.0 want: ^2.20.0
1188 silly placeDep ROOT source-map-support@0.5.21 OK for: terser@5.48.0 want: ~0.5.20
1189 silly fetch manifest @jridgewell/gen-mapping@^0.3.5
1190 silly packumentCache full:https://registry.npmjs.org/@jridgewell%2fgen-mapping cache-miss
1191 silly fetch manifest buffer-from@^1.0.0
1192 silly packumentCache full:https://registry.npmjs.org/buffer-from cache-miss
1193 silly fetch manifest source-map@^0.6.0
1194 silly packumentCache full:https://registry.npmjs.org/source-map cache-miss
1195 http cache https://registry.npmjs.org/source-map 2ms (cache hit)
1196 silly packumentCache full:https://registry.npmjs.org/source-map set size:226212 disposed:false
1197 http fetch GET 200 https://registry.npmjs.org/buffer-from 38ms (cache miss)
1198 silly packumentCache full:https://registry.npmjs.org/buffer-from set size:undefined disposed:false
1199 http fetch GET 200 https://registry.npmjs.org/@jridgewell%2fgen-mapping 43ms (cache miss)
1200 silly packumentCache full:https://registry.npmjs.org/@jridgewell%2fgen-mapping set size:undefined disposed:false
1201 silly placeDep ROOT @jridgewell/gen-mapping@0.3.13 OK for: @jridgewell/source-map@0.3.11 want: ^0.3.5
1202 silly placeDep ROOT buffer-from@1.1.2 OK for: source-map-support@0.5.21 want: ^1.0.0
1203 silly placeDep node_modules/source-map-support source-map@0.6.1 OK for: source-map-support@0.5.21 want: ^0.6.0
1204 silly placeDep ROOT escalade@3.2.0 OK for: update-browserslist-db@1.2.3 want: ^3.2.0
1205 silly placeDep node_modules/glob brace-expansion@5.0.6 OK for: minimatch@10.2.5 want: ^5.0.5
1206 silly fetch manifest balanced-match@^4.0.2
1207 silly packumentCache full:https://registry.npmjs.org/balanced-match cache-miss
1208 http cache https://registry.npmjs.org/balanced-match 1ms (cache hit)
1209 silly packumentCache full:https://registry.npmjs.org/balanced-match set size:39082 disposed:false
1210 silly placeDep node_modules/glob balanced-match@4.0.4 OK for: brace-expansion@5.0.6 want: ^4.0.2
1211 silly placeDep ROOT fast-json-stable-stringify@2.1.0 OK for: ajv@6.15.0 want: ^2.0.0
1212 silly placeDep node_modules/schema-utils json-schema-traverse@0.4.1 OK for: ajv@6.15.0 want: ^0.4.1
1213 silly placeDep ROOT uri-js@4.4.1 OK for: ajv@6.15.0 want: ^4.2.2
1214 silly fetch manifest punycode@^2.1.0
1215 silly packumentCache full:https://registry.npmjs.org/punycode cache-miss
1216 http fetch GET 200 https://registry.npmjs.org/punycode 49ms (cache miss)
1217 silly packumentCache full:https://registry.npmjs.org/punycode set size:undefined disposed:false
1218 silly placeDep ROOT punycode@2.3.1 OK for: uri-js@4.4.1 want: ^2.1.0
1219 silly fetch manifest ajv@^8.9.0
1220 silly packumentCache full:https://registry.npmjs.org/ajv cache-miss
1221 http cache https://registry.npmjs.org/ajv 3ms (cache hit)
1222 silly packumentCache full:https://registry.npmjs.org/ajv set size:1142658 disposed:false
1223 silly placeDep node_modules/terser-webpack-plugin ajv-formats@2.1.1 OK for: schema-utils@4.3.3 want: ^2.1.1
1224 silly placeDep ROOT ajv-keywords@5.1.0 OK for: schema-utils@4.3.3 want: ^5.1.0
1225 silly placeDep node_modules/webpack ajv-formats@2.1.1 OK for: schema-utils@4.3.3 want: ^2.1.1
1226 silly reify moves {}
1227 silly audit bulk request {
1227 silly audit   '@nestjs/cli': [ '11.0.21' ],
1227 silly audit   '@angular-devkit/core': [ '19.2.24' ],
1227 silly audit   '@angular-devkit/schematics': [ '19.2.24' ],
1227 silly audit   '@angular-devkit/schematics-cli': [ '19.2.24' ],
1227 silly audit   '@inquirer/prompts': [ '7.10.1', '7.3.2' ],
1227 silly audit   '@nestjs/schematics': [ '11.1.0' ],
1227 silly audit   typescript: [ '5.9.3' ],
1227 silly audit   ansis: [ '4.2.0' ],
1227 silly audit   chokidar: [ '4.0.3' ],
1227 silly audit   'cli-table3': [ '0.6.5' ],
1227 silly audit   commander: [ '4.1.1', '2.20.3' ],
1227 silly audit   'fork-ts-checker-webpack-plugin': [ '9.1.0' ],
1227 silly audit   webpack: [ '5.106.0' ],
1227 silly audit   glob: [ '13.0.6' ],
1227 silly audit   'node-emoji': [ '1.11.0' ],
1227 silly audit   ora: [ '5.4.1' ],
1227 silly audit   'tsconfig-paths': [ '4.2.0' ],
1227 silly audit   'tsconfig-paths-webpack-plugin': [ '4.2.0' ],
1227 silly audit   'webpack-node-externals': [ '3.0.0' ],
1227 silly audit   ajv: [ '8.18.0', '6.15.0' ],
1227 silly audit   'ajv-formats': [ '3.0.1', '2.1.1' ],
1227 silly audit   'jsonc-parser': [ '3.3.1' ],
1227 silly audit   picomatch: [ '4.0.4' ],
1227 silly audit   rxjs: [ '7.8.1' ],
1227 silly audit   'source-map': [ '0.7.4', '0.6.1' ],
1227 silly audit   'magic-string': [ '0.30.17' ],
1227 silly audit   'ansi-colors': [ '4.1.3' ],
1227 silly audit   'symbol-observable': [ '4.0.0' ],
1227 silly audit   'yargs-parser': [ '21.1.1' ],
1227 silly audit   '@inquirer/checkbox': [ '4.3.2' ],
1227 silly audit   '@inquirer/confirm': [ '5.1.21' ],
1227 silly audit   '@inquirer/editor': [ '4.2.23' ],
1227 silly audit   '@inquirer/expand': [ '4.0.23' ],
1227 silly audit   '@inquirer/input': [ '4.3.1' ],
1227 silly audit   '@inquirer/number': [ '3.0.23' ],
1227 silly audit   '@inquirer/password': [ '4.0.23' ],
1227 silly audit   '@inquirer/rawlist': [ '4.1.11' ],
1227 silly audit   '@inquirer/search': [ '3.2.2' ],
1227 silly audit   '@inquirer/select': [ '4.4.2' ],
1227 silly audit   '@inquirer/ansi': [ '1.0.2' ],
1227 silly audit   '@inquirer/core': [ '10.3.2' ],
1227 silly audit   '@inquirer/figures': [ '1.0.15' ],
1227 silly audit   '@inquirer/type': [ '3.0.10' ],
1227 silly audit   'yoctocolors-cjs': [ '2.1.3' ],
1227 silly audit   'cli-width': [ '4.1.0' ],
1227 silly audit   'mute-stream': [ '2.0.0' ],
1227 silly audit   'signal-exit': [ '4.1.0', '3.0.7' ],
1227 silly audit   'wrap-ansi': [ '6.2.0' ],
1227 silly audit   '@inquirer/external-editor': [ '1.0.3' ],
1227 silly audit   chardet: [ '2.1.1' ],
1227 silly audit   'iconv-lite': [ '0.7.2' ],
1227 silly audit   'comment-json': [ '5.0.0' ],
1227 silly audit   pluralize: [ '8.0.0' ],
1227 silly audit   'fast-deep-equal': [ '3.1.3' ],
1227 silly audit   'fast-uri': [ '3.1.2' ],
1227 silly audit   'json-schema-traverse': [ '1.0.0', '0.4.1' ],
1227 silly audit   'require-from-string': [ '2.0.2' ],
1227 silly audit   readdirp: [ '4.1.2' ],
1227 silly audit   '@colors/colors': [ '1.5.0' ],
1227 silly audit   'string-width': [ '4.2.3' ],
1227 silly audit   'array-timsort': [ '1.0.3' ],
1227 silly audit   esprima: [ '4.0.1' ],
1227 silly audit   '@babel/code-frame': [ '7.29.7' ],
1227 silly audit   chalk: [ '4.1.2' ],
1227 silly audit   cosmiconfig: [ '8.3.6' ],
1227 silly audit   deepmerge: [ '4.3.1' ],
1227 silly audit   'fs-extra': [ '10.1.0' ],
1227 silly audit   memfs: [ '3.5.3' ],
1227 silly audit   minimatch: [ '3.1.5', '10.2.5' ],
1227 silly audit   'node-abort-controller': [ '3.1.1' ],
1227 silly audit   'schema-utils': [ '3.3.0', '4.3.3' ],
1227 silly audit   semver: [ '7.8.2' ],
1227 silly audit   tapable: [ '2.3.3' ],
1227 silly audit   '@babel/helper-validator-identifier': [ '7.29.7' ],
1227 silly audit   'js-tokens': [ '4.0.0' ],
1227 silly audit   picocolors: [ '1.1.1' ],
1227 silly audit   'ansi-styles': [ '4.3.0' ],
1227 silly audit   'supports-color': [ '7.2.0', '8.1.1' ],
1227 silly audit   'color-convert': [ '2.0.1' ],
1227 silly audit   'color-name': [ '1.1.4' ],
1227 silly audit   'import-fresh': [ '3.3.1' ],
1227 silly audit   'js-yaml': [ '4.2.0' ],
1227 silly audit   'parse-json': [ '5.2.0' ],
1227 silly audit   'path-type': [ '4.0.0' ],
1227 silly audit   'graceful-fs': [ '4.2.11' ],
1227 silly audit   jsonfile: [ '6.2.1' ],
1227 silly audit   universalify: [ '2.0.1' ],
1227 silly audit   minipass: [ '7.1.3' ],
1227 silly audit   'path-scurry': [ '2.0.2' ],
1227 silly audit   'safer-buffer': [ '2.1.2' ],
1227 silly audit   'parent-module': [ '1.0.1' ],
1227 silly audit   'resolve-from': [ '4.0.0' ],
1227 silly audit   argparse: [ '2.0.1' ],
1227 silly audit   '@jridgewell/sourcemap-codec': [ '1.5.5' ],
1227 silly audit   'fs-monkey': [ '1.1.0' ],
1227 silly audit   'brace-expansion': [ '1.1.15', '5.0.6' ],
1227 silly audit   'balanced-match': [ '1.0.2', '4.0.4' ],
1227 silly audit   'concat-map': [ '0.0.1' ],
1227 silly audit   lodash: [ '4.18.1' ],
1227 silly audit   bl: [ '4.1.0' ],
1227 silly audit   'cli-cursor': [ '3.1.0' ],
1227 silly audit   'cli-spinners': [ '2.9.2' ],
1227 silly audit   'is-interactive': [ '1.0.0' ],
1227 silly audit   'is-unicode-supported': [ '0.1.0' ],
1227 silly audit   'log-symbols': [ '4.1.0' ],
1227 silly audit   'strip-ansi': [ '6.0.1' ],
1227 silly audit   wcwidth: [ '1.0.1' ],
1227 silly audit   buffer: [ '5.7.1' ],
1227 silly audit   inherits: [ '2.0.4' ],
1227 silly audit   'readable-stream': [ '3.6.2' ],
1227 silly audit   'base64-js': [ '1.5.1' ],
1227 silly audit   ieee754: [ '1.2.1' ],
1227 silly audit   'restore-cursor': [ '3.1.0' ],
1227 silly audit   callsites: [ '3.1.0' ],
1227 silly audit   'error-ex': [ '1.3.4' ],
1227 silly audit   'json-parse-even-better-errors': [ '2.3.1' ],
1227 silly audit   'lines-and-columns': [ '1.2.4' ],
1227 silly audit   'is-arrayish': [ '0.2.1' ],
1227 silly audit   'lru-cache': [ '11.5.1' ],
1227 silly audit   string_decoder: [ '1.3.0' ],
1227 silly audit   'util-deprecate': [ '1.0.2' ],
1227 silly audit   onetime: [ '5.1.2' ],
1227 silly audit   'mimic-fn': [ '2.1.0' ],
1227 silly audit   tslib: [ '2.8.1' ],
1227 silly audit   '@types/json-schema': [ '7.0.15' ],
1227 silly audit   'ajv-keywords': [ '3.5.2', '5.1.0' ],
1227 silly audit   'safe-buffer': [ '5.2.1' ],
1227 silly audit   'emoji-regex': [ '8.0.0' ],
1227 silly audit   'is-fullwidth-code-point': [ '3.0.0' ],
1227 silly audit   'ansi-regex': [ '5.0.1' ],
1227 silly audit   'has-flag': [ '4.0.0' ],
1227 silly audit   json5: [ '2.2.3' ],
1227 silly audit   minimist: [ '1.2.8' ],
1227 silly audit   'strip-bom': [ '3.0.0' ],
1227 silly audit   'enhanced-resolve': [ '5.22.2' ],
1227 silly audit   defaults: [ '1.0.4' ],
1227 silly audit   clone: [ '1.0.4' ],
1227 silly audit   '@types/eslint-scope': [ '3.7.7' ],
1227 silly audit   '@types/estree': [ '1.0.9' ],
1227 silly audit   '@webassemblyjs/ast': [ '1.14.1' ],
1227 silly audit   '@webassemblyjs/wasm-edit': [ '1.14.1' ],
1227 silly audit   '@webassemblyjs/wasm-parser': [ '1.14.1' ],
1227 silly audit   acorn: [ '8.16.0' ],
1227 silly audit   'acorn-import-phases': [ '1.0.4' ],
1227 silly audit   browserslist: [ '4.28.2' ],
1227 silly audit   'chrome-trace-event': [ '1.0.4' ],
1227 silly audit   'es-module-lexer': [ '2.1.0' ],
1227 silly audit   'eslint-scope': [ '5.1.1' ],
1227 silly audit   events: [ '3.3.0' ],
1227 silly audit   'glob-to-regexp': [ '0.4.1' ],
1227 silly audit   'loader-runner': [ '4.3.2' ],
1227 silly audit   'mime-types': [ '2.1.35' ],
1227 silly audit   'neo-async': [ '2.6.2' ],
1227 silly audit   'terser-webpack-plugin': [ '5.6.1' ],
1227 silly audit   watchpack: [ '2.5.1' ],
1227 silly audit   'webpack-sources': [ '3.5.0' ],
1227 silly audit   '@types/eslint': [ '9.6.1' ],
1227 silly audit   '@webassemblyjs/helper-numbers': [ '1.13.2' ],
1227 silly audit   '@webassemblyjs/helper-wasm-bytecode': [ '1.13.2' ],
1227 silly audit   '@webassemblyjs/floating-point-hex-parser': [ '1.13.2' ],
1227 silly audit   '@webassemblyjs/helper-api-error': [ '1.13.2' ],
1227 silly audit   '@xtuc/long': [ '4.2.2' ],
1227 silly audit   '@webassemblyjs/helper-buffer': [ '1.14.1' ],
1227 silly audit   '@webassemblyjs/helper-wasm-section': [ '1.14.1' ],
1227 silly audit   '@webassemblyjs/wasm-gen': [ '1.14.1' ],
1227 silly audit   '@webassemblyjs/wasm-opt': [ '1.14.1' ],
1227 silly audit   '@webassemblyjs/wast-printer': [ '1.14.1' ],
1227 silly audit   '@webassemblyjs/ieee754': [ '1.13.2' ],
1227 silly audit   '@webassemblyjs/leb128': [ '1.13.2' ],
1227 silly audit   '@webassemblyjs/utf8': [ '1.13.2' ],
1227 silly audit   '@xtuc/ieee754': [ '1.2.0' ],
1227 silly audit   'baseline-browser-mapping': [ '2.10.33' ],
1227 silly audit   'caniuse-lite': [ '1.0.30001793' ],
1227 silly audit   'electron-to-chromium': [ '1.5.368' ],
1227 silly audit   'node-releases': [ '2.0.47' ],
1227 silly audit   'update-browserslist-db': [ '1.2.3' ],
1227 silly audit   esrecurse: [ '4.3.0' ],
1227 silly audit   estraverse: [ '4.3.0', '5.3.0' ],
1227 silly audit   'mime-db': [ '1.52.0' ],
1227 silly audit   '@jridgewell/trace-mapping': [ '0.3.31' ],
1227 silly audit   'jest-worker': [ '27.5.1' ],
1227 silly audit   terser: [ '5.48.0' ],
1227 silly audit   '@jridgewell/resolve-uri': [ '3.1.2' ],
1227 silly audit   '@types/node': [ '25.9.1' ],
1227 silly audit   'merge-stream': [ '2.0.0' ],
1227 silly audit   'undici-types': [ '7.24.6' ],
1227 silly audit   '@jridgewell/source-map': [ '0.3.11' ],
1227 silly audit   'source-map-support': [ '0.5.21' ],
1227 silly audit   '@jridgewell/gen-mapping': [ '0.3.13' ],
1227 silly audit   'buffer-from': [ '1.1.2' ],
1227 silly audit   escalade: [ '3.2.0' ],
1227 silly audit   'fast-json-stable-stringify': [ '2.1.0' ],
1227 silly audit   'uri-js': [ '4.4.1' ],
1227 silly audit   punycode: [ '2.3.1' ]
1227 silly audit }
1228 http cache ajv-keywords@https://registry.npmjs.org/ajv-keywords/-/ajv-keywords-5.1.0.tgz 0ms (cache hit)
1229 http cache punycode@https://registry.npmjs.org/punycode/-/punycode-2.3.1.tgz 0ms (cache hit)
1230 http cache fast-json-stable-stringify@https://registry.npmjs.org/fast-json-stable-stringify/-/fast-json-stable-stringify-2.1.0.tgz 0ms (cache hit)
1231 http cache escalade@https://registry.npmjs.org/escalade/-/escalade-3.2.0.tgz 0ms (cache hit)
1232 http cache buffer-from@https://registry.npmjs.org/buffer-from/-/buffer-from-1.1.2.tgz 0ms (cache hit)
1233 http cache @jridgewell/gen-mapping@https://registry.npmjs.org/@jridgewell/gen-mapping/-/gen-mapping-0.3.13.tgz 0ms (cache hit)
1234 http cache source-map-support@https://registry.npmjs.org/source-map-support/-/source-map-support-0.5.21.tgz 0ms (cache hit)
1235 http cache undici-types@https://registry.npmjs.org/undici-types/-/undici-types-7.24.6.tgz 0ms (cache hit)
1236 http cache @jridgewell/source-map@https://registry.npmjs.org/@jridgewell/source-map/-/source-map-0.3.11.tgz 0ms (cache hit)
1237 http cache merge-stream@https://registry.npmjs.org/merge-stream/-/merge-stream-2.0.0.tgz 0ms (cache hit)
1238 http cache uri-js@https://registry.npmjs.org/uri-js/-/uri-js-4.4.1.tgz 0ms (cache hit)
1239 http cache @types/node@https://registry.npmjs.org/@types/node/-/node-25.9.1.tgz 0ms (cache hit)
1240 http cache jest-worker@https://registry.npmjs.org/jest-worker/-/jest-worker-27.5.1.tgz 0ms (cache hit)
1241 http cache @jridgewell/resolve-uri@https://registry.npmjs.org/@jridgewell/resolve-uri/-/resolve-uri-3.1.2.tgz 0ms (cache hit)
1242 http cache estraverse@https://registry.npmjs.org/estraverse/-/estraverse-4.3.0.tgz 0ms (cache hit)
1243 http cache mime-db@https://registry.npmjs.org/mime-db/-/mime-db-1.52.0.tgz 0ms (cache hit)
1244 http cache terser@https://registry.npmjs.org/terser/-/terser-5.48.0.tgz 0ms (cache hit)
1245 http cache esrecurse@https://registry.npmjs.org/esrecurse/-/esrecurse-4.3.0.tgz 0ms (cache hit)
1246 http cache caniuse-lite@https://registry.npmjs.org/caniuse-lite/-/caniuse-lite-1.0.30001793.tgz 0ms (cache hit)
1247 http cache update-browserslist-db@https://registry.npmjs.org/update-browserslist-db/-/update-browserslist-db-1.2.3.tgz 0ms (cache hit)
1248 http cache baseline-browser-mapping@https://registry.npmjs.org/baseline-browser-mapping/-/baseline-browser-mapping-2.10.33.tgz 0ms (cache hit)
1249 http cache node-releases@https://registry.npmjs.org/node-releases/-/node-releases-2.0.47.tgz 0ms (cache hit)
1250 http cache @xtuc/ieee754@https://registry.npmjs.org/@xtuc/ieee754/-/ieee754-1.2.0.tgz 0ms (cache hit)
1251 http cache @webassemblyjs/leb128@https://registry.npmjs.org/@webassemblyjs/leb128/-/leb128-1.13.2.tgz 0ms (cache hit)
1252 http cache @webassemblyjs/utf8@https://registry.npmjs.org/@webassemblyjs/utf8/-/utf8-1.13.2.tgz 0ms (cache hit)
1253 http cache @webassemblyjs/wast-printer@https://registry.npmjs.org/@webassemblyjs/wast-printer/-/wast-printer-1.14.1.tgz 0ms (cache hit)
1254 http cache @jridgewell/trace-mapping@https://registry.npmjs.org/@jridgewell/trace-mapping/-/trace-mapping-0.3.31.tgz 0ms (cache hit)
1255 http cache @webassemblyjs/ieee754@https://registry.npmjs.org/@webassemblyjs/ieee754/-/ieee754-1.13.2.tgz 0ms (cache hit)
1256 http cache @webassemblyjs/wasm-opt@https://registry.npmjs.org/@webassemblyjs/wasm-opt/-/wasm-opt-1.14.1.tgz 0ms (cache hit)
1257 http cache @webassemblyjs/helper-buffer@https://registry.npmjs.org/@webassemblyjs/helper-buffer/-/helper-buffer-1.14.1.tgz 0ms (cache hit)
1258 http cache @webassemblyjs/wasm-gen@https://registry.npmjs.org/@webassemblyjs/wasm-gen/-/wasm-gen-1.14.1.tgz 0ms (cache hit)
1259 http cache @webassemblyjs/helper-api-error@https://registry.npmjs.org/@webassemblyjs/helper-api-error/-/helper-api-error-1.13.2.tgz 0ms (cache hit)
1260 http cache @webassemblyjs/helper-wasm-section@https://registry.npmjs.org/@webassemblyjs/helper-wasm-section/-/helper-wasm-section-1.14.1.tgz 0ms (cache hit)
1261 http cache @webassemblyjs/floating-point-hex-parser@https://registry.npmjs.org/@webassemblyjs/floating-point-hex-parser/-/floating-point-hex-parser-1.13.2.tgz 0ms (cache hit)
1262 http cache @types/eslint@https://registry.npmjs.org/@types/eslint/-/eslint-9.6.1.tgz 0ms (cache hit)
1263 http cache webpack-sources@https://registry.npmjs.org/webpack-sources/-/webpack-sources-3.5.0.tgz 0ms (cache hit)
1264 http cache @webassemblyjs/helper-wasm-bytecode@https://registry.npmjs.org/@webassemblyjs/helper-wasm-bytecode/-/helper-wasm-bytecode-1.13.2.tgz 0ms (cache hit)
1265 http cache watchpack@https://registry.npmjs.org/watchpack/-/watchpack-2.5.1.tgz 0ms (cache hit)
1266 http cache @webassemblyjs/helper-numbers@https://registry.npmjs.org/@webassemblyjs/helper-numbers/-/helper-numbers-1.13.2.tgz 0ms (cache hit)
1267 http cache mime-types@https://registry.npmjs.org/mime-types/-/mime-types-2.1.35.tgz 0ms (cache hit)
1268 http cache neo-async@https://registry.npmjs.org/neo-async/-/neo-async-2.6.2.tgz 0ms (cache hit)
1269 http cache glob-to-regexp@https://registry.npmjs.org/glob-to-regexp/-/glob-to-regexp-0.4.1.tgz 0ms (cache hit)
1270 http cache loader-runner@https://registry.npmjs.org/loader-runner/-/loader-runner-4.3.2.tgz 0ms (cache hit)
1271 http cache @xtuc/long@https://registry.npmjs.org/@xtuc/long/-/long-4.2.2.tgz 0ms (cache hit)
1272 http cache es-module-lexer@https://registry.npmjs.org/es-module-lexer/-/es-module-lexer-2.1.0.tgz 0ms (cache hit)
1273 http cache chrome-trace-event@https://registry.npmjs.org/chrome-trace-event/-/chrome-trace-event-1.0.4.tgz 0ms (cache hit)
1274 http cache electron-to-chromium@https://registry.npmjs.org/electron-to-chromium/-/electron-to-chromium-1.5.368.tgz 0ms (cache hit)
1275 http cache acorn-import-phases@https://registry.npmjs.org/acorn-import-phases/-/acorn-import-phases-1.0.4.tgz 0ms (cache hit)
1276 http cache terser-webpack-plugin@https://registry.npmjs.org/terser-webpack-plugin/-/terser-webpack-plugin-5.6.1.tgz 0ms (cache hit)
1277 http cache events@https://registry.npmjs.org/events/-/events-3.3.0.tgz 0ms (cache hit)
1278 http cache eslint-scope@https://registry.npmjs.org/eslint-scope/-/eslint-scope-5.1.1.tgz 0ms (cache hit)
1279 http cache @webassemblyjs/wasm-parser@https://registry.npmjs.org/@webassemblyjs/wasm-parser/-/wasm-parser-1.14.1.tgz 0ms (cache hit)
1280 http cache acorn@https://registry.npmjs.org/acorn/-/acorn-8.16.0.tgz 0ms (cache hit)
1281 http cache @types/eslint-scope@https://registry.npmjs.org/@types/eslint-scope/-/eslint-scope-3.7.7.tgz 0ms (cache hit)
1282 http cache @webassemblyjs/wasm-edit@https://registry.npmjs.org/@webassemblyjs/wasm-edit/-/wasm-edit-1.14.1.tgz 0ms (cache hit)
1283 http cache @types/estree@https://registry.npmjs.org/@types/estree/-/estree-1.0.9.tgz 0ms (cache hit)
1284 http cache defaults@https://registry.npmjs.org/defaults/-/defaults-1.0.4.tgz 0ms (cache hit)
1285 http cache clone@https://registry.npmjs.org/clone/-/clone-1.0.4.tgz 0ms (cache hit)
1286 http cache json5@https://registry.npmjs.org/json5/-/json5-2.2.3.tgz 0ms (cache hit)
1287 http cache minimist@https://registry.npmjs.org/minimist/-/minimist-1.2.8.tgz 0ms (cache hit)
1288 http cache ansi-regex@https://registry.npmjs.org/ansi-regex/-/ansi-regex-5.0.1.tgz 0ms (cache hit)
1289 http cache has-flag@https://registry.npmjs.org/has-flag/-/has-flag-4.0.0.tgz 0ms (cache hit)
1290 http cache strip-bom@https://registry.npmjs.org/strip-bom/-/strip-bom-3.0.0.tgz 0ms (cache hit)
1291 http cache browserslist@https://registry.npmjs.org/browserslist/-/browserslist-4.28.2.tgz 0ms (cache hit)
1292 http cache enhanced-resolve@https://registry.npmjs.org/enhanced-resolve/-/enhanced-resolve-5.22.2.tgz 0ms (cache hit)
1293 http cache is-fullwidth-code-point@https://registry.npmjs.org/is-fullwidth-code-point/-/is-fullwidth-code-point-3.0.0.tgz 0ms (cache hit)
1294 http cache @webassemblyjs/ast@https://registry.npmjs.org/@webassemblyjs/ast/-/ast-1.14.1.tgz 0ms (cache hit)
1295 http cache mimic-fn@https://registry.npmjs.org/mimic-fn/-/mimic-fn-2.1.0.tgz 0ms (cache hit)
1296 http cache string_decoder@https://registry.npmjs.org/string_decoder/-/string_decoder-1.3.0.tgz 0ms (cache hit)
1297 http cache tslib@https://registry.npmjs.org/tslib/-/tslib-2.8.1.tgz 0ms (cache hit)
1298 http cache onetime@https://registry.npmjs.org/onetime/-/onetime-5.1.2.tgz 0ms (cache hit)
1299 http cache lru-cache@https://registry.npmjs.org/lru-cache/-/lru-cache-11.5.1.tgz 0ms (cache hit)
1300 http cache is-arrayish@https://registry.npmjs.org/is-arrayish/-/is-arrayish-0.2.1.tgz 0ms (cache hit)
1301 http cache util-deprecate@https://registry.npmjs.org/util-deprecate/-/util-deprecate-1.0.2.tgz 0ms (cache hit)
1302 http cache lines-and-columns@https://registry.npmjs.org/lines-and-columns/-/lines-and-columns-1.2.4.tgz 0ms (cache hit)
1303 http cache error-ex@https://registry.npmjs.org/error-ex/-/error-ex-1.3.4.tgz 0ms (cache hit)
1304 http cache json-parse-even-better-errors@https://registry.npmjs.org/json-parse-even-better-errors/-/json-parse-even-better-errors-2.3.1.tgz 0ms (cache hit)
1305 http cache callsites@https://registry.npmjs.org/callsites/-/callsites-3.1.0.tgz 0ms (cache hit)
1306 http cache ieee754@https://registry.npmjs.org/ieee754/-/ieee754-1.2.1.tgz 0ms (cache hit)
1307 http cache safe-buffer@https://registry.npmjs.org/safe-buffer/-/safe-buffer-5.2.1.tgz 0ms (cache hit)
1308 http cache restore-cursor@https://registry.npmjs.org/restore-cursor/-/restore-cursor-3.1.0.tgz 0ms (cache hit)
1309 http cache @types/json-schema@https://registry.npmjs.org/@types/json-schema/-/json-schema-7.0.15.tgz 0ms (cache hit)
1310 http cache readable-stream@https://registry.npmjs.org/readable-stream/-/readable-stream-3.6.2.tgz 0ms (cache hit)
1311 http cache inherits@https://registry.npmjs.org/inherits/-/inherits-2.0.4.tgz 0ms (cache hit)
1312 http cache emoji-regex@https://registry.npmjs.org/emoji-regex/-/emoji-regex-8.0.0.tgz 0ms (cache hit)
1313 http cache base64-js@https://registry.npmjs.org/base64-js/-/base64-js-1.5.1.tgz 0ms (cache hit)
1314 http cache is-unicode-supported@https://registry.npmjs.org/is-unicode-supported/-/is-unicode-supported-0.1.0.tgz 0ms (cache hit)
1315 http cache wcwidth@https://registry.npmjs.org/wcwidth/-/wcwidth-1.0.1.tgz 0ms (cache hit)
1316 http cache is-interactive@https://registry.npmjs.org/is-interactive/-/is-interactive-1.0.0.tgz 0ms (cache hit)
1317 http cache cli-spinners@https://registry.npmjs.org/cli-spinners/-/cli-spinners-2.9.2.tgz 0ms (cache hit)
1318 http cache log-symbols@https://registry.npmjs.org/log-symbols/-/log-symbols-4.1.0.tgz 0ms (cache hit)
1319 http cache bl@https://registry.npmjs.org/bl/-/bl-4.1.0.tgz 0ms (cache hit)
1320 http cache lodash@https://registry.npmjs.org/lodash/-/lodash-4.18.1.tgz 0ms (cache hit)
1321 http cache strip-ansi@https://registry.npmjs.org/strip-ansi/-/strip-ansi-6.0.1.tgz 0ms (cache hit)
1322 http cache buffer@https://registry.npmjs.org/buffer/-/buffer-5.7.1.tgz 0ms (cache hit)
1323 http cache brace-expansion@https://registry.npmjs.org/brace-expansion/-/brace-expansion-1.1.15.tgz 0ms (cache hit)
1324 http cache cli-cursor@https://registry.npmjs.org/cli-cursor/-/cli-cursor-3.1.0.tgz 0ms (cache hit)
1325 http cache concat-map@https://registry.npmjs.org/concat-map/-/concat-map-0.0.1.tgz 0ms (cache hit)
1326 http cache balanced-match@https://registry.npmjs.org/balanced-match/-/balanced-match-1.0.2.tgz 0ms (cache hit)
1327 http cache argparse@https://registry.npmjs.org/argparse/-/argparse-2.0.1.tgz 0ms (cache hit)
1328 http cache resolve-from@https://registry.npmjs.org/resolve-from/-/resolve-from-4.0.0.tgz 0ms (cache hit)
1329 http cache safer-buffer@https://registry.npmjs.org/safer-buffer/-/safer-buffer-2.1.2.tgz 0ms (cache hit)
1330 http cache path-scurry@https://registry.npmjs.org/path-scurry/-/path-scurry-2.0.2.tgz 0ms (cache hit)
1331 http cache minipass@https://registry.npmjs.org/minipass/-/minipass-7.1.3.tgz 0ms (cache hit)
1332 http cache parent-module@https://registry.npmjs.org/parent-module/-/parent-module-1.0.1.tgz 0ms (cache hit)
1333 http cache graceful-fs@https://registry.npmjs.org/graceful-fs/-/graceful-fs-4.2.11.tgz 0ms (cache hit)
1334 http cache jsonfile@https://registry.npmjs.org/jsonfile/-/jsonfile-6.2.1.tgz 0ms (cache hit)
1335 http cache @jridgewell/sourcemap-codec@https://registry.npmjs.org/@jridgewell/sourcemap-codec/-/sourcemap-codec-1.5.5.tgz 0ms (cache hit)
1336 http cache universalify@https://registry.npmjs.org/universalify/-/universalify-2.0.1.tgz 0ms (cache hit)
1337 http cache path-type@https://registry.npmjs.org/path-type/-/path-type-4.0.0.tgz 0ms (cache hit)
1338 http cache js-yaml@https://registry.npmjs.org/js-yaml/-/js-yaml-4.2.0.tgz 0ms (cache hit)
1339 http cache parse-json@https://registry.npmjs.org/parse-json/-/parse-json-5.2.0.tgz 0ms (cache hit)
1340 http cache color-name@https://registry.npmjs.org/color-name/-/color-name-1.1.4.tgz 0ms (cache hit)
1341 http cache fs-monkey@https://registry.npmjs.org/fs-monkey/-/fs-monkey-1.1.0.tgz 0ms (cache hit)
1342 http cache color-convert@https://registry.npmjs.org/color-convert/-/color-convert-2.0.1.tgz 0ms (cache hit)
1343 http cache import-fresh@https://registry.npmjs.org/import-fresh/-/import-fresh-3.3.1.tgz 0ms (cache hit)
1344 http cache ansi-styles@https://registry.npmjs.org/ansi-styles/-/ansi-styles-4.3.0.tgz 0ms (cache hit)
1345 http cache picocolors@https://registry.npmjs.org/picocolors/-/picocolors-1.1.1.tgz 0ms (cache hit)
1346 http cache tapable@https://registry.npmjs.org/tapable/-/tapable-2.3.3.tgz 0ms (cache hit)
1347 http cache semver@https://registry.npmjs.org/semver/-/semver-7.8.2.tgz 0ms (cache hit)
1348 http cache @babel/helper-validator-identifier@https://registry.npmjs.org/@babel/helper-validator-identifier/-/helper-validator-identifier-7.29.7.tgz 0ms (cache hit)
1349 http cache js-tokens@https://registry.npmjs.org/js-tokens/-/js-tokens-4.0.0.tgz 0ms (cache hit)
1350 http cache node-abort-controller@https://registry.npmjs.org/node-abort-controller/-/node-abort-controller-3.1.1.tgz 0ms (cache hit)
1351 http cache schema-utils@https://registry.npmjs.org/schema-utils/-/schema-utils-3.3.0.tgz 0ms (cache hit)
1352 http cache fs-extra@https://registry.npmjs.org/fs-extra/-/fs-extra-10.1.0.tgz 0ms (cache hit)
1353 http cache deepmerge@https://registry.npmjs.org/deepmerge/-/deepmerge-4.3.1.tgz 0ms (cache hit)
1354 http cache memfs@https://registry.npmjs.org/memfs/-/memfs-3.5.3.tgz 0ms (cache hit)
1355 http cache cosmiconfig@https://registry.npmjs.org/cosmiconfig/-/cosmiconfig-8.3.6.tgz 0ms (cache hit)
1356 http cache minimatch@https://registry.npmjs.org/minimatch/-/minimatch-3.1.5.tgz 0ms (cache hit)
1357 http cache chalk@https://registry.npmjs.org/chalk/-/chalk-4.1.2.tgz 0ms (cache hit)
1358 http cache supports-color@https://registry.npmjs.org/supports-color/-/supports-color-7.2.0.tgz 0ms (cache hit)
1359 http cache array-timsort@https://registry.npmjs.org/array-timsort/-/array-timsort-1.0.3.tgz 0ms (cache hit)
1360 http cache @colors/colors@https://registry.npmjs.org/@colors/colors/-/colors-1.5.0.tgz 0ms (cache hit)
1361 http cache string-width@https://registry.npmjs.org/string-width/-/string-width-4.2.3.tgz 0ms (cache hit)
1362 http cache @babel/code-frame@https://registry.npmjs.org/@babel/code-frame/-/code-frame-7.29.7.tgz 0ms (cache hit)
1363 http cache require-from-string@https://registry.npmjs.org/require-from-string/-/require-from-string-2.0.2.tgz 0ms (cache hit)
1364 http cache esprima@https://registry.npmjs.org/esprima/-/esprima-4.0.1.tgz 0ms (cache hit)
1365 http cache comment-json@https://registry.npmjs.org/comment-json/-/comment-json-5.0.0.tgz 0ms (cache hit)
1366 http cache pluralize@https://registry.npmjs.org/pluralize/-/pluralize-8.0.0.tgz 0ms (cache hit)
1367 http cache json-schema-traverse@https://registry.npmjs.org/json-schema-traverse/-/json-schema-traverse-1.0.0.tgz 0ms (cache hit)
1368 http cache iconv-lite@https://registry.npmjs.org/iconv-lite/-/iconv-lite-0.7.2.tgz 0ms (cache hit)
1369 http cache chardet@https://registry.npmjs.org/chardet/-/chardet-2.1.1.tgz 0ms (cache hit)
1370 http cache fast-deep-equal@https://registry.npmjs.org/fast-deep-equal/-/fast-deep-equal-3.1.3.tgz 0ms (cache hit)
1371 http cache fast-uri@https://registry.npmjs.org/fast-uri/-/fast-uri-3.1.2.tgz 0ms (cache hit)
1372 http cache wrap-ansi@https://registry.npmjs.org/wrap-ansi/-/wrap-ansi-6.2.0.tgz 0ms (cache hit)
1373 http cache cli-width@https://registry.npmjs.org/cli-width/-/cli-width-4.1.0.tgz 0ms (cache hit)
1374 http cache signal-exit@https://registry.npmjs.org/signal-exit/-/signal-exit-4.1.0.tgz 0ms (cache hit)
1375 http cache mute-stream@https://registry.npmjs.org/mute-stream/-/mute-stream-2.0.0.tgz 0ms (cache hit)
1376 http cache yoctocolors-cjs@https://registry.npmjs.org/yoctocolors-cjs/-/yoctocolors-cjs-2.1.3.tgz 0ms (cache hit)
1377 http cache @inquirer/external-editor@https://registry.npmjs.org/@inquirer/external-editor/-/external-editor-1.0.3.tgz 0ms (cache hit)
1378 http cache @inquirer/figures@https://registry.npmjs.org/@inquirer/figures/-/figures-1.0.15.tgz 0ms (cache hit)
1379 http cache @inquirer/core@https://registry.npmjs.org/@inquirer/core/-/core-10.3.2.tgz 0ms (cache hit)
1380 http cache @inquirer/search@https://registry.npmjs.org/@inquirer/search/-/search-3.2.2.tgz 0ms (cache hit)
1381 http cache @inquirer/ansi@https://registry.npmjs.org/@inquirer/ansi/-/ansi-1.0.2.tgz 0ms (cache hit)
1382 http cache @inquirer/type@https://registry.npmjs.org/@inquirer/type/-/type-3.0.10.tgz 0ms (cache hit)
1383 http cache @inquirer/password@https://registry.npmjs.org/@inquirer/password/-/password-4.0.23.tgz 0ms (cache hit)
1384 http cache @inquirer/select@https://registry.npmjs.org/@inquirer/select/-/select-4.4.2.tgz 0ms (cache hit)
1385 http cache @inquirer/number@https://registry.npmjs.org/@inquirer/number/-/number-3.0.23.tgz 0ms (cache hit)
1386 http cache readdirp@https://registry.npmjs.org/readdirp/-/readdirp-4.1.2.tgz 0ms (cache hit)
1387 http cache @inquirer/input@https://registry.npmjs.org/@inquirer/input/-/input-4.3.1.tgz 0ms (cache hit)
1388 http cache @inquirer/expand@https://registry.npmjs.org/@inquirer/expand/-/expand-4.0.23.tgz 0ms (cache hit)
1389 http cache @inquirer/rawlist@https://registry.npmjs.org/@inquirer/rawlist/-/rawlist-4.1.11.tgz 0ms (cache hit)
1390 http cache symbol-observable@https://registry.npmjs.org/symbol-observable/-/symbol-observable-4.0.0.tgz 0ms (cache hit)
1391 http cache yargs-parser@https://registry.npmjs.org/yargs-parser/-/yargs-parser-21.1.1.tgz 0ms (cache hit)
1392 http cache @inquirer/checkbox@https://registry.npmjs.org/@inquirer/checkbox/-/checkbox-4.3.2.tgz 0ms (cache hit)
1393 http cache @inquirer/confirm@https://registry.npmjs.org/@inquirer/confirm/-/confirm-5.1.21.tgz 0ms (cache hit)
1394 http cache magic-string@https://registry.npmjs.org/magic-string/-/magic-string-0.30.17.tgz 0ms (cache hit)
1395 http cache ansi-colors@https://registry.npmjs.org/ansi-colors/-/ansi-colors-4.1.3.tgz 0ms (cache hit)
1396 http cache picomatch@https://registry.npmjs.org/picomatch/-/picomatch-4.0.4.tgz 0ms (cache hit)
1397 http cache jsonc-parser@https://registry.npmjs.org/jsonc-parser/-/jsonc-parser-3.3.1.tgz 0ms (cache hit)
1398 http cache ajv@https://registry.npmjs.org/ajv/-/ajv-8.18.0.tgz 0ms (cache hit)
1399 http cache ajv-formats@https://registry.npmjs.org/ajv-formats/-/ajv-formats-3.0.1.tgz 0ms (cache hit)
1400 http cache source-map@https://registry.npmjs.org/source-map/-/source-map-0.7.4.tgz 0ms (cache hit)
1401 http cache rxjs@https://registry.npmjs.org/rxjs/-/rxjs-7.8.1.tgz 0ms (cache hit)
1402 http cache tsconfig-paths-webpack-plugin@https://registry.npmjs.org/tsconfig-paths-webpack-plugin/-/tsconfig-paths-webpack-plugin-4.2.0.tgz 0ms (cache hit)
1403 http cache @inquirer/editor@https://registry.npmjs.org/@inquirer/editor/-/editor-4.2.23.tgz 0ms (cache hit)
1404 http cache webpack-node-externals@https://registry.npmjs.org/webpack-node-externals/-/webpack-node-externals-3.0.0.tgz 0ms (cache hit)
1405 http cache ora@https://registry.npmjs.org/ora/-/ora-5.4.1.tgz 0ms (cache hit)
1406 http cache glob@https://registry.npmjs.org/glob/-/glob-13.0.6.tgz 0ms (cache hit)
1407 http cache fork-ts-checker-webpack-plugin@https://registry.npmjs.org/fork-ts-checker-webpack-plugin/-/fork-ts-checker-webpack-plugin-9.1.0.tgz 0ms (cache hit)
1408 http cache tsconfig-paths@https://registry.npmjs.org/tsconfig-paths/-/tsconfig-paths-4.2.0.tgz 0ms (cache hit)
1409 http cache webpack@https://registry.npmjs.org/webpack/-/webpack-5.106.0.tgz 0ms (cache hit)
1410 http cache cli-table3@https://registry.npmjs.org/cli-table3/-/cli-table3-0.6.5.tgz 0ms (cache hit)
1411 http cache chokidar@https://registry.npmjs.org/chokidar/-/chokidar-4.0.3.tgz 0ms (cache hit)
1412 http cache commander@https://registry.npmjs.org/commander/-/commander-4.1.1.tgz 0ms (cache hit)
1413 http cache typescript@https://registry.npmjs.org/typescript/-/typescript-5.9.3.tgz 0ms (cache hit)
1414 http cache ansis@https://registry.npmjs.org/ansis/-/ansis-4.2.0.tgz 0ms (cache hit)
1415 http cache node-emoji@https://registry.npmjs.org/node-emoji/-/node-emoji-1.11.0.tgz 0ms (cache hit)
1416 http cache @angular-devkit/schematics@https://registry.npmjs.org/@angular-devkit/schematics/-/schematics-19.2.24.tgz 0ms (cache hit)
1417 http cache @angular-devkit/schematics-cli@https://registry.npmjs.org/@angular-devkit/schematics-cli/-/schematics-cli-19.2.24.tgz 0ms (cache hit)
1418 http cache @nestjs/cli@https://registry.npmjs.org/@nestjs/cli/-/cli-11.0.21.tgz 0ms (cache hit)
1419 http cache @inquirer/prompts@https://registry.npmjs.org/@inquirer/prompts/-/prompts-7.10.1.tgz 0ms (cache hit)
1420 http cache source-map@https://registry.npmjs.org/source-map/-/source-map-0.6.1.tgz 0ms (cache hit)
1421 http cache @angular-devkit/core@https://registry.npmjs.org/@angular-devkit/core/-/core-19.2.24.tgz 0ms (cache hit)
1422 http cache commander@https://registry.npmjs.org/commander/-/commander-2.20.3.tgz 0ms (cache hit)
1423 http cache supports-color@https://registry.npmjs.org/supports-color/-/supports-color-8.1.1.tgz 0ms (cache hit)
1424 http cache ajv-formats@https://registry.npmjs.org/ajv-formats/-/ajv-formats-2.1.1.tgz 0ms (cache hit)
1425 http cache signal-exit@https://registry.npmjs.org/signal-exit/-/signal-exit-3.0.7.tgz 0ms (cache hit)
1426 http cache ajv-keywords@https://registry.npmjs.org/ajv-keywords/-/ajv-keywords-3.5.2.tgz 0ms (cache hit)
1427 http cache json-schema-traverse@https://registry.npmjs.org/json-schema-traverse/-/json-schema-traverse-0.4.1.tgz 0ms (cache hit)
1428 http cache schema-utils@https://registry.npmjs.org/schema-utils/-/schema-utils-4.3.3.tgz 0ms (cache hit)
1429 http cache @nestjs/schematics@https://registry.npmjs.org/@nestjs/schematics/-/schematics-11.1.0.tgz 0ms (cache hit)
1430 http cache ajv@https://registry.npmjs.org/ajv/-/ajv-6.15.0.tgz 0ms (cache hit)
1431 http cache estraverse@https://registry.npmjs.org/estraverse/-/estraverse-5.3.0.tgz 0ms (cache hit)
1432 http cache balanced-match@https://registry.npmjs.org/balanced-match/-/balanced-match-4.0.4.tgz 0ms (cache hit)
1433 http cache minimatch@https://registry.npmjs.org/minimatch/-/minimatch-10.2.5.tgz 0ms (cache hit)
1434 http cache schema-utils@https://registry.npmjs.org/schema-utils/-/schema-utils-4.3.3.tgz 0ms (cache hit)
1435 silly tarball no local data for ajv-keywords@https://registry.npmjs.org/ajv-keywords/-/ajv-keywords-5.1.0.tgz. Extracting by manifest.
1436 silly tarball no local data for punycode@https://registry.npmjs.org/punycode/-/punycode-2.3.1.tgz. Extracting by manifest.
1437 silly tarball no local data for fast-json-stable-stringify@https://registry.npmjs.org/fast-json-stable-stringify/-/fast-json-stable-stringify-2.1.0.tgz. Extracting by manifest.
1438 silly tarball no local data for escalade@https://registry.npmjs.org/escalade/-/escalade-3.2.0.tgz. Extracting by manifest.
1439 silly tarball no local data for buffer-from@https://registry.npmjs.org/buffer-from/-/buffer-from-1.1.2.tgz. Extracting by manifest.
1440 silly tarball no local data for @jridgewell/gen-mapping@https://registry.npmjs.org/@jridgewell/gen-mapping/-/gen-mapping-0.3.13.tgz. Extracting by manifest.
1441 silly tarball no local data for source-map-support@https://registry.npmjs.org/source-map-support/-/source-map-support-0.5.21.tgz. Extracting by manifest.
1442 silly tarball no local data for undici-types@https://registry.npmjs.org/undici-types/-/undici-types-7.24.6.tgz. Extracting by manifest.
1443 silly tarball no local data for @jridgewell/source-map@https://registry.npmjs.org/@jridgewell/source-map/-/source-map-0.3.11.tgz. Extracting by manifest.
1444 http cache brace-expansion@https://registry.npmjs.org/brace-expansion/-/brace-expansion-5.0.6.tgz 0ms (cache hit)
1445 silly tarball no local data for merge-stream@https://registry.npmjs.org/merge-stream/-/merge-stream-2.0.0.tgz. Extracting by manifest.
1446 silly tarball no local data for uri-js@https://registry.npmjs.org/uri-js/-/uri-js-4.4.1.tgz. Extracting by manifest.
1447 silly tarball no local data for @types/node@https://registry.npmjs.org/@types/node/-/node-25.9.1.tgz. Extracting by manifest.
1448 silly tarball no local data for jest-worker@https://registry.npmjs.org/jest-worker/-/jest-worker-27.5.1.tgz. Extracting by manifest.
1449 silly tarball no local data for @jridgewell/resolve-uri@https://registry.npmjs.org/@jridgewell/resolve-uri/-/resolve-uri-3.1.2.tgz. Extracting by manifest.
1450 silly tarball no local data for estraverse@https://registry.npmjs.org/estraverse/-/estraverse-4.3.0.tgz. Extracting by manifest.
1451 silly tarball no local data for mime-db@https://registry.npmjs.org/mime-db/-/mime-db-1.52.0.tgz. Extracting by manifest.
1452 http cache ajv-formats@https://registry.npmjs.org/ajv-formats/-/ajv-formats-2.1.1.tgz 0ms (cache hit)
1453 silly tarball no local data for terser@https://registry.npmjs.org/terser/-/terser-5.48.0.tgz. Extracting by manifest.
1454 silly tarball no local data for esrecurse@https://registry.npmjs.org/esrecurse/-/esrecurse-4.3.0.tgz. Extracting by manifest.
1455 silly tarball no local data for caniuse-lite@https://registry.npmjs.org/caniuse-lite/-/caniuse-lite-1.0.30001793.tgz. Extracting by manifest.
1456 silly tarball no local data for update-browserslist-db@https://registry.npmjs.org/update-browserslist-db/-/update-browserslist-db-1.2.3.tgz. Extracting by manifest.
1457 silly tarball no local data for baseline-browser-mapping@https://registry.npmjs.org/baseline-browser-mapping/-/baseline-browser-mapping-2.10.33.tgz. Extracting by manifest.
1458 silly tarball no local data for node-releases@https://registry.npmjs.org/node-releases/-/node-releases-2.0.47.tgz. Extracting by manifest.
1459 silly tarball no local data for @xtuc/ieee754@https://registry.npmjs.org/@xtuc/ieee754/-/ieee754-1.2.0.tgz. Extracting by manifest.
1460 silly tarball no local data for @webassemblyjs/leb128@https://registry.npmjs.org/@webassemblyjs/leb128/-/leb128-1.13.2.tgz. Extracting by manifest.
1461 silly tarball no local data for @webassemblyjs/utf8@https://registry.npmjs.org/@webassemblyjs/utf8/-/utf8-1.13.2.tgz. Extracting by manifest.
1462 silly tarball no local data for @webassemblyjs/wast-printer@https://registry.npmjs.org/@webassemblyjs/wast-printer/-/wast-printer-1.14.1.tgz. Extracting by manifest.
1463 http cache @inquirer/prompts@https://registry.npmjs.org/@inquirer/prompts/-/prompts-7.3.2.tgz 0ms (cache hit)
1464 silly tarball no local data for @jridgewell/trace-mapping@https://registry.npmjs.org/@jridgewell/trace-mapping/-/trace-mapping-0.3.31.tgz. Extracting by manifest.
1465 silly tarball no local data for @webassemblyjs/ieee754@https://registry.npmjs.org/@webassemblyjs/ieee754/-/ieee754-1.13.2.tgz. Extracting by manifest.
1466 silly tarball no local data for @webassemblyjs/wasm-opt@https://registry.npmjs.org/@webassemblyjs/wasm-opt/-/wasm-opt-1.14.1.tgz. Extracting by manifest.
1467 silly tarball no local data for @webassemblyjs/helper-buffer@https://registry.npmjs.org/@webassemblyjs/helper-buffer/-/helper-buffer-1.14.1.tgz. Extracting by manifest.
1468 silly tarball no local data for @webassemblyjs/wasm-gen@https://registry.npmjs.org/@webassemblyjs/wasm-gen/-/wasm-gen-1.14.1.tgz. Extracting by manifest.
1469 silly tarball no local data for @webassemblyjs/helper-api-error@https://registry.npmjs.org/@webassemblyjs/helper-api-error/-/helper-api-error-1.13.2.tgz. Extracting by manifest.
1470 silly tarball no local data for @webassemblyjs/helper-wasm-section@https://registry.npmjs.org/@webassemblyjs/helper-wasm-section/-/helper-wasm-section-1.14.1.tgz. Extracting by manifest.
1471 silly tarball no local data for @webassemblyjs/floating-point-hex-parser@https://registry.npmjs.org/@webassemblyjs/floating-point-hex-parser/-/floating-point-hex-parser-1.13.2.tgz. Extracting by manifest.
1472 silly tarball no local data for @types/eslint@https://registry.npmjs.org/@types/eslint/-/eslint-9.6.1.tgz. Extracting by manifest.
1473 silly tarball no local data for webpack-sources@https://registry.npmjs.org/webpack-sources/-/webpack-sources-3.5.0.tgz. Extracting by manifest.
1474 silly tarball no local data for @webassemblyjs/helper-wasm-bytecode@https://registry.npmjs.org/@webassemblyjs/helper-wasm-bytecode/-/helper-wasm-bytecode-1.13.2.tgz. Extracting by manifest.
1475 silly tarball no local data for watchpack@https://registry.npmjs.org/watchpack/-/watchpack-2.5.1.tgz. Extracting by manifest.
1476 silly tarball no local data for @webassemblyjs/helper-numbers@https://registry.npmjs.org/@webassemblyjs/helper-numbers/-/helper-numbers-1.13.2.tgz. Extracting by manifest.
1477 silly tarball no local data for mime-types@https://registry.npmjs.org/mime-types/-/mime-types-2.1.35.tgz. Extracting by manifest.
1478 silly tarball no local data for neo-async@https://registry.npmjs.org/neo-async/-/neo-async-2.6.2.tgz. Extracting by manifest.
1479 silly tarball no local data for glob-to-regexp@https://registry.npmjs.org/glob-to-regexp/-/glob-to-regexp-0.4.1.tgz. Extracting by manifest.
1480 silly tarball no local data for loader-runner@https://registry.npmjs.org/loader-runner/-/loader-runner-4.3.2.tgz. Extracting by manifest.
1481 silly tarball no local data for @xtuc/long@https://registry.npmjs.org/@xtuc/long/-/long-4.2.2.tgz. Extracting by manifest.
1482 silly tarball no local data for es-module-lexer@https://registry.npmjs.org/es-module-lexer/-/es-module-lexer-2.1.0.tgz. Extracting by manifest.
1483 silly tarball no local data for chrome-trace-event@https://registry.npmjs.org/chrome-trace-event/-/chrome-trace-event-1.0.4.tgz. Extracting by manifest.
1484 silly tarball no local data for electron-to-chromium@https://registry.npmjs.org/electron-to-chromium/-/electron-to-chromium-1.5.368.tgz. Extracting by manifest.
1485 silly tarball no local data for acorn-import-phases@https://registry.npmjs.org/acorn-import-phases/-/acorn-import-phases-1.0.4.tgz. Extracting by manifest.
1486 silly tarball no local data for terser-webpack-plugin@https://registry.npmjs.org/terser-webpack-plugin/-/terser-webpack-plugin-5.6.1.tgz. Extracting by manifest.
1487 silly tarball no local data for events@https://registry.npmjs.org/events/-/events-3.3.0.tgz. Extracting by manifest.
1488 silly tarball no local data for eslint-scope@https://registry.npmjs.org/eslint-scope/-/eslint-scope-5.1.1.tgz. Extracting by manifest.
1489 silly tarball no local data for @webassemblyjs/wasm-parser@https://registry.npmjs.org/@webassemblyjs/wasm-parser/-/wasm-parser-1.14.1.tgz. Extracting by manifest.
1490 silly tarball no local data for acorn@https://registry.npmjs.org/acorn/-/acorn-8.16.0.tgz. Extracting by manifest.
1491 silly tarball no local data for @types/eslint-scope@https://registry.npmjs.org/@types/eslint-scope/-/eslint-scope-3.7.7.tgz. Extracting by manifest.
1492 silly tarball no local data for @webassemblyjs/wasm-edit@https://registry.npmjs.org/@webassemblyjs/wasm-edit/-/wasm-edit-1.14.1.tgz. Extracting by manifest.
1493 silly tarball no local data for @types/estree@https://registry.npmjs.org/@types/estree/-/estree-1.0.9.tgz. Extracting by manifest.
1494 silly tarball no local data for defaults@https://registry.npmjs.org/defaults/-/defaults-1.0.4.tgz. Extracting by manifest.
1495 silly tarball no local data for clone@https://registry.npmjs.org/clone/-/clone-1.0.4.tgz. Extracting by manifest.
1496 silly tarball no local data for json5@https://registry.npmjs.org/json5/-/json5-2.2.3.tgz. Extracting by manifest.
1497 silly tarball no local data for minimist@https://registry.npmjs.org/minimist/-/minimist-1.2.8.tgz. Extracting by manifest.
1498 silly tarball no local data for ansi-regex@https://registry.npmjs.org/ansi-regex/-/ansi-regex-5.0.1.tgz. Extracting by manifest.
1499 silly tarball no local data for has-flag@https://registry.npmjs.org/has-flag/-/has-flag-4.0.0.tgz. Extracting by manifest.
1500 silly tarball no local data for strip-bom@https://registry.npmjs.org/strip-bom/-/strip-bom-3.0.0.tgz. Extracting by manifest.
1501 silly tarball no local data for browserslist@https://registry.npmjs.org/browserslist/-/browserslist-4.28.2.tgz. Extracting by manifest.
1502 silly tarball no local data for enhanced-resolve@https://registry.npmjs.org/enhanced-resolve/-/enhanced-resolve-5.22.2.tgz. Extracting by manifest.
1503 silly tarball no local data for is-fullwidth-code-point@https://registry.npmjs.org/is-fullwidth-code-point/-/is-fullwidth-code-point-3.0.0.tgz. Extracting by manifest.
1504 silly tarball no local data for @webassemblyjs/ast@https://registry.npmjs.org/@webassemblyjs/ast/-/ast-1.14.1.tgz. Extracting by manifest.
1505 silly tarball no local data for mimic-fn@https://registry.npmjs.org/mimic-fn/-/mimic-fn-2.1.0.tgz. Extracting by manifest.
1506 silly tarball no local data for string_decoder@https://registry.npmjs.org/string_decoder/-/string_decoder-1.3.0.tgz. Extracting by manifest.
1507 silly tarball no local data for tslib@https://registry.npmjs.org/tslib/-/tslib-2.8.1.tgz. Extracting by manifest.
1508 silly tarball no local data for onetime@https://registry.npmjs.org/onetime/-/onetime-5.1.2.tgz. Extracting by manifest.
1509 silly tarball no local data for lru-cache@https://registry.npmjs.org/lru-cache/-/lru-cache-11.5.1.tgz. Extracting by manifest.
1510 silly tarball no local data for is-arrayish@https://registry.npmjs.org/is-arrayish/-/is-arrayish-0.2.1.tgz. Extracting by manifest.
1511 silly tarball no local data for util-deprecate@https://registry.npmjs.org/util-deprecate/-/util-deprecate-1.0.2.tgz. Extracting by manifest.
1512 silly tarball no local data for lines-and-columns@https://registry.npmjs.org/lines-and-columns/-/lines-and-columns-1.2.4.tgz. Extracting by manifest.
1513 silly tarball no local data for error-ex@https://registry.npmjs.org/error-ex/-/error-ex-1.3.4.tgz. Extracting by manifest.
1514 silly tarball no local data for json-parse-even-better-errors@https://registry.npmjs.org/json-parse-even-better-errors/-/json-parse-even-better-errors-2.3.1.tgz. Extracting by manifest.
1515 silly tarball no local data for callsites@https://registry.npmjs.org/callsites/-/callsites-3.1.0.tgz. Extracting by manifest.
1516 silly tarball no local data for ieee754@https://registry.npmjs.org/ieee754/-/ieee754-1.2.1.tgz. Extracting by manifest.
1517 silly tarball no local data for safe-buffer@https://registry.npmjs.org/safe-buffer/-/safe-buffer-5.2.1.tgz. Extracting by manifest.
1518 silly tarball no local data for restore-cursor@https://registry.npmjs.org/restore-cursor/-/restore-cursor-3.1.0.tgz. Extracting by manifest.
1519 silly tarball no local data for @types/json-schema@https://registry.npmjs.org/@types/json-schema/-/json-schema-7.0.15.tgz. Extracting by manifest.
1520 silly tarball no local data for readable-stream@https://registry.npmjs.org/readable-stream/-/readable-stream-3.6.2.tgz. Extracting by manifest.
1521 silly tarball no local data for inherits@https://registry.npmjs.org/inherits/-/inherits-2.0.4.tgz. Extracting by manifest.
1522 silly tarball no local data for emoji-regex@https://registry.npmjs.org/emoji-regex/-/emoji-regex-8.0.0.tgz. Extracting by manifest.
1523 silly tarball no local data for base64-js@https://registry.npmjs.org/base64-js/-/base64-js-1.5.1.tgz. Extracting by manifest.
1524 silly tarball no local data for is-unicode-supported@https://registry.npmjs.org/is-unicode-supported/-/is-unicode-supported-0.1.0.tgz. Extracting by manifest.
1525 silly tarball no local data for wcwidth@https://registry.npmjs.org/wcwidth/-/wcwidth-1.0.1.tgz. Extracting by manifest.
1526 silly tarball no local data for is-interactive@https://registry.npmjs.org/is-interactive/-/is-interactive-1.0.0.tgz. Extracting by manifest.
1527 silly tarball no local data for cli-spinners@https://registry.npmjs.org/cli-spinners/-/cli-spinners-2.9.2.tgz. Extracting by manifest.
1528 silly tarball no local data for log-symbols@https://registry.npmjs.org/log-symbols/-/log-symbols-4.1.0.tgz. Extracting by manifest.
1529 silly tarball no local data for bl@https://registry.npmjs.org/bl/-/bl-4.1.0.tgz. Extracting by manifest.
1530 silly tarball no local data for lodash@https://registry.npmjs.org/lodash/-/lodash-4.18.1.tgz. Extracting by manifest.
1531 silly tarball no local data for strip-ansi@https://registry.npmjs.org/strip-ansi/-/strip-ansi-6.0.1.tgz. Extracting by manifest.
1532 silly tarball no local data for buffer@https://registry.npmjs.org/buffer/-/buffer-5.7.1.tgz. Extracting by manifest.
1533 silly tarball no local data for brace-expansion@https://registry.npmjs.org/brace-expansion/-/brace-expansion-1.1.15.tgz. Extracting by manifest.
1534 silly tarball no local data for cli-cursor@https://registry.npmjs.org/cli-cursor/-/cli-cursor-3.1.0.tgz. Extracting by manifest.
1535 silly tarball no local data for concat-map@https://registry.npmjs.org/concat-map/-/concat-map-0.0.1.tgz. Extracting by manifest.
1536 silly tarball no local data for balanced-match@https://registry.npmjs.org/balanced-match/-/balanced-match-1.0.2.tgz. Extracting by manifest.
1537 silly tarball no local data for argparse@https://registry.npmjs.org/argparse/-/argparse-2.0.1.tgz. Extracting by manifest.
1538 silly tarball no local data for resolve-from@https://registry.npmjs.org/resolve-from/-/resolve-from-4.0.0.tgz. Extracting by manifest.
1539 silly tarball no local data for safer-buffer@https://registry.npmjs.org/safer-buffer/-/safer-buffer-2.1.2.tgz. Extracting by manifest.
1540 silly tarball no local data for path-scurry@https://registry.npmjs.org/path-scurry/-/path-scurry-2.0.2.tgz. Extracting by manifest.
1541 silly tarball no local data for minipass@https://registry.npmjs.org/minipass/-/minipass-7.1.3.tgz. Extracting by manifest.
1542 silly tarball no local data for parent-module@https://registry.npmjs.org/parent-module/-/parent-module-1.0.1.tgz. Extracting by manifest.
1543 silly tarball no local data for graceful-fs@https://registry.npmjs.org/graceful-fs/-/graceful-fs-4.2.11.tgz. Extracting by manifest.
1544 silly tarball no local data for jsonfile@https://registry.npmjs.org/jsonfile/-/jsonfile-6.2.1.tgz. Extracting by manifest.
1545 silly tarball no local data for @jridgewell/sourcemap-codec@https://registry.npmjs.org/@jridgewell/sourcemap-codec/-/sourcemap-codec-1.5.5.tgz. Extracting by manifest.
1546 silly tarball no local data for universalify@https://registry.npmjs.org/universalify/-/universalify-2.0.1.tgz. Extracting by manifest.
1547 silly tarball no local data for path-type@https://registry.npmjs.org/path-type/-/path-type-4.0.0.tgz. Extracting by manifest.
1548 silly tarball no local data for js-yaml@https://registry.npmjs.org/js-yaml/-/js-yaml-4.2.0.tgz. Extracting by manifest.
1549 silly tarball no local data for parse-json@https://registry.npmjs.org/parse-json/-/parse-json-5.2.0.tgz. Extracting by manifest.
1550 silly tarball no local data for color-name@https://registry.npmjs.org/color-name/-/color-name-1.1.4.tgz. Extracting by manifest.
1551 silly tarball no local data for fs-monkey@https://registry.npmjs.org/fs-monkey/-/fs-monkey-1.1.0.tgz. Extracting by manifest.
1552 silly tarball no local data for color-convert@https://registry.npmjs.org/color-convert/-/color-convert-2.0.1.tgz. Extracting by manifest.
1553 silly tarball no local data for import-fresh@https://registry.npmjs.org/import-fresh/-/import-fresh-3.3.1.tgz. Extracting by manifest.
1554 silly tarball no local data for ansi-styles@https://registry.npmjs.org/ansi-styles/-/ansi-styles-4.3.0.tgz. Extracting by manifest.
1555 silly tarball no local data for picocolors@https://registry.npmjs.org/picocolors/-/picocolors-1.1.1.tgz. Extracting by manifest.
1556 silly tarball no local data for tapable@https://registry.npmjs.org/tapable/-/tapable-2.3.3.tgz. Extracting by manifest.
1557 silly tarball no local data for semver@https://registry.npmjs.org/semver/-/semver-7.8.2.tgz. Extracting by manifest.
1558 silly tarball no local data for @babel/helper-validator-identifier@https://registry.npmjs.org/@babel/helper-validator-identifier/-/helper-validator-identifier-7.29.7.tgz. Extracting by manifest.
1559 silly tarball no local data for js-tokens@https://registry.npmjs.org/js-tokens/-/js-tokens-4.0.0.tgz. Extracting by manifest.
1560 silly tarball no local data for node-abort-controller@https://registry.npmjs.org/node-abort-controller/-/node-abort-controller-3.1.1.tgz. Extracting by manifest.
1561 silly tarball no local data for schema-utils@https://registry.npmjs.org/schema-utils/-/schema-utils-3.3.0.tgz. Extracting by manifest.
1562 silly tarball no local data for fs-extra@https://registry.npmjs.org/fs-extra/-/fs-extra-10.1.0.tgz. Extracting by manifest.
1563 silly tarball no local data for deepmerge@https://registry.npmjs.org/deepmerge/-/deepmerge-4.3.1.tgz. Extracting by manifest.
1564 silly tarball no local data for memfs@https://registry.npmjs.org/memfs/-/memfs-3.5.3.tgz. Extracting by manifest.
1565 silly tarball no local data for cosmiconfig@https://registry.npmjs.org/cosmiconfig/-/cosmiconfig-8.3.6.tgz. Extracting by manifest.
1566 silly tarball no local data for minimatch@https://registry.npmjs.org/minimatch/-/minimatch-3.1.5.tgz. Extracting by manifest.
1567 silly tarball no local data for chalk@https://registry.npmjs.org/chalk/-/chalk-4.1.2.tgz. Extracting by manifest.
1568 silly tarball no local data for supports-color@https://registry.npmjs.org/supports-color/-/supports-color-7.2.0.tgz. Extracting by manifest.
1569 silly tarball no local data for array-timsort@https://registry.npmjs.org/array-timsort/-/array-timsort-1.0.3.tgz. Extracting by manifest.
1570 silly tarball no local data for @colors/colors@https://registry.npmjs.org/@colors/colors/-/colors-1.5.0.tgz. Extracting by manifest.
1571 silly tarball no local data for string-width@https://registry.npmjs.org/string-width/-/string-width-4.2.3.tgz. Extracting by manifest.
1572 silly tarball no local data for @babel/code-frame@https://registry.npmjs.org/@babel/code-frame/-/code-frame-7.29.7.tgz. Extracting by manifest.
1573 silly tarball no local data for require-from-string@https://registry.npmjs.org/require-from-string/-/require-from-string-2.0.2.tgz. Extracting by manifest.
1574 silly tarball no local data for esprima@https://registry.npmjs.org/esprima/-/esprima-4.0.1.tgz. Extracting by manifest.
1575 silly tarball no local data for comment-json@https://registry.npmjs.org/comment-json/-/comment-json-5.0.0.tgz. Extracting by manifest.
1576 silly tarball no local data for pluralize@https://registry.npmjs.org/pluralize/-/pluralize-8.0.0.tgz. Extracting by manifest.
1577 silly tarball no local data for json-schema-traverse@https://registry.npmjs.org/json-schema-traverse/-/json-schema-traverse-1.0.0.tgz. Extracting by manifest.
1578 silly tarball no local data for iconv-lite@https://registry.npmjs.org/iconv-lite/-/iconv-lite-0.7.2.tgz. Extracting by manifest.
1579 silly tarball no local data for chardet@https://registry.npmjs.org/chardet/-/chardet-2.1.1.tgz. Extracting by manifest.
1580 silly tarball no local data for fast-deep-equal@https://registry.npmjs.org/fast-deep-equal/-/fast-deep-equal-3.1.3.tgz. Extracting by manifest.
1581 silly tarball no local data for fast-uri@https://registry.npmjs.org/fast-uri/-/fast-uri-3.1.2.tgz. Extracting by manifest.
1582 silly tarball no local data for wrap-ansi@https://registry.npmjs.org/wrap-ansi/-/wrap-ansi-6.2.0.tgz. Extracting by manifest.
1583 silly tarball no local data for cli-width@https://registry.npmjs.org/cli-width/-/cli-width-4.1.0.tgz. Extracting by manifest.
1584 silly tarball no local data for signal-exit@https://registry.npmjs.org/signal-exit/-/signal-exit-4.1.0.tgz. Extracting by manifest.
1585 silly tarball no local data for mute-stream@https://registry.npmjs.org/mute-stream/-/mute-stream-2.0.0.tgz. Extracting by manifest.
1586 silly tarball no local data for yoctocolors-cjs@https://registry.npmjs.org/yoctocolors-cjs/-/yoctocolors-cjs-2.1.3.tgz. Extracting by manifest.
1587 silly tarball no local data for @inquirer/external-editor@https://registry.npmjs.org/@inquirer/external-editor/-/external-editor-1.0.3.tgz. Extracting by manifest.
1588 silly tarball no local data for @inquirer/figures@https://registry.npmjs.org/@inquirer/figures/-/figures-1.0.15.tgz. Extracting by manifest.
1589 silly tarball no local data for @inquirer/core@https://registry.npmjs.org/@inquirer/core/-/core-10.3.2.tgz. Extracting by manifest.
1590 silly tarball no local data for @inquirer/search@https://registry.npmjs.org/@inquirer/search/-/search-3.2.2.tgz. Extracting by manifest.
1591 silly tarball no local data for @inquirer/ansi@https://registry.npmjs.org/@inquirer/ansi/-/ansi-1.0.2.tgz. Extracting by manifest.
1592 silly tarball no local data for @inquirer/type@https://registry.npmjs.org/@inquirer/type/-/type-3.0.10.tgz. Extracting by manifest.
1593 silly tarball no local data for @inquirer/password@https://registry.npmjs.org/@inquirer/password/-/password-4.0.23.tgz. Extracting by manifest.
1594 silly tarball no local data for @inquirer/select@https://registry.npmjs.org/@inquirer/select/-/select-4.4.2.tgz. Extracting by manifest.
1595 silly tarball no local data for @inquirer/number@https://registry.npmjs.org/@inquirer/number/-/number-3.0.23.tgz. Extracting by manifest.
1596 silly tarball no local data for readdirp@https://registry.npmjs.org/readdirp/-/readdirp-4.1.2.tgz. Extracting by manifest.
1597 silly tarball no local data for @inquirer/input@https://registry.npmjs.org/@inquirer/input/-/input-4.3.1.tgz. Extracting by manifest.
1598 silly tarball no local data for @inquirer/expand@https://registry.npmjs.org/@inquirer/expand/-/expand-4.0.23.tgz. Extracting by manifest.
1599 silly tarball no local data for @inquirer/rawlist@https://registry.npmjs.org/@inquirer/rawlist/-/rawlist-4.1.11.tgz. Extracting by manifest.
1600 silly tarball no local data for symbol-observable@https://registry.npmjs.org/symbol-observable/-/symbol-observable-4.0.0.tgz. Extracting by manifest.
1601 silly tarball no local data for yargs-parser@https://registry.npmjs.org/yargs-parser/-/yargs-parser-21.1.1.tgz. Extracting by manifest.
1602 silly tarball no local data for @inquirer/checkbox@https://registry.npmjs.org/@inquirer/checkbox/-/checkbox-4.3.2.tgz. Extracting by manifest.
1603 silly tarball no local data for @inquirer/confirm@https://registry.npmjs.org/@inquirer/confirm/-/confirm-5.1.21.tgz. Extracting by manifest.
1604 silly tarball no local data for magic-string@https://registry.npmjs.org/magic-string/-/magic-string-0.30.17.tgz. Extracting by manifest.
1605 silly tarball no local data for ansi-colors@https://registry.npmjs.org/ansi-colors/-/ansi-colors-4.1.3.tgz. Extracting by manifest.
1606 silly tarball no local data for picomatch@https://registry.npmjs.org/picomatch/-/picomatch-4.0.4.tgz. Extracting by manifest.
1607 silly tarball no local data for jsonc-parser@https://registry.npmjs.org/jsonc-parser/-/jsonc-parser-3.3.1.tgz. Extracting by manifest.
1608 silly tarball no local data for ajv@https://registry.npmjs.org/ajv/-/ajv-8.18.0.tgz. Extracting by manifest.
1609 silly tarball no local data for ajv-formats@https://registry.npmjs.org/ajv-formats/-/ajv-formats-3.0.1.tgz. Extracting by manifest.
1610 silly tarball no local data for source-map@https://registry.npmjs.org/source-map/-/source-map-0.7.4.tgz. Extracting by manifest.
1611 silly tarball no local data for rxjs@https://registry.npmjs.org/rxjs/-/rxjs-7.8.1.tgz. Extracting by manifest.
1612 silly tarball no local data for tsconfig-paths-webpack-plugin@https://registry.npmjs.org/tsconfig-paths-webpack-plugin/-/tsconfig-paths-webpack-plugin-4.2.0.tgz. Extracting by manifest.
1613 silly tarball no local data for @inquirer/editor@https://registry.npmjs.org/@inquirer/editor/-/editor-4.2.23.tgz. Extracting by manifest.
1614 silly tarball no local data for webpack-node-externals@https://registry.npmjs.org/webpack-node-externals/-/webpack-node-externals-3.0.0.tgz. Extracting by manifest.
1615 silly tarball no local data for ora@https://registry.npmjs.org/ora/-/ora-5.4.1.tgz. Extracting by manifest.
1616 silly tarball no local data for glob@https://registry.npmjs.org/glob/-/glob-13.0.6.tgz. Extracting by manifest.
1617 silly tarball no local data for fork-ts-checker-webpack-plugin@https://registry.npmjs.org/fork-ts-checker-webpack-plugin/-/fork-ts-checker-webpack-plugin-9.1.0.tgz. Extracting by manifest.
1618 silly tarball no local data for tsconfig-paths@https://registry.npmjs.org/tsconfig-paths/-/tsconfig-paths-4.2.0.tgz. Extracting by manifest.
1619 silly tarball no local data for webpack@https://registry.npmjs.org/webpack/-/webpack-5.106.0.tgz. Extracting by manifest.
1620 silly tarball no local data for cli-table3@https://registry.npmjs.org/cli-table3/-/cli-table3-0.6.5.tgz. Extracting by manifest.
1621 silly tarball no local data for chokidar@https://registry.npmjs.org/chokidar/-/chokidar-4.0.3.tgz. Extracting by manifest.
1622 silly tarball no local data for commander@https://registry.npmjs.org/commander/-/commander-4.1.1.tgz. Extracting by manifest.
1623 silly tarball no local data for typescript@https://registry.npmjs.org/typescript/-/typescript-5.9.3.tgz. Extracting by manifest.
1624 silly tarball no local data for ansis@https://registry.npmjs.org/ansis/-/ansis-4.2.0.tgz. Extracting by manifest.
1625 silly tarball no local data for node-emoji@https://registry.npmjs.org/node-emoji/-/node-emoji-1.11.0.tgz. Extracting by manifest.
1626 silly tarball no local data for @angular-devkit/schematics@https://registry.npmjs.org/@angular-devkit/schematics/-/schematics-19.2.24.tgz. Extracting by manifest.
1627 silly tarball no local data for @angular-devkit/schematics-cli@https://registry.npmjs.org/@angular-devkit/schematics-cli/-/schematics-cli-19.2.24.tgz. Extracting by manifest.
1628 silly tarball no local data for @nestjs/cli@https://registry.npmjs.org/@nestjs/cli/-/cli-11.0.21.tgz. Extracting by manifest.
1629 silly tarball no local data for @inquirer/prompts@https://registry.npmjs.org/@inquirer/prompts/-/prompts-7.10.1.tgz. Extracting by manifest.
1630 silly tarball no local data for source-map@https://registry.npmjs.org/source-map/-/source-map-0.6.1.tgz. Extracting by manifest.
1631 silly tarball no local data for @angular-devkit/core@https://registry.npmjs.org/@angular-devkit/core/-/core-19.2.24.tgz. Extracting by manifest.
1632 silly tarball no local data for commander@https://registry.npmjs.org/commander/-/commander-2.20.3.tgz. Extracting by manifest.
1633 silly tarball no local data for supports-color@https://registry.npmjs.org/supports-color/-/supports-color-8.1.1.tgz. Extracting by manifest.
1634 silly tarball no local data for ajv-formats@https://registry.npmjs.org/ajv-formats/-/ajv-formats-2.1.1.tgz. Extracting by manifest.
1635 silly tarball no local data for signal-exit@https://registry.npmjs.org/signal-exit/-/signal-exit-3.0.7.tgz. Extracting by manifest.
1636 silly tarball no local data for ajv-keywords@https://registry.npmjs.org/ajv-keywords/-/ajv-keywords-3.5.2.tgz. Extracting by manifest.
1637 silly tarball no local data for json-schema-traverse@https://registry.npmjs.org/json-schema-traverse/-/json-schema-traverse-0.4.1.tgz. Extracting by manifest.
1638 silly tarball no local data for schema-utils@https://registry.npmjs.org/schema-utils/-/schema-utils-4.3.3.tgz. Extracting by manifest.
1639 silly tarball no local data for @nestjs/schematics@https://registry.npmjs.org/@nestjs/schematics/-/schematics-11.1.0.tgz. Extracting by manifest.
1640 silly tarball no local data for ajv@https://registry.npmjs.org/ajv/-/ajv-6.15.0.tgz. Extracting by manifest.
1641 silly tarball no local data for estraverse@https://registry.npmjs.org/estraverse/-/estraverse-5.3.0.tgz. Extracting by manifest.
1642 silly tarball no local data for balanced-match@https://registry.npmjs.org/balanced-match/-/balanced-match-4.0.4.tgz. Extracting by manifest.
1643 silly tarball no local data for minimatch@https://registry.npmjs.org/minimatch/-/minimatch-10.2.5.tgz. Extracting by manifest.
1644 silly tarball no local data for schema-utils@https://registry.npmjs.org/schema-utils/-/schema-utils-4.3.3.tgz. Extracting by manifest.
1645 silly tarball no local data for brace-expansion@https://registry.npmjs.org/brace-expansion/-/brace-expansion-5.0.6.tgz. Extracting by manifest.
1646 silly tarball no local data for ajv-formats@https://registry.npmjs.org/ajv-formats/-/ajv-formats-2.1.1.tgz. Extracting by manifest.
1647 silly tarball no local data for @inquirer/prompts@https://registry.npmjs.org/@inquirer/prompts/-/prompts-7.3.2.tgz. Extracting by manifest.
1648 http fetch GET 200 https://registry.npmjs.org/buffer-from/-/buffer-from-1.1.2.tgz 71ms (cache miss)
1649 http fetch GET 200 https://registry.npmjs.org/fast-json-stable-stringify/-/fast-json-stable-stringify-2.1.0.tgz 72ms (cache miss)
1650 http fetch GET 200 https://registry.npmjs.org/escalade/-/escalade-3.2.0.tgz 73ms (cache miss)
1651 http fetch GET 200 https://registry.npmjs.org/punycode/-/punycode-2.3.1.tgz 73ms (cache miss)
1652 http fetch GET 200 https://registry.npmjs.org/@jridgewell/gen-mapping/-/gen-mapping-0.3.13.tgz 88ms (cache miss)
1653 http fetch GET 200 https://registry.npmjs.org/ajv-keywords/-/ajv-keywords-5.1.0.tgz 109ms (cache miss)
1654 http fetch GET 200 https://registry.npmjs.org/estraverse/-/estraverse-4.3.0.tgz 114ms (cache miss)
1655 http fetch GET 200 https://registry.npmjs.org/esrecurse/-/esrecurse-4.3.0.tgz 117ms (cache miss)
1656 http fetch GET 200 https://registry.npmjs.org/mime-db/-/mime-db-1.52.0.tgz 118ms (cache miss)
1657 http fetch GET 200 https://registry.npmjs.org/node-releases/-/node-releases-2.0.47.tgz 152ms (cache miss)
1658 http fetch GET 200 https://registry.npmjs.org/update-browserslist-db/-/update-browserslist-db-1.2.3.tgz 154ms (cache miss)
1659 http fetch GET 200 https://registry.npmjs.org/baseline-browser-mapping/-/baseline-browser-mapping-2.10.33.tgz 155ms (cache miss)
1660 http fetch GET 200 https://registry.npmjs.org/@xtuc/ieee754/-/ieee754-1.2.0.tgz 167ms (cache miss)
1661 http fetch GET 200 https://registry.npmjs.org/terser/-/terser-5.48.0.tgz 175ms (cache miss)
1662 http fetch GET 200 https://registry.npmjs.org/merge-stream/-/merge-stream-2.0.0.tgz 187ms (cache miss)
1663 http fetch GET 200 https://registry.npmjs.org/@webassemblyjs/utf8/-/utf8-1.13.2.tgz 192ms (cache miss)
1664 http fetch GET 200 https://registry.npmjs.org/@webassemblyjs/wast-printer/-/wast-printer-1.14.1.tgz 193ms (cache miss)
1665 http fetch GET 200 https://registry.npmjs.org/@webassemblyjs/leb128/-/leb128-1.13.2.tgz 200ms (cache miss)
1666 http fetch GET 200 https://registry.npmjs.org/@jridgewell/source-map/-/source-map-0.3.11.tgz 203ms (cache miss)
1667 http fetch GET 200 https://registry.npmjs.org/undici-types/-/undici-types-7.24.6.tgz 205ms (cache miss)
1668 http fetch GET 200 https://registry.npmjs.org/@jridgewell/resolve-uri/-/resolve-uri-3.1.2.tgz 207ms (cache miss)
1669 http fetch GET 200 https://registry.npmjs.org/jest-worker/-/jest-worker-27.5.1.tgz 211ms (cache miss)
1670 http fetch GET 200 https://registry.npmjs.org/@webassemblyjs/ieee754/-/ieee754-1.13.2.tgz 215ms (cache miss)
1671 http fetch GET 200 https://registry.npmjs.org/@webassemblyjs/wasm-opt/-/wasm-opt-1.14.1.tgz 215ms (cache miss)
1672 http fetch GET 200 https://registry.npmjs.org/@webassemblyjs/helper-buffer/-/helper-buffer-1.14.1.tgz 220ms (cache miss)
1673 http fetch GET 200 https://registry.npmjs.org/@jridgewell/trace-mapping/-/trace-mapping-0.3.31.tgz 222ms (cache miss)
1674 http fetch GET 200 https://registry.npmjs.org/@webassemblyjs/helper-wasm-section/-/helper-wasm-section-1.14.1.tgz 224ms (cache miss)
1675 http fetch GET 200 https://registry.npmjs.org/uri-js/-/uri-js-4.4.1.tgz 231ms (cache miss)
1676 http fetch GET 200 https://registry.npmjs.org/@webassemblyjs/helper-wasm-bytecode/-/helper-wasm-bytecode-1.13.2.tgz 251ms (cache miss)
1677 http fetch GET 200 https://registry.npmjs.org/@webassemblyjs/floating-point-hex-parser/-/floating-point-hex-parser-1.13.2.tgz 252ms (cache miss)
1678 http fetch GET 200 https://registry.npmjs.org/@webassemblyjs/helper-numbers/-/helper-numbers-1.13.2.tgz 251ms (cache miss)
1679 http fetch GET 200 https://registry.npmjs.org/@webassemblyjs/wasm-gen/-/wasm-gen-1.14.1.tgz 257ms (cache miss)
1680 http fetch POST 200 https://registry.npmjs.org/-/npm/v1/security/advisories/bulk 292ms
1681 silly audit report {}
1682 http fetch GET 200 https://registry.npmjs.org/mime-types/-/mime-types-2.1.35.tgz 262ms (cache miss)
1683 http fetch GET 200 https://registry.npmjs.org/loader-runner/-/loader-runner-4.3.2.tgz 264ms (cache miss)
1684 http fetch GET 200 https://registry.npmjs.org/glob-to-regexp/-/glob-to-regexp-0.4.1.tgz 265ms (cache miss)
1685 http fetch GET 200 https://registry.npmjs.org/watchpack/-/watchpack-2.5.1.tgz 267ms (cache miss)
1686 http fetch GET 200 https://registry.npmjs.org/@types/eslint/-/eslint-9.6.1.tgz 271ms (cache miss)
1687 http fetch GET 200 https://registry.npmjs.org/source-map-support/-/source-map-support-0.5.21.tgz 277ms (cache miss)
1688 http fetch GET 200 https://registry.npmjs.org/acorn-import-phases/-/acorn-import-phases-1.0.4.tgz 275ms (cache miss)
1689 http fetch GET 200 https://registry.npmjs.org/webpack-sources/-/webpack-sources-3.5.0.tgz 277ms (cache miss)
1690 http fetch GET 200 https://registry.npmjs.org/chrome-trace-event/-/chrome-trace-event-1.0.4.tgz 286ms (cache miss)
1691 http fetch GET 200 https://registry.npmjs.org/es-module-lexer/-/es-module-lexer-2.1.0.tgz 291ms (cache miss)
1692 http fetch GET 200 https://registry.npmjs.org/neo-async/-/neo-async-2.6.2.tgz 293ms (cache miss)
1693 http fetch GET 200 https://registry.npmjs.org/electron-to-chromium/-/electron-to-chromium-1.5.368.tgz 302ms (cache miss)
1694 http fetch GET 200 https://registry.npmjs.org/@xtuc/long/-/long-4.2.2.tgz 304ms (cache miss)
1695 http fetch GET 200 https://registry.npmjs.org/@webassemblyjs/wasm-edit/-/wasm-edit-1.14.1.tgz 304ms (cache miss)
1696 http fetch GET 200 https://registry.npmjs.org/@types/eslint-scope/-/eslint-scope-3.7.7.tgz 304ms (cache miss)
1697 http fetch GET 200 https://registry.npmjs.org/@webassemblyjs/wasm-parser/-/wasm-parser-1.14.1.tgz 305ms (cache miss)
1698 http fetch GET 200 https://registry.npmjs.org/eslint-scope/-/eslint-scope-5.1.1.tgz 306ms (cache miss)
1699 http fetch GET 200 https://registry.npmjs.org/clone/-/clone-1.0.4.tgz 305ms (cache miss)
1700 http fetch GET 200 https://registry.npmjs.org/@types/estree/-/estree-1.0.9.tgz 306ms (cache miss)
1701 http fetch GET 200 https://registry.npmjs.org/terser-webpack-plugin/-/terser-webpack-plugin-5.6.1.tgz 310ms (cache miss)
1702 http fetch GET 200 https://registry.npmjs.org/defaults/-/defaults-1.0.4.tgz 311ms (cache miss)
1703 http fetch GET 200 https://registry.npmjs.org/events/-/events-3.3.0.tgz 315ms (cache miss)
1704 http fetch GET 200 https://registry.npmjs.org/@types/node/-/node-25.9.1.tgz 321ms (cache miss)
1705 http fetch GET 200 https://registry.npmjs.org/acorn/-/acorn-8.16.0.tgz 318ms (cache miss)
1706 http fetch GET 200 https://registry.npmjs.org/ansi-regex/-/ansi-regex-5.0.1.tgz 317ms (cache miss)
1707 http fetch GET 200 https://registry.npmjs.org/has-flag/-/has-flag-4.0.0.tgz 318ms (cache miss)
1708 http fetch GET 200 https://registry.npmjs.org/json5/-/json5-2.2.3.tgz 319ms (cache miss)
1709 http fetch GET 200 https://registry.npmjs.org/strip-bom/-/strip-bom-3.0.0.tgz 322ms (cache miss)
1710 http fetch GET 200 https://registry.npmjs.org/minimist/-/minimist-1.2.8.tgz 324ms (cache miss)
1711 http fetch GET 200 https://registry.npmjs.org/is-fullwidth-code-point/-/is-fullwidth-code-point-3.0.0.tgz 351ms (cache miss)
1712 http fetch GET 200 https://registry.npmjs.org/string_decoder/-/string_decoder-1.3.0.tgz 350ms (cache miss)
1713 http fetch GET 200 https://registry.npmjs.org/is-arrayish/-/is-arrayish-0.2.1.tgz 351ms (cache miss)
1714 http fetch GET 200 https://registry.npmjs.org/mimic-fn/-/mimic-fn-2.1.0.tgz 351ms (cache miss)
1715 http fetch GET 200 https://registry.npmjs.org/browserslist/-/browserslist-4.28.2.tgz 353ms (cache miss)
1716 http fetch GET 200 https://registry.npmjs.org/onetime/-/onetime-5.1.2.tgz 352ms (cache miss)
1717 http fetch GET 200 https://registry.npmjs.org/lines-and-columns/-/lines-and-columns-1.2.4.tgz 351ms (cache miss)
1718 http fetch GET 200 https://registry.npmjs.org/util-deprecate/-/util-deprecate-1.0.2.tgz 353ms (cache miss)
1719 http fetch GET 200 https://registry.npmjs.org/tslib/-/tslib-2.8.1.tgz 354ms (cache miss)
1720 http fetch GET 200 https://registry.npmjs.org/json-parse-even-better-errors/-/json-parse-even-better-errors-2.3.1.tgz 355ms (cache miss)
1721 http fetch GET 200 https://registry.npmjs.org/error-ex/-/error-ex-1.3.4.tgz 361ms (cache miss)
1722 http fetch GET 200 https://registry.npmjs.org/@webassemblyjs/ast/-/ast-1.14.1.tgz 367ms (cache miss)
1723 http fetch GET 200 https://registry.npmjs.org/enhanced-resolve/-/enhanced-resolve-5.22.2.tgz 371ms (cache miss)
1724 http fetch GET 200 https://registry.npmjs.org/restore-cursor/-/restore-cursor-3.1.0.tgz 382ms (cache miss)
1725 http fetch GET 200 https://registry.npmjs.org/emoji-regex/-/emoji-regex-8.0.0.tgz 381ms (cache miss)
1726 http fetch GET 200 https://registry.npmjs.org/inherits/-/inherits-2.0.4.tgz 382ms (cache miss)
1727 http fetch GET 200 https://registry.npmjs.org/base64-js/-/base64-js-1.5.1.tgz 382ms (cache miss)
1728 http fetch GET 200 https://registry.npmjs.org/ieee754/-/ieee754-1.2.1.tgz 384ms (cache miss)
1729 http fetch GET 200 https://registry.npmjs.org/safe-buffer/-/safe-buffer-5.2.1.tgz 384ms (cache miss)
1730 http fetch GET 200 https://registry.npmjs.org/callsites/-/callsites-3.1.0.tgz 385ms (cache miss)
1731 http fetch GET 200 https://registry.npmjs.org/wcwidth/-/wcwidth-1.0.1.tgz 385ms (cache miss)
1732 http fetch GET 200 https://registry.npmjs.org/is-interactive/-/is-interactive-1.0.0.tgz 385ms (cache miss)
1733 http fetch GET 200 https://registry.npmjs.org/is-unicode-supported/-/is-unicode-supported-0.1.0.tgz 385ms (cache miss)
1734 http fetch GET 200 https://registry.npmjs.org/readable-stream/-/readable-stream-3.6.2.tgz 390ms (cache miss)
1735 http fetch GET 200 https://registry.npmjs.org/cli-spinners/-/cli-spinners-2.9.2.tgz 395ms (cache miss)
1736 http fetch GET 200 https://registry.npmjs.org/bl/-/bl-4.1.0.tgz 407ms (cache miss)
1737 http fetch GET 200 https://registry.npmjs.org/log-symbols/-/log-symbols-4.1.0.tgz 407ms (cache miss)
1738 http fetch GET 200 https://registry.npmjs.org/strip-ansi/-/strip-ansi-6.0.1.tgz 408ms (cache miss)
1739 http fetch GET 200 https://registry.npmjs.org/buffer/-/buffer-5.7.1.tgz 409ms (cache miss)
1740 http fetch GET 200 https://registry.npmjs.org/cli-cursor/-/cli-cursor-3.1.0.tgz 409ms (cache miss)
1741 http fetch GET 200 https://registry.npmjs.org/brace-expansion/-/brace-expansion-1.1.15.tgz 413ms (cache miss)
1742 http fetch GET 200 https://registry.npmjs.org/argparse/-/argparse-2.0.1.tgz 418ms (cache miss)
1743 http fetch GET 200 https://registry.npmjs.org/concat-map/-/concat-map-0.0.1.tgz 421ms (cache miss)
1744 http fetch GET 200 https://registry.npmjs.org/balanced-match/-/balanced-match-1.0.2.tgz 420ms (cache miss)
1745 http fetch GET 200 https://registry.npmjs.org/resolve-from/-/resolve-from-4.0.0.tgz 420ms (cache miss)
1746 http fetch GET 200 https://registry.npmjs.org/jsonfile/-/jsonfile-6.2.1.tgz 456ms (cache miss)
1747 http fetch GET 200 https://registry.npmjs.org/parent-module/-/parent-module-1.0.1.tgz 457ms (cache miss)
1748 http fetch GET 200 https://registry.npmjs.org/safer-buffer/-/safer-buffer-2.1.2.tgz 457ms (cache miss)
1749 http fetch GET 200 https://registry.npmjs.org/path-type/-/path-type-4.0.0.tgz 456ms (cache miss)
1750 http fetch GET 200 https://registry.npmjs.org/graceful-fs/-/graceful-fs-4.2.11.tgz 456ms (cache miss)
1751 http fetch GET 200 https://registry.npmjs.org/@webassemblyjs/helper-api-error/-/helper-api-error-1.13.2.tgz 467ms (cache miss)
1752 http fetch GET 200 https://registry.npmjs.org/universalify/-/universalify-2.0.1.tgz 457ms (cache miss)
1753 http fetch GET 200 https://registry.npmjs.org/lru-cache/-/lru-cache-11.5.1.tgz 462ms (cache miss)
1754 http fetch GET 200 https://registry.npmjs.org/color-name/-/color-name-1.1.4.tgz 457ms (cache miss)
1755 http fetch GET 200 https://registry.npmjs.org/parse-json/-/parse-json-5.2.0.tgz 460ms (cache miss)
1756 http fetch GET 200 https://registry.npmjs.org/@jridgewell/sourcemap-codec/-/sourcemap-codec-1.5.5.tgz 473ms (cache miss)
1757 http fetch GET 200 https://registry.npmjs.org/minipass/-/minipass-7.1.3.tgz 475ms (cache miss)
1758 http fetch GET 200 https://registry.npmjs.org/caniuse-lite/-/caniuse-lite-1.0.30001793.tgz 487ms (cache miss)
1759 http fetch GET 200 https://registry.npmjs.org/color-convert/-/color-convert-2.0.1.tgz 475ms (cache miss)
1760 http fetch GET 200 https://registry.npmjs.org/ansi-styles/-/ansi-styles-4.3.0.tgz 475ms (cache miss)
1761 http fetch GET 200 https://registry.npmjs.org/path-scurry/-/path-scurry-2.0.2.tgz 477ms (cache miss)
1762 http fetch GET 200 https://registry.npmjs.org/import-fresh/-/import-fresh-3.3.1.tgz 475ms (cache miss)
1763 http fetch GET 200 https://registry.npmjs.org/picocolors/-/picocolors-1.1.1.tgz 482ms (cache miss)
1764 http fetch GET 200 https://registry.npmjs.org/js-tokens/-/js-tokens-4.0.0.tgz 482ms (cache miss)
1765 http fetch GET 200 https://registry.npmjs.org/node-abort-controller/-/node-abort-controller-3.1.1.tgz 483ms (cache miss)
1766 http fetch GET 200 https://registry.npmjs.org/fs-monkey/-/fs-monkey-1.1.0.tgz 484ms (cache miss)
1767 http fetch GET 200 https://registry.npmjs.org/tapable/-/tapable-2.3.3.tgz 485ms (cache miss)
1768 http fetch GET 200 https://registry.npmjs.org/schema-utils/-/schema-utils-3.3.0.tgz 492ms (cache miss)
1769 http fetch GET 200 https://registry.npmjs.org/@babel/helper-validator-identifier/-/helper-validator-identifier-7.29.7.tgz 495ms (cache miss)
1770 http fetch GET 200 https://registry.npmjs.org/deepmerge/-/deepmerge-4.3.1.tgz 501ms (cache miss)
1771 http fetch GET 200 https://registry.npmjs.org/minimatch/-/minimatch-3.1.5.tgz 502ms (cache miss)
1772 http fetch GET 200 https://registry.npmjs.org/chalk/-/chalk-4.1.2.tgz 502ms (cache miss)
1773 http fetch GET 200 https://registry.npmjs.org/semver/-/semver-7.8.2.tgz 508ms (cache miss)
1774 http fetch GET 200 https://registry.npmjs.org/js-yaml/-/js-yaml-4.2.0.tgz 510ms (cache miss)
1775 http fetch GET 200 https://registry.npmjs.org/string-width/-/string-width-4.2.3.tgz 510ms (cache miss)
1776 http fetch GET 200 https://registry.npmjs.org/supports-color/-/supports-color-7.2.0.tgz 510ms (cache miss)
1777 http fetch GET 200 https://registry.npmjs.org/array-timsort/-/array-timsort-1.0.3.tgz 518ms (cache miss)
1778 http fetch GET 200 https://registry.npmjs.org/@babel/code-frame/-/code-frame-7.29.7.tgz 519ms (cache miss)
1779 http fetch GET 200 https://registry.npmjs.org/require-from-string/-/require-from-string-2.0.2.tgz 518ms (cache miss)
1780 http fetch GET 200 https://registry.npmjs.org/fs-extra/-/fs-extra-10.1.0.tgz 520ms (cache miss)
1781 http fetch GET 200 https://registry.npmjs.org/cosmiconfig/-/cosmiconfig-8.3.6.tgz 519ms (cache miss)
1782 http fetch GET 200 https://registry.npmjs.org/esprima/-/esprima-4.0.1.tgz 520ms (cache miss)
1783 http fetch GET 200 https://registry.npmjs.org/memfs/-/memfs-3.5.3.tgz 523ms (cache miss)
1784 http fetch GET 200 https://registry.npmjs.org/@colors/colors/-/colors-1.5.0.tgz 523ms (cache miss)
1785 http fetch GET 200 https://registry.npmjs.org/pluralize/-/pluralize-8.0.0.tgz 549ms (cache miss)
1786 http fetch GET 200 https://registry.npmjs.org/fast-deep-equal/-/fast-deep-equal-3.1.3.tgz 549ms (cache miss)
1787 http fetch GET 200 https://registry.npmjs.org/cli-width/-/cli-width-4.1.0.tgz 549ms (cache miss)
1788 http fetch GET 200 https://registry.npmjs.org/json-schema-traverse/-/json-schema-traverse-1.0.0.tgz 550ms (cache miss)
1789 http fetch GET 200 https://registry.npmjs.org/wrap-ansi/-/wrap-ansi-6.2.0.tgz 549ms (cache miss)
1790 http fetch GET 200 https://registry.npmjs.org/mute-stream/-/mute-stream-2.0.0.tgz 550ms (cache miss)
1791 http fetch GET 200 https://registry.npmjs.org/comment-json/-/comment-json-5.0.0.tgz 552ms (cache miss)
1792 http fetch GET 200 https://registry.npmjs.org/yoctocolors-cjs/-/yoctocolors-cjs-2.1.3.tgz 571ms (cache miss)
1793 http fetch GET 200 https://registry.npmjs.org/@inquirer/figures/-/figures-1.0.15.tgz 571ms (cache miss)
1794 http fetch GET 200 https://registry.npmjs.org/@inquirer/external-editor/-/external-editor-1.0.3.tgz 574ms (cache miss)
1795 http fetch GET 200 https://registry.npmjs.org/readdirp/-/readdirp-4.1.2.tgz 579ms (cache miss)
1796 http fetch GET 200 https://registry.npmjs.org/fast-uri/-/fast-uri-3.1.2.tgz 582ms (cache miss)
1797 http fetch GET 200 https://registry.npmjs.org/@inquirer/ansi/-/ansi-1.0.2.tgz 581ms (cache miss)
1798 http fetch GET 200 https://registry.npmjs.org/iconv-lite/-/iconv-lite-0.7.2.tgz 591ms (cache miss)
1799 http fetch GET 200 https://registry.npmjs.org/@inquirer/password/-/password-4.0.23.tgz 590ms (cache miss)
1800 http fetch GET 200 https://registry.npmjs.org/@inquirer/select/-/select-4.4.2.tgz 591ms (cache miss)
1801 http fetch GET 200 https://registry.npmjs.org/signal-exit/-/signal-exit-4.1.0.tgz 594ms (cache miss)
1802 http fetch GET 200 https://registry.npmjs.org/@inquirer/number/-/number-3.0.23.tgz 593ms (cache miss)
1803 http fetch GET 200 https://registry.npmjs.org/@inquirer/rawlist/-/rawlist-4.1.11.tgz 594ms (cache miss)
1804 http fetch GET 200 https://registry.npmjs.org/@inquirer/input/-/input-4.3.1.tgz 595ms (cache miss)
1805 http fetch GET 200 https://registry.npmjs.org/@inquirer/type/-/type-3.0.10.tgz 600ms (cache miss)
1806 http fetch GET 200 https://registry.npmjs.org/@types/json-schema/-/json-schema-7.0.15.tgz 612ms (cache miss)
1807 http fetch GET 200 https://registry.npmjs.org/symbol-observable/-/symbol-observable-4.0.0.tgz 601ms (cache miss)
1808 http fetch GET 200 https://registry.npmjs.org/chardet/-/chardet-2.1.1.tgz 605ms (cache miss)
1809 http fetch GET 200 https://registry.npmjs.org/yargs-parser/-/yargs-parser-21.1.1.tgz 603ms (cache miss)
1810 http fetch GET 200 https://registry.npmjs.org/ansi-colors/-/ansi-colors-4.1.3.tgz 616ms (cache miss)
1811 http fetch GET 200 https://registry.npmjs.org/picomatch/-/picomatch-4.0.4.tgz 619ms (cache miss)
1812 http fetch GET 200 https://registry.npmjs.org/ajv-formats/-/ajv-formats-3.0.1.tgz 619ms (cache miss)
1813 http fetch GET 200 https://registry.npmjs.org/magic-string/-/magic-string-0.30.17.tgz 620ms (cache miss)
1814 http fetch GET 200 https://registry.npmjs.org/@inquirer/confirm/-/confirm-5.1.21.tgz 649ms (cache miss)
1815 http fetch GET 200 https://registry.npmjs.org/@inquirer/checkbox/-/checkbox-4.3.2.tgz 650ms (cache miss)
1816 http fetch GET 200 https://registry.npmjs.org/ora/-/ora-5.4.1.tgz 650ms (cache miss)
1817 http fetch GET 200 https://registry.npmjs.org/webpack-node-externals/-/webpack-node-externals-3.0.0.tgz 651ms (cache miss)
1818 http fetch GET 200 https://registry.npmjs.org/source-map/-/source-map-0.7.4.tgz 672ms (cache miss)
1819 http fetch GET 200 https://registry.npmjs.org/@inquirer/core/-/core-10.3.2.tgz 679ms (cache miss)
1820 http fetch GET 200 https://registry.npmjs.org/jsonc-parser/-/jsonc-parser-3.3.1.tgz 682ms (cache miss)
1821 http fetch GET 200 https://registry.npmjs.org/cli-table3/-/cli-table3-0.6.5.tgz 688ms (cache miss)
1822 http fetch GET 200 https://registry.npmjs.org/tsconfig-paths-webpack-plugin/-/tsconfig-paths-webpack-plugin-4.2.0.tgz 698ms (cache miss)
1823 http fetch GET 200 https://registry.npmjs.org/chokidar/-/chokidar-4.0.3.tgz 698ms (cache miss)
1824 http fetch GET 200 https://registry.npmjs.org/ansis/-/ansis-4.2.0.tgz 698ms (cache miss)
1825 http fetch GET 200 https://registry.npmjs.org/commander/-/commander-4.1.1.tgz 708ms (cache miss)
1826 http fetch GET 200 https://registry.npmjs.org/tsconfig-paths/-/tsconfig-paths-4.2.0.tgz 722ms (cache miss)
1827 http fetch GET 200 https://registry.npmjs.org/node-emoji/-/node-emoji-1.11.0.tgz 744ms (cache miss)
1828 http fetch GET 200 https://registry.npmjs.org/lodash/-/lodash-4.18.1.tgz 760ms (cache miss)
1829 http fetch GET 200 https://registry.npmjs.org/commander/-/commander-2.20.3.tgz 783ms (cache miss)
1830 http fetch GET 200 https://registry.npmjs.org/supports-color/-/supports-color-8.1.1.tgz 788ms (cache miss)
1831 http fetch GET 200 https://registry.npmjs.org/fork-ts-checker-webpack-plugin/-/fork-ts-checker-webpack-plugin-9.1.0.tgz 803ms (cache miss)
1832 http fetch GET 200 https://registry.npmjs.org/ajv-formats/-/ajv-formats-2.1.1.tgz 808ms (cache miss)
1833 http fetch GET 200 https://registry.npmjs.org/glob/-/glob-13.0.6.tgz 813ms (cache miss)
1834 http fetch GET 200 https://registry.npmjs.org/source-map/-/source-map-0.6.1.tgz 815ms (cache miss)
1835 http fetch GET 200 https://registry.npmjs.org/signal-exit/-/signal-exit-3.0.7.tgz 845ms (cache miss)
1836 http fetch GET 200 https://registry.npmjs.org/json-schema-traverse/-/json-schema-traverse-0.4.1.tgz 846ms (cache miss)
1837 http fetch GET 200 https://registry.npmjs.org/@inquirer/expand/-/expand-4.0.23.tgz 853ms (cache miss)
1838 http fetch GET 200 https://registry.npmjs.org/@angular-devkit/schematics-cli/-/schematics-cli-19.2.24.tgz 856ms (cache miss)
1839 http fetch GET 200 https://registry.npmjs.org/schema-utils/-/schema-utils-4.3.3.tgz 884ms (cache miss)
1840 http fetch GET 200 https://registry.npmjs.org/ajv-keywords/-/ajv-keywords-3.5.2.tgz 893ms (cache miss)
1841 http fetch GET 200 https://registry.npmjs.org/estraverse/-/estraverse-5.3.0.tgz 898ms (cache miss)
1842 http fetch GET 200 https://registry.npmjs.org/balanced-match/-/balanced-match-4.0.4.tgz 914ms (cache miss)
1843 http fetch GET 200 https://registry.npmjs.org/brace-expansion/-/brace-expansion-5.0.6.tgz 910ms (cache miss)
1844 http fetch GET 200 https://registry.npmjs.org/ajv-formats/-/ajv-formats-2.1.1.tgz 914ms (cache miss)
1845 http fetch GET 200 https://registry.npmjs.org/schema-utils/-/schema-utils-4.3.3.tgz 940ms (cache miss)
1846 http fetch GET 200 https://registry.npmjs.org/minimatch/-/minimatch-10.2.5.tgz 961ms (cache miss)
1847 http fetch GET 200 https://registry.npmjs.org/@inquirer/search/-/search-3.2.2.tgz 970ms (cache miss)
1848 http fetch GET 200 https://registry.npmjs.org/@inquirer/prompts/-/prompts-7.10.1.tgz 972ms (cache miss)
1849 http fetch GET 200 https://registry.npmjs.org/ajv/-/ajv-6.15.0.tgz 982ms (cache miss)
1850 http fetch GET 200 https://registry.npmjs.org/@angular-devkit/schematics/-/schematics-19.2.24.tgz 1045ms (cache miss)
1851 http fetch GET 200 https://registry.npmjs.org/@inquirer/editor/-/editor-4.2.23.tgz 1052ms (cache miss)
1852 http fetch GET 200 https://registry.npmjs.org/@angular-devkit/core/-/core-19.2.24.tgz 1065ms (cache miss)
1853 http fetch GET 200 https://registry.npmjs.org/ajv/-/ajv-8.18.0.tgz 1099ms (cache miss)
1854 http fetch GET 200 https://registry.npmjs.org/@nestjs/cli/-/cli-11.0.21.tgz 1097ms (cache miss)
1855 http fetch GET 200 https://registry.npmjs.org/typescript/-/typescript-5.9.3.tgz 1144ms (cache miss)
1856 http fetch GET 200 https://registry.npmjs.org/@inquirer/prompts/-/prompts-7.3.2.tgz 1153ms (cache miss)
1857 http fetch GET 200 https://registry.npmjs.org/webpack/-/webpack-5.106.0.tgz 1173ms (cache miss)
1858 http fetch GET 200 https://registry.npmjs.org/@nestjs/schematics/-/schematics-11.1.0.tgz 1191ms (cache miss)
1859 http fetch GET 200 https://registry.npmjs.org/rxjs/-/rxjs-7.8.1.tgz 1490ms (cache miss)
1860 verbose cwd /Users/neosoft/StudioProjects/vibe coding
1861 verbose os Darwin 25.1.0
1862 verbose node v24.13.0
1863 verbose npm  v11.6.2
1864 notice
1864 notice New minor version of npm available! 11.6.2 -> 11.16.0
1864 notice Changelog: https://github.com/npm/cli/releases/tag/v11.16.0
1864 notice To update run: npm install -g npm@11.16.0
1864 notice  { force: true, Symbol(proc-log.meta): true }
1865 verbose exit 0
1866 info ok
