0 verbose cli /usr/local/bin/node /usr/local/bin/npm
1 info using npm@11.6.2
2 info using node@v24.13.0
3 silly config load:file:/usr/local/lib/node_modules/npm/npmrc
4 silly config load:file:/Users/neosoft/StudioProjects/vibe coding/travel_expense_backend/.npmrc
5 silly config load:file:/Users/neosoft/.npmrc
6 silly config load:file:/usr/local/etc/npmrc
7 verbose title npm install @nestjs/typeorm typeorm pg @nestjs/jwt passport-jwt @nestjs/passport bcrypt class-validator class-transformer @nestjs/swagger ioredis bullmq @nestjs/bullmq @aws-sdk/client-s3 @opentelemetry/sdk-node @opentelemetry/api @opentelemetry/auto-instrumentations-node @opentelemetry/exporter-trace-otlp-grpc @nestjs/config
8 verbose argv "install" "--cache" "/Users/neosoft/StudioProjects/vibe coding/.npm-cache" "@nestjs/typeorm" "typeorm" "pg" "@nestjs/jwt" "passport-jwt" "@nestjs/passport" "bcrypt" "class-validator" "class-transformer" "@nestjs/swagger" "ioredis" "bullmq" "@nestjs/bullmq" "@aws-sdk/client-s3" "@opentelemetry/sdk-node" "@opentelemetry/api" "@opentelemetry/auto-instrumentations-node" "@opentelemetry/exporter-trace-otlp-grpc" "@nestjs/config"
9 verbose logfile logs-max:10 dir:/Users/neosoft/StudioProjects/vibe coding/.npm-cache/_logs/2026-06-05T03_56_14_936Z-
10 verbose logfile /Users/neosoft/StudioProjects/vibe coding/.npm-cache/_logs/2026-06-05T03_56_14_936Z-debug-0.log
11 silly logfile done cleaning log files
12 silly packumentCache heap:4496293888 maxSize:1124073472 maxEntrySize:562036736
13 silly idealTree buildDeps
14 silly fetch manifest @nestjs/typeorm@*
15 silly packumentCache full:https://registry.npmjs.org/@nestjs%2ftypeorm cache-miss
16 http fetch GET 200 https://registry.npmjs.org/@nestjs%2ftypeorm 702ms (cache miss)
17 silly packumentCache full:https://registry.npmjs.org/@nestjs%2ftypeorm set size:undefined disposed:false
18 silly fetch manifest @nestjs/common@^11.0.1
19 silly packumentCache full:https://registry.npmjs.org/@nestjs%2fcommon cache-miss
20 http cache https://registry.npmjs.org/@nestjs%2fcommon 9ms (cache hit)
21 silly packumentCache full:https://registry.npmjs.org/@nestjs%2fcommon set size:912498 disposed:false
22 silly fetch manifest class-transformer@*
23 silly packumentCache full:https://registry.npmjs.org/class-transformer cache-miss
24 http cache https://registry.npmjs.org/class-transformer 5ms (cache hit)
25 silly packumentCache full:https://registry.npmjs.org/class-transformer set size:106571 disposed:false
26 silly fetch manifest class-validator@*
27 silly packumentCache full:https://registry.npmjs.org/class-validator cache-miss
28 http cache https://registry.npmjs.org/class-validator 2ms (cache hit)
29 silly packumentCache full:https://registry.npmjs.org/class-validator set size:223768 disposed:false
30 silly fetch manifest reflect-metadata@^0.2.2
31 silly packumentCache full:https://registry.npmjs.org/reflect-metadata cache-miss
32 http cache https://registry.npmjs.org/reflect-metadata 2ms (cache hit)
33 silly packumentCache full:https://registry.npmjs.org/reflect-metadata set size:61305 disposed:false
34 silly fetch manifest rxjs@^7.8.1
35 silly packumentCache full:https://registry.npmjs.org/rxjs cache-miss
36 http cache https://registry.npmjs.org/rxjs 4ms (cache hit)
37 silly packumentCache full:https://registry.npmjs.org/rxjs set size:980097 disposed:false
38 silly fetch manifest @nestjs/core@^11.0.1
39 silly packumentCache full:https://registry.npmjs.org/@nestjs%2fcore cache-miss
40 http cache https://registry.npmjs.org/@nestjs%2fcore 4ms (cache hit)
41 silly packumentCache full:https://registry.npmjs.org/@nestjs%2fcore set size:1053269 disposed:false
42 silly fetch manifest @nestjs/microservices@^11.0.0
43 silly packumentCache full:https://registry.npmjs.org/@nestjs%2fmicroservices cache-miss
44 http cache https://registry.npmjs.org/@nestjs%2fmicroservices 3ms (cache hit)
45 silly packumentCache full:https://registry.npmjs.org/@nestjs%2fmicroservices set size:1006812 disposed:false
46 silly fetch manifest @grpc/grpc-js@*
47 silly packumentCache full:https://registry.npmjs.org/@grpc%2fgrpc-js cache-miss
48 http cache https://registry.npmjs.org/@grpc%2fgrpc-js 3ms (cache hit)
49 silly packumentCache full:https://registry.npmjs.org/@grpc%2fgrpc-js set size:674221 disposed:false
50 silly fetch manifest @nestjs/websockets@^11.0.0
51 silly packumentCache full:https://registry.npmjs.org/@nestjs%2fwebsockets cache-miss
52 http cache https://registry.npmjs.org/@nestjs%2fwebsockets 3ms (cache hit)
53 silly packumentCache full:https://registry.npmjs.org/@nestjs%2fwebsockets set size:858862 disposed:false
54 silly fetch manifest @nestjs/platform-socket.io@^11.0.0
55 silly packumentCache full:https://registry.npmjs.org/@nestjs%2fplatform-socket.io cache-miss
56 http cache https://registry.npmjs.org/@nestjs%2fplatform-socket.io 3ms (cache hit)
57 silly packumentCache full:https://registry.npmjs.org/@nestjs%2fplatform-socket.io set size:716545 disposed:false
58 silly fetch manifest amqp-connection-manager@*
59 silly packumentCache full:https://registry.npmjs.org/amqp-connection-manager cache-miss
60 http cache https://registry.npmjs.org/amqp-connection-manager 5ms (cache hit)
61 silly packumentCache full:https://registry.npmjs.org/amqp-connection-manager set size:260264 disposed:false
62 silly fetch manifest amqplib@*
63 silly packumentCache full:https://registry.npmjs.org/amqplib cache-miss
64 http cache https://registry.npmjs.org/amqplib 4ms (cache hit)
65 silly packumentCache full:https://registry.npmjs.org/amqplib set size:110182 disposed:false
66 silly fetch manifest cache-manager@*
67 silly packumentCache full:https://registry.npmjs.org/cache-manager cache-miss
68 http cache https://registry.npmjs.org/cache-manager 1ms (cache hit)
69 silly packumentCache full:https://registry.npmjs.org/cache-manager set size:325685 disposed:false
70 silly fetch manifest ioredis@*
71 silly packumentCache full:https://registry.npmjs.org/ioredis cache-miss
72 http cache https://registry.npmjs.org/ioredis 2ms (cache hit)
73 silly packumentCache full:https://registry.npmjs.org/ioredis set size:851250 disposed:false
74 silly fetch manifest kafkajs@*
75 silly packumentCache full:https://registry.npmjs.org/kafkajs cache-miss
76 http cache https://registry.npmjs.org/kafkajs 5ms (cache hit)
77 silly packumentCache full:https://registry.npmjs.org/kafkajs set size:3133174 disposed:false
78 silly fetch manifest mqtt@*
79 silly packumentCache full:https://registry.npmjs.org/mqtt cache-miss
80 http cache https://registry.npmjs.org/mqtt 3ms (cache hit)
81 silly packumentCache full:https://registry.npmjs.org/mqtt set size:816276 disposed:false
82 silly fetch manifest nats@*
83 silly packumentCache full:https://registry.npmjs.org/nats cache-miss
84 http cache https://registry.npmjs.org/nats 2ms (cache hit)
85 silly packumentCache full:https://registry.npmjs.org/nats set size:792333 disposed:false
86 silly fetch manifest @nestjs/platform-express@^11.0.1
87 silly packumentCache full:https://registry.npmjs.org/@nestjs%2fplatform-express cache-miss
88 http cache https://registry.npmjs.org/@nestjs%2fplatform-express 3ms (cache hit)
89 silly packumentCache full:https://registry.npmjs.org/@nestjs%2fplatform-express set size:749449 disposed:false
90 silly fetch manifest typeorm@*
91 silly packumentCache full:https://registry.npmjs.org/typeorm cache-miss
92 http fetch GET 200 https://registry.npmjs.org/typeorm 475ms (cache miss)
93 silly packumentCache full:https://registry.npmjs.org/typeorm set size:undefined disposed:false
94 silly fetch manifest @google-cloud/spanner@^8.0.0
95 silly packumentCache full:https://registry.npmjs.org/@google-cloud%2fspanner cache-miss
96 http fetch GET 200 https://registry.npmjs.org/@google-cloud%2fspanner 712ms (cache miss)
97 silly packumentCache full:https://registry.npmjs.org/@google-cloud%2fspanner set size:undefined disposed:false
98 silly fetch manifest @sap/hana-client@^2.14.22
99 silly packumentCache full:https://registry.npmjs.org/@sap%2fhana-client cache-miss
100 http fetch GET 200 https://registry.npmjs.org/@sap%2fhana-client 196ms (cache miss)
101 silly packumentCache full:https://registry.npmjs.org/@sap%2fhana-client set size:undefined disposed:false
102 silly fetch manifest better-sqlite3@^12.0.0
103 silly packumentCache full:https://registry.npmjs.org/better-sqlite3 cache-miss
104 http fetch GET 200 https://registry.npmjs.org/better-sqlite3 355ms (cache miss)
105 silly packumentCache full:https://registry.npmjs.org/better-sqlite3 set size:undefined disposed:false
106 silly fetch manifest mongodb@^7.0.0
107 silly packumentCache full:https://registry.npmjs.org/mongodb cache-miss
108 http fetch GET 200 https://registry.npmjs.org/mongodb 130ms (cache miss)
109 silly packumentCache full:https://registry.npmjs.org/mongodb set size:undefined disposed:false
110 silly fetch manifest @aws-sdk/credential-providers@^3.806.0
111 silly packumentCache full:https://registry.npmjs.org/@aws-sdk%2fcredential-providers cache-miss
112 http fetch GET 200 https://registry.npmjs.org/@aws-sdk%2fcredential-providers 107ms (cache miss)
113 silly packumentCache full:https://registry.npmjs.org/@aws-sdk%2fcredential-providers set size:undefined disposed:false
114 silly fetch manifest @mongodb-js/zstd@^7.0.0
115 silly packumentCache full:https://registry.npmjs.org/@mongodb-js%2fzstd cache-miss
116 http fetch GET 200 https://registry.npmjs.org/@mongodb-js%2fzstd 572ms (cache miss)
117 silly packumentCache full:https://registry.npmjs.org/@mongodb-js%2fzstd set size:undefined disposed:false
118 silly fetch manifest gcp-metadata@^7.0.1
119 silly packumentCache full:https://registry.npmjs.org/gcp-metadata cache-miss
120 http fetch GET 200 https://registry.npmjs.org/gcp-metadata 45ms (cache miss)
121 silly packumentCache full:https://registry.npmjs.org/gcp-metadata set size:undefined disposed:false
122 silly fetch manifest kerberos@^7.0.0
123 silly packumentCache full:https://registry.npmjs.org/kerberos cache-miss
124 http fetch GET 200 https://registry.npmjs.org/kerberos 46ms (cache miss)
125 silly packumentCache full:https://registry.npmjs.org/kerberos set size:undefined disposed:false
126 silly fetch manifest mongodb-client-encryption@>=7.0.0 <7.1.0
127 silly packumentCache full:https://registry.npmjs.org/mongodb-client-encryption cache-miss
128 http fetch GET 200 https://registry.npmjs.org/mongodb-client-encryption 44ms (cache miss)
129 silly packumentCache full:https://registry.npmjs.org/mongodb-client-encryption set size:undefined disposed:false
130 silly fetch manifest snappy@^7.3.2
131 silly packumentCache full:https://registry.npmjs.org/snappy cache-miss
132 http fetch GET 200 https://registry.npmjs.org/snappy 56ms (cache miss)
133 silly packumentCache full:https://registry.npmjs.org/snappy set size:undefined disposed:false
134 silly fetch manifest socks@^2.8.6
135 silly packumentCache full:https://registry.npmjs.org/socks cache-miss
136 http fetch GET 200 https://registry.npmjs.org/socks 44ms (cache miss)
137 silly packumentCache full:https://registry.npmjs.org/socks set size:undefined disposed:false
138 silly fetch manifest mssql@^12.0.0
139 silly packumentCache full:https://registry.npmjs.org/mssql cache-miss
140 http fetch GET 200 https://registry.npmjs.org/mssql 57ms (cache miss)
141 silly packumentCache full:https://registry.npmjs.org/mssql set size:undefined disposed:false
142 silly fetch manifest mysql2@^3.15.3
143 silly packumentCache full:https://registry.npmjs.org/mysql2 cache-miss
144 http fetch GET 200 https://registry.npmjs.org/mysql2 56ms (cache miss)
145 silly packumentCache full:https://registry.npmjs.org/mysql2 set size:undefined disposed:false
146 silly fetch manifest @types/node@^24.0.0
147 silly packumentCache full:https://registry.npmjs.org/@types%2fnode cache-miss
148 http cache https://registry.npmjs.org/@types%2fnode 18ms (cache hit)
149 silly packumentCache full:https://registry.npmjs.org/@types%2fnode set size:11019425 disposed:false
150 silly fetch manifest oracledb@^6.3.0
151 silly packumentCache full:https://registry.npmjs.org/oracledb cache-miss
152 http fetch GET 200 https://registry.npmjs.org/oracledb 263ms (cache miss)
153 silly packumentCache full:https://registry.npmjs.org/oracledb set size:undefined disposed:false
154 silly fetch manifest pg@*
155 silly packumentCache full:https://registry.npmjs.org/pg cache-miss
156 http fetch GET 200 https://registry.npmjs.org/pg 56ms (cache miss)
157 silly packumentCache full:https://registry.npmjs.org/pg set size:undefined disposed:false
158 silly fetch manifest pg-native@>=3.0.1
159 silly packumentCache full:https://registry.npmjs.org/pg-native cache-miss
160 http fetch GET 200 https://registry.npmjs.org/pg-native 54ms (cache miss)
161 silly packumentCache full:https://registry.npmjs.org/pg-native set size:undefined disposed:false
162 silly fetch manifest pg-query-stream@^4.0.0
163 silly packumentCache full:https://registry.npmjs.org/pg-query-stream cache-miss
164 http fetch GET 200 https://registry.npmjs.org/pg-query-stream 48ms (cache miss)
165 silly packumentCache full:https://registry.npmjs.org/pg-query-stream set size:undefined disposed:false
166 silly fetch manifest redis@^5.0.0
167 silly packumentCache full:https://registry.npmjs.org/redis cache-miss
168 http fetch GET 200 https://registry.npmjs.org/redis 275ms (cache miss)
169 silly packumentCache full:https://registry.npmjs.org/redis set size:undefined disposed:false
170 silly fetch manifest sql.js@^1.4.0
171 silly packumentCache full:https://registry.npmjs.org/sql.js cache-miss
172 http fetch GET 200 https://registry.npmjs.org/sql.js 45ms (cache miss)
173 silly packumentCache full:https://registry.npmjs.org/sql.js set size:undefined disposed:false
174 silly fetch manifest ts-node@^10.9.2
175 silly packumentCache full:https://registry.npmjs.org/ts-node cache-miss
176 http cache https://registry.npmjs.org/ts-node 3ms (cache hit)
177 silly packumentCache full:https://registry.npmjs.org/ts-node set size:574573 disposed:false
178 silly fetch manifest @swc/core@>=1.2.50
179 silly packumentCache full:https://registry.npmjs.org/@swc%2fcore cache-miss
180 http cache https://registry.npmjs.org/@swc%2fcore 9ms (cache hit)
181 silly packumentCache full:https://registry.npmjs.org/@swc%2fcore set size:4033515 disposed:false
182 silly fetch manifest @swc/helpers@>=0.5.17
183 silly packumentCache full:https://registry.npmjs.org/@swc%2fhelpers cache-miss
184 http cache https://registry.npmjs.org/@swc%2fhelpers 2ms (cache hit)
185 silly packumentCache full:https://registry.npmjs.org/@swc%2fhelpers set size:775458 disposed:false
186 silly fetch manifest @swc/wasm@>=1.2.50
187 silly packumentCache full:https://registry.npmjs.org/@swc%2fwasm cache-miss
188 http cache https://registry.npmjs.org/@swc%2fwasm 3ms (cache hit)
189 silly packumentCache full:https://registry.npmjs.org/@swc%2fwasm set size:1358281 disposed:false
190 silly fetch manifest typescript@^5.7.3
191 silly packumentCache full:https://registry.npmjs.org/typescript cache-miss
192 http cache https://registry.npmjs.org/typescript 15ms (cache hit)
193 silly packumentCache full:https://registry.npmjs.org/typescript set size:15409943 disposed:false
194 silly fetch manifest typeorm-aurora-data-api-driver@^3.0.0
195 silly packumentCache full:https://registry.npmjs.org/typeorm-aurora-data-api-driver cache-miss
196 http fetch GET 200 https://registry.npmjs.org/typeorm-aurora-data-api-driver 40ms (cache miss)
197 silly packumentCache full:https://registry.npmjs.org/typeorm-aurora-data-api-driver set size:undefined disposed:false
198 silly fetch manifest @aws-sdk/client-rds-data@^3.490.0
199 silly packumentCache full:https://registry.npmjs.org/@aws-sdk%2fclient-rds-data cache-miss
200 http fetch GET 200 https://registry.npmjs.org/@aws-sdk%2fclient-rds-data 268ms (cache miss)
201 silly packumentCache full:https://registry.npmjs.org/@aws-sdk%2fclient-rds-data set size:undefined disposed:false
202 silly fetch manifest @nestjs/jwt@*
203 silly packumentCache full:https://registry.npmjs.org/@nestjs%2fjwt cache-miss
204 http fetch GET 200 https://registry.npmjs.org/@nestjs%2fjwt 533ms (cache miss)
205 silly packumentCache full:https://registry.npmjs.org/@nestjs%2fjwt set size:undefined disposed:false
206 silly fetch manifest passport-jwt@*
207 silly packumentCache full:https://registry.npmjs.org/passport-jwt cache-miss
208 http fetch GET 200 https://registry.npmjs.org/passport-jwt 54ms (cache miss)
209 silly packumentCache full:https://registry.npmjs.org/passport-jwt set size:undefined disposed:false
210 silly fetch manifest @nestjs/passport@*
211 silly packumentCache full:https://registry.npmjs.org/@nestjs%2fpassport cache-miss
212 http fetch GET 200 https://registry.npmjs.org/@nestjs%2fpassport 516ms (cache miss)
213 silly packumentCache full:https://registry.npmjs.org/@nestjs%2fpassport set size:undefined disposed:false
214 silly fetch manifest passport@^0.5.0 || ^0.6.0 || ^0.7.0
215 silly packumentCache full:https://registry.npmjs.org/passport cache-miss
216 http fetch GET 200 https://registry.npmjs.org/passport 44ms (cache miss)
217 silly packumentCache full:https://registry.npmjs.org/passport set size:undefined disposed:false
218 silly fetch manifest bcrypt@*
219 silly packumentCache full:https://registry.npmjs.org/bcrypt cache-miss
220 http fetch GET 200 https://registry.npmjs.org/bcrypt 260ms (cache miss)
221 silly packumentCache full:https://registry.npmjs.org/bcrypt set size:undefined disposed:false
222 silly fetch manifest @nestjs/swagger@*
223 silly packumentCache full:https://registry.npmjs.org/@nestjs%2fswagger cache-miss
224 http fetch GET 200 https://registry.npmjs.org/@nestjs%2fswagger 814ms (cache miss)
225 silly packumentCache full:https://registry.npmjs.org/@nestjs%2fswagger set size:undefined disposed:false
226 silly fetch manifest @fastify/static@^8.0.0 || ^9.0.0
227 silly packumentCache full:https://registry.npmjs.org/@fastify%2fstatic cache-miss
228 http fetch GET 200 https://registry.npmjs.org/@fastify%2fstatic 418ms (cache miss)
229 silly packumentCache full:https://registry.npmjs.org/@fastify%2fstatic set size:undefined disposed:false
230 silly fetch manifest bullmq@*
231 silly packumentCache full:https://registry.npmjs.org/bullmq cache-miss
232 http fetch GET 200 https://registry.npmjs.org/bullmq 105ms (cache miss)
233 silly packumentCache full:https://registry.npmjs.org/bullmq set size:undefined disposed:false
234 silly fetch manifest redis@>=5.0.0
235 silly packumentCache full:https://registry.npmjs.org/redis cache-miss
236 http cache https://registry.npmjs.org/redis 2ms (cache hit)
237 silly packumentCache full:https://registry.npmjs.org/redis set size:378260 disposed:false
238 silly fetch manifest @nestjs/bullmq@*
239 silly packumentCache full:https://registry.npmjs.org/@nestjs%2fbullmq cache-miss
240 http fetch GET 200 https://registry.npmjs.org/@nestjs%2fbullmq 666ms (cache miss)
241 silly packumentCache full:https://registry.npmjs.org/@nestjs%2fbullmq set size:undefined disposed:false
242 silly fetch manifest @aws-sdk/client-s3@*
243 silly packumentCache full:https://registry.npmjs.org/@aws-sdk%2fclient-s3 cache-miss
244 http fetch GET 200 https://registry.npmjs.org/@aws-sdk%2fclient-s3 155ms (cache miss)
245 silly packumentCache full:https://registry.npmjs.org/@aws-sdk%2fclient-s3 set size:undefined disposed:false
246 silly fetch manifest @opentelemetry/sdk-node@*
247 silly packumentCache full:https://registry.npmjs.org/@opentelemetry%2fsdk-node cache-miss
248 http fetch GET 200 https://registry.npmjs.org/@opentelemetry%2fsdk-node 80ms (cache miss)
249 silly packumentCache full:https://registry.npmjs.org/@opentelemetry%2fsdk-node set size:undefined disposed:false
250 silly fetch manifest @opentelemetry/api@*
251 silly packumentCache full:https://registry.npmjs.org/@opentelemetry%2fapi cache-miss
252 http fetch GET 200 https://registry.npmjs.org/@opentelemetry%2fapi 60ms (cache miss)
253 silly packumentCache full:https://registry.npmjs.org/@opentelemetry%2fapi set size:undefined disposed:false
254 silly fetch manifest @opentelemetry/auto-instrumentations-node@*
255 silly packumentCache full:https://registry.npmjs.org/@opentelemetry%2fauto-instrumentations-node cache-miss
256 http fetch GET 200 https://registry.npmjs.org/@opentelemetry%2fauto-instrumentations-node 816ms (cache miss)
257 silly packumentCache full:https://registry.npmjs.org/@opentelemetry%2fauto-instrumentations-node set size:undefined disposed:false
258 silly fetch manifest @opentelemetry/core@^2.0.0
259 silly packumentCache full:https://registry.npmjs.org/@opentelemetry%2fcore cache-miss
260 http fetch GET 200 https://registry.npmjs.org/@opentelemetry%2fcore 300ms (cache miss)
261 silly packumentCache full:https://registry.npmjs.org/@opentelemetry%2fcore set size:undefined disposed:false
262 silly fetch manifest @opentelemetry/exporter-trace-otlp-grpc@*
263 silly packumentCache full:https://registry.npmjs.org/@opentelemetry%2fexporter-trace-otlp-grpc cache-miss
264 http fetch GET 200 https://registry.npmjs.org/@opentelemetry%2fexporter-trace-otlp-grpc 66ms (cache miss)
265 silly packumentCache full:https://registry.npmjs.org/@opentelemetry%2fexporter-trace-otlp-grpc set size:undefined disposed:false
266 silly fetch manifest @nestjs/config@*
267 silly packumentCache full:https://registry.npmjs.org/@nestjs%2fconfig cache-miss
268 http fetch GET 200 https://registry.npmjs.org/@nestjs%2fconfig 323ms (cache miss)
269 silly packumentCache full:https://registry.npmjs.org/@nestjs%2fconfig set size:undefined disposed:false
270 silly placeDep ROOT @aws-sdk/client-s3@3.1062.0 OK for: travel_expense_backend@0.0.1 want: *
271 silly placeDep ROOT @nestjs/bullmq@11.0.4 OK for: travel_expense_backend@0.0.1 want: *
272 silly placeDep ROOT bullmq@5.78.0 OK for: @nestjs/bullmq@11.0.4 want: ^3.0.0 || ^4.0.0 || ^5.0.0
273 silly placeDep ROOT @nestjs/config@4.0.4 OK for: travel_expense_backend@0.0.1 want: *
274 silly placeDep ROOT @nestjs/jwt@11.0.2 OK for: travel_expense_backend@0.0.1 want: *
275 silly placeDep ROOT @nestjs/passport@11.0.5 OK for: travel_expense_backend@0.0.1 want: *
276 silly placeDep ROOT passport@0.7.0 OK for: @nestjs/passport@11.0.5 want: ^0.5.0 || ^0.6.0 || ^0.7.0
277 silly placeDep ROOT @nestjs/swagger@11.4.4 OK for: travel_expense_backend@0.0.1 want: *
278 silly placeDep ROOT @nestjs/typeorm@11.0.1 OK for: travel_expense_backend@0.0.1 want: *
279 silly placeDep ROOT typeorm@1.0.0 OK for: @nestjs/typeorm@11.0.1 want: ^0.3.0 || ^1.0.0-dev
280 silly placeDep ROOT @opentelemetry/api@1.9.1 OK for: travel_expense_backend@0.0.1 want: *
281 silly placeDep ROOT @opentelemetry/auto-instrumentations-node@0.76.0 OK for: travel_expense_backend@0.0.1 want: *
282 silly placeDep ROOT @opentelemetry/core@2.7.1 OK for: @opentelemetry/auto-instrumentations-node@0.76.0 want: ^2.0.0
283 silly placeDep ROOT @opentelemetry/exporter-trace-otlp-grpc@0.218.0 OK for: travel_expense_backend@0.0.1 want: *
284 silly placeDep ROOT @opentelemetry/sdk-node@0.218.0 OK for: travel_expense_backend@0.0.1 want: *
285 silly placeDep ROOT bcrypt@6.0.0 OK for: travel_expense_backend@0.0.1 want: *
286 silly placeDep ROOT bullmq@5.78.0 REPLACE for: travel_expense_backend@0.0.1 want: *
287 silly placeDep ROOT class-transformer@0.5.1 OK for: travel_expense_backend@0.0.1 want: *
288 silly placeDep ROOT class-validator@0.15.1 OK for: travel_expense_backend@0.0.1 want: *
289 silly placeDep ROOT ioredis@5.11.1 OK for: travel_expense_backend@0.0.1 want: *
290 silly placeDep ROOT passport-jwt@4.0.1 OK for: travel_expense_backend@0.0.1 want: *
291 silly placeDep ROOT pg@8.21.0 OK for: travel_expense_backend@0.0.1 want: *
292 silly placeDep ROOT typeorm@1.0.0 REPLACE for: travel_expense_backend@0.0.1 want: *
293 silly fetch manifest @aws-crypto/sha1-browser@5.2.0
294 silly packumentCache full:https://registry.npmjs.org/@aws-crypto%2fsha1-browser cache-miss
295 silly fetch manifest @aws-crypto/sha256-browser@5.2.0
296 silly packumentCache full:https://registry.npmjs.org/@aws-crypto%2fsha256-browser cache-miss
297 silly fetch manifest @aws-crypto/sha256-js@5.2.0
298 silly packumentCache full:https://registry.npmjs.org/@aws-crypto%2fsha256-js cache-miss
299 silly fetch manifest @aws-sdk/core@^3.974.17
300 silly packumentCache full:https://registry.npmjs.org/@aws-sdk%2fcore cache-miss
301 silly fetch manifest @aws-sdk/credential-provider-node@^3.972.51
302 silly packumentCache full:https://registry.npmjs.org/@aws-sdk%2fcredential-provider-node cache-miss
303 silly fetch manifest @aws-sdk/middleware-flexible-checksums@^3.974.26
304 silly packumentCache full:https://registry.npmjs.org/@aws-sdk%2fmiddleware-flexible-checksums cache-miss
305 silly fetch manifest @aws-sdk/middleware-sdk-s3@^3.972.47
306 silly packumentCache full:https://registry.npmjs.org/@aws-sdk%2fmiddleware-sdk-s3 cache-miss
307 http fetch GET 200 https://registry.npmjs.org/@aws-crypto%2fsha256-browser 82ms (cache miss)
308 silly packumentCache full:https://registry.npmjs.org/@aws-crypto%2fsha256-browser set size:undefined disposed:false
309 silly fetch manifest @aws-sdk/signature-v4-multi-region@^3.996.31
310 silly packumentCache full:https://registry.npmjs.org/@aws-sdk%2fsignature-v4-multi-region cache-miss
311 http fetch GET 200 https://registry.npmjs.org/@aws-crypto%2fsha256-js 139ms (cache miss)
312 silly packumentCache full:https://registry.npmjs.org/@aws-crypto%2fsha256-js set size:undefined disposed:false
313 silly fetch manifest @aws-sdk/types@^3.973.10
314 silly packumentCache full:https://registry.npmjs.org/@aws-sdk%2ftypes cache-miss
315 http fetch GET 200 https://registry.npmjs.org/@aws-sdk%2fmiddleware-flexible-checksums 155ms (cache miss)
316 silly packumentCache full:https://registry.npmjs.org/@aws-sdk%2fmiddleware-flexible-checksums set size:undefined disposed:false
317 silly fetch manifest @smithy/core@^3.24.6
318 silly packumentCache full:https://registry.npmjs.org/@smithy%2fcore cache-miss
319 http fetch GET 200 https://registry.npmjs.org/@aws-sdk%2fcredential-provider-node 186ms (cache miss)
320 silly packumentCache full:https://registry.npmjs.org/@aws-sdk%2fcredential-provider-node set size:undefined disposed:false
321 silly fetch manifest @smithy/fetch-http-handler@^5.4.6
322 silly packumentCache full:https://registry.npmjs.org/@smithy%2ffetch-http-handler cache-miss
323 http fetch GET 200 https://registry.npmjs.org/@aws-sdk%2fcore 203ms (cache miss)
324 silly packumentCache full:https://registry.npmjs.org/@aws-sdk%2fcore set size:undefined disposed:false
325 silly fetch manifest @smithy/node-http-handler@^4.7.6
326 silly packumentCache full:https://registry.npmjs.org/@smithy%2fnode-http-handler cache-miss
327 http fetch GET 200 https://registry.npmjs.org/@smithy%2fcore 58ms (cache miss)
328 silly packumentCache full:https://registry.npmjs.org/@smithy%2fcore set size:undefined disposed:false
329 silly fetch manifest @smithy/types@^4.14.3
330 silly packumentCache full:https://registry.npmjs.org/@smithy%2ftypes cache-miss
331 http fetch GET 200 https://registry.npmjs.org/@smithy%2ffetch-http-handler 53ms (cache miss)
332 silly packumentCache full:https://registry.npmjs.org/@smithy%2ffetch-http-handler set size:undefined disposed:false
333 silly fetch manifest @nestjs/bull-shared@^11.0.4
334 silly packumentCache full:https://registry.npmjs.org/@nestjs%2fbull-shared cache-miss
335 http fetch GET 200 https://registry.npmjs.org/@smithy%2ftypes 66ms (cache miss)
336 silly packumentCache full:https://registry.npmjs.org/@smithy%2ftypes set size:undefined disposed:false
337 silly fetch manifest cron-parser@4.9.0
338 silly packumentCache full:https://registry.npmjs.org/cron-parser cache-miss
339 http fetch GET 200 https://registry.npmjs.org/@smithy%2fnode-http-handler 80ms (cache miss)
340 silly packumentCache full:https://registry.npmjs.org/@smithy%2fnode-http-handler set size:undefined disposed:false
341 silly fetch manifest ioredis@5.10.1
342 silly packumentCache full:https://registry.npmjs.org/ioredis cache-hit
343 silly fetch manifest msgpackr@2.0.2
344 silly packumentCache full:https://registry.npmjs.org/msgpackr cache-miss
345 http fetch GET 200 https://registry.npmjs.org/msgpackr 63ms (cache miss)
346 silly packumentCache full:https://registry.npmjs.org/msgpackr set size:undefined disposed:false
347 silly fetch manifest semver@7.8.0
348 silly packumentCache full:https://registry.npmjs.org/semver cache-miss
349 http cache https://registry.npmjs.org/semver 2ms (cache hit)
350 silly packumentCache full:https://registry.npmjs.org/semver set size:238286 disposed:false
351 silly fetch manifest dotenv@17.4.1
352 silly packumentCache full:https://registry.npmjs.org/dotenv cache-miss
353 http fetch GET 200 https://registry.npmjs.org/@aws-crypto%2fsha1-browser 360ms (cache miss)
354 silly packumentCache full:https://registry.npmjs.org/@aws-crypto%2fsha1-browser set size:undefined disposed:false
355 silly fetch manifest dotenv-expand@12.0.3
356 silly packumentCache full:https://registry.npmjs.org/dotenv-expand cache-miss
357 http fetch GET 200 https://registry.npmjs.org/@aws-sdk%2fmiddleware-sdk-s3 384ms (cache miss)
358 silly packumentCache full:https://registry.npmjs.org/@aws-sdk%2fmiddleware-sdk-s3 set size:undefined disposed:false
359 silly fetch manifest @types/jsonwebtoken@9.0.10
360 silly packumentCache full:https://registry.npmjs.org/@types%2fjsonwebtoken cache-miss
361 http fetch GET 200 https://registry.npmjs.org/@aws-sdk%2fsignature-v4-multi-region 313ms (cache miss)
362 silly packumentCache full:https://registry.npmjs.org/@aws-sdk%2fsignature-v4-multi-region set size:undefined disposed:false
363 silly fetch manifest jsonwebtoken@9.0.3
364 silly packumentCache full:https://registry.npmjs.org/jsonwebtoken cache-miss
365 http fetch GET 200 https://registry.npmjs.org/dotenv 52ms (cache miss)
366 silly packumentCache full:https://registry.npmjs.org/dotenv set size:undefined disposed:false
367 silly fetch manifest pause@0.0.1
368 silly packumentCache full:https://registry.npmjs.org/pause cache-miss
369 http fetch GET 200 https://registry.npmjs.org/dotenv-expand 59ms (cache miss)
370 silly packumentCache full:https://registry.npmjs.org/dotenv-expand set size:undefined disposed:false
371 silly fetch manifest utils-merge@^1.0.1
372 silly packumentCache full:https://registry.npmjs.org/utils-merge cache-miss
373 http fetch GET 200 https://registry.npmjs.org/@aws-sdk%2ftypes 300ms (cache miss)
374 silly packumentCache full:https://registry.npmjs.org/@aws-sdk%2ftypes set size:undefined disposed:false
375 silly fetch manifest passport-strategy@1.x.x
376 silly packumentCache full:https://registry.npmjs.org/passport-strategy cache-miss
377 http fetch GET 200 https://registry.npmjs.org/@types%2fjsonwebtoken 52ms (cache miss)
378 silly packumentCache full:https://registry.npmjs.org/@types%2fjsonwebtoken set size:undefined disposed:false
379 silly fetch manifest js-yaml@4.1.1
380 silly packumentCache full:https://registry.npmjs.org/js-yaml cache-miss
381 http fetch GET 200 https://registry.npmjs.org/jsonwebtoken 44ms (cache miss)
382 silly packumentCache full:https://registry.npmjs.org/jsonwebtoken set size:undefined disposed:false
383 silly fetch manifest swagger-ui-dist@5.32.6
384 silly packumentCache full:https://registry.npmjs.org/swagger-ui-dist cache-miss
385 http cache https://registry.npmjs.org/js-yaml 3ms (cache hit)
386 silly packumentCache full:https://registry.npmjs.org/js-yaml set size:152841 disposed:false
387 silly fetch manifest @microsoft/tsdoc@0.16.0
388 silly packumentCache full:https://registry.npmjs.org/@microsoft%2ftsdoc cache-miss
389 http fetch GET 200 https://registry.npmjs.org/utils-merge 34ms (cache miss)
390 silly packumentCache full:https://registry.npmjs.org/utils-merge set size:undefined disposed:false
391 silly fetch manifest @nestjs/mapped-types@2.1.1
392 silly packumentCache full:https://registry.npmjs.org/@nestjs%2fmapped-types cache-miss
393 http fetch GET 200 https://registry.npmjs.org/swagger-ui-dist 64ms (cache miss)
394 silly packumentCache full:https://registry.npmjs.org/swagger-ui-dist set size:undefined disposed:false
395 silly fetch manifest dayjs@^1.11.20
396 silly packumentCache full:https://registry.npmjs.org/dayjs cache-miss
397 http fetch GET 200 https://registry.npmjs.org/cron-parser 269ms (cache miss)
398 silly packumentCache full:https://registry.npmjs.org/cron-parser set size:undefined disposed:false
399 silly fetch manifest yargs@^18.0.0
400 silly packumentCache full:https://registry.npmjs.org/yargs cache-miss
401 http cache https://registry.npmjs.org/yargs 2ms (cache hit)
402 silly packumentCache full:https://registry.npmjs.org/yargs set size:743056 disposed:false
403 silly fetch manifest sql-highlight@^6.1.0
404 silly packumentCache full:https://registry.npmjs.org/sql-highlight cache-miss
405 http fetch GET 200 https://registry.npmjs.org/dayjs 82ms (cache miss)
406 silly packumentCache full:https://registry.npmjs.org/dayjs set size:undefined disposed:false
407 silly fetch manifest @sqltools/formatter@^1.2.5
408 silly packumentCache full:https://registry.npmjs.org/@sqltools%2fformatter cache-miss
409 http fetch GET 200 https://registry.npmjs.org/sql-highlight 36ms (cache miss)
410 silly packumentCache full:https://registry.npmjs.org/sql-highlight set size:undefined disposed:false
411 silly fetch manifest @opentelemetry/instrumentation@^0.218.0
412 silly packumentCache full:https://registry.npmjs.org/@opentelemetry%2finstrumentation cache-miss
413 http fetch GET 200 https://registry.npmjs.org/@microsoft%2ftsdoc 190ms (cache miss)
414 silly packumentCache full:https://registry.npmjs.org/@microsoft%2ftsdoc set size:undefined disposed:false
415 silly fetch manifest @opentelemetry/instrumentation-amqplib@^0.65.0
416 silly packumentCache full:https://registry.npmjs.org/@opentelemetry%2finstrumentation-amqplib cache-miss
417 http fetch GET 200 https://registry.npmjs.org/pause 254ms (cache miss)
418 silly packumentCache full:https://registry.npmjs.org/pause set size:undefined disposed:false
419 silly fetch manifest @opentelemetry/instrumentation-aws-lambda@^0.70.0
420 silly packumentCache full:https://registry.npmjs.org/@opentelemetry%2finstrumentation-aws-lambda cache-miss
421 http fetch GET 200 https://registry.npmjs.org/passport-strategy 252ms (cache miss)
422 silly packumentCache full:https://registry.npmjs.org/passport-strategy set size:undefined disposed:false
423 silly fetch manifest @opentelemetry/instrumentation-aws-sdk@^0.73.0
424 silly packumentCache full:https://registry.npmjs.org/@opentelemetry%2finstrumentation-aws-sdk cache-miss
425 http fetch GET 200 https://registry.npmjs.org/@sqltools%2fformatter 221ms (cache miss)
426 silly packumentCache full:https://registry.npmjs.org/@sqltools%2fformatter set size:undefined disposed:false
427 silly fetch manifest @opentelemetry/instrumentation-bunyan@^0.63.0
428 silly packumentCache full:https://registry.npmjs.org/@opentelemetry%2finstrumentation-bunyan cache-miss
429 http fetch GET 200 https://registry.npmjs.org/@nestjs%2fmapped-types 414ms (cache miss)
430 silly packumentCache full:https://registry.npmjs.org/@nestjs%2fmapped-types set size:undefined disposed:false
431 silly fetch manifest @opentelemetry/instrumentation-cassandra-driver@^0.63.0
432 silly packumentCache full:https://registry.npmjs.org/@opentelemetry%2finstrumentation-cassandra-driver cache-miss
433 http fetch GET 200 https://registry.npmjs.org/@opentelemetry%2finstrumentation-bunyan 53ms (cache miss)
434 silly packumentCache full:https://registry.npmjs.org/@opentelemetry%2finstrumentation-bunyan set size:undefined disposed:false
435 silly fetch manifest @opentelemetry/instrumentation-connect@^0.61.0
436 silly packumentCache full:https://registry.npmjs.org/@opentelemetry%2finstrumentation-connect cache-miss
437 http fetch GET 200 https://registry.npmjs.org/@nestjs%2fbull-shared 665ms (cache miss)
438 silly packumentCache full:https://registry.npmjs.org/@nestjs%2fbull-shared set size:undefined disposed:false
439 silly fetch manifest @opentelemetry/instrumentation-cucumber@^0.34.0
440 silly packumentCache full:https://registry.npmjs.org/@opentelemetry%2finstrumentation-cucumber cache-miss
441 http fetch GET 200 https://registry.npmjs.org/@opentelemetry%2finstrumentation-amqplib 573ms (cache miss)
442 silly packumentCache full:https://registry.npmjs.org/@opentelemetry%2finstrumentation-amqplib set size:undefined disposed:false
443 silly fetch manifest @opentelemetry/instrumentation-dataloader@^0.35.0
444 silly packumentCache full:https://registry.npmjs.org/@opentelemetry%2finstrumentation-dataloader cache-miss
445 http fetch GET 200 https://registry.npmjs.org/@opentelemetry%2finstrumentation 668ms (cache miss)
446 silly packumentCache full:https://registry.npmjs.org/@opentelemetry%2finstrumentation set size:undefined disposed:false
447 silly fetch manifest @opentelemetry/instrumentation-dns@^0.61.0
448 silly packumentCache full:https://registry.npmjs.org/@opentelemetry%2finstrumentation-dns cache-miss
449 http fetch GET 200 https://registry.npmjs.org/@opentelemetry%2finstrumentation-aws-sdk 637ms (cache miss)
450 silly packumentCache full:https://registry.npmjs.org/@opentelemetry%2finstrumentation-aws-sdk set size:undefined disposed:false
451 silly fetch manifest @opentelemetry/instrumentation-express@^0.66.0
452 silly packumentCache full:https://registry.npmjs.org/@opentelemetry%2finstrumentation-express cache-miss
453 http fetch GET 200 https://registry.npmjs.org/@opentelemetry%2finstrumentation-cassandra-driver 487ms (cache miss)
454 silly packumentCache full:https://registry.npmjs.org/@opentelemetry%2finstrumentation-cassandra-driver set size:undefined disposed:false
455 silly fetch manifest @opentelemetry/instrumentation-fs@^0.37.0
456 silly packumentCache full:https://registry.npmjs.org/@opentelemetry%2finstrumentation-fs cache-miss
457 http fetch GET 200 https://registry.npmjs.org/@opentelemetry%2finstrumentation-aws-lambda 749ms (cache miss)
458 silly packumentCache full:https://registry.npmjs.org/@opentelemetry%2finstrumentation-aws-lambda set size:undefined disposed:false
459 silly fetch manifest @opentelemetry/instrumentation-generic-pool@^0.61.0
460 silly packumentCache full:https://registry.npmjs.org/@opentelemetry%2finstrumentation-generic-pool cache-miss
461 http fetch GET 200 https://registry.npmjs.org/@opentelemetry%2finstrumentation-connect 638ms (cache miss)
462 silly packumentCache full:https://registry.npmjs.org/@opentelemetry%2finstrumentation-connect set size:undefined disposed:false
463 silly fetch manifest @opentelemetry/instrumentation-graphql@^0.66.0
464 silly packumentCache full:https://registry.npmjs.org/@opentelemetry%2finstrumentation-graphql cache-miss
465 http fetch GET 200 https://registry.npmjs.org/@opentelemetry%2finstrumentation-cucumber 679ms (cache miss)
466 silly packumentCache full:https://registry.npmjs.org/@opentelemetry%2finstrumentation-cucumber set size:undefined disposed:false
467 silly fetch manifest @opentelemetry/instrumentation-grpc@^0.218.0
468 silly packumentCache full:https://registry.npmjs.org/@opentelemetry%2finstrumentation-grpc cache-miss
469 http fetch GET 200 https://registry.npmjs.org/@opentelemetry%2finstrumentation-dataloader 504ms (cache miss)
470 silly packumentCache full:https://registry.npmjs.org/@opentelemetry%2finstrumentation-dataloader set size:undefined disposed:false
471 silly fetch manifest @opentelemetry/instrumentation-hapi@^0.64.0
472 silly packumentCache full:https://registry.npmjs.org/@opentelemetry%2finstrumentation-hapi cache-miss
473 http fetch GET 200 https://registry.npmjs.org/@opentelemetry%2finstrumentation-dns 484ms (cache miss)
474 silly packumentCache full:https://registry.npmjs.org/@opentelemetry%2finstrumentation-dns set size:undefined disposed:false
475 silly fetch manifest @opentelemetry/instrumentation-http@^0.218.0
476 silly packumentCache full:https://registry.npmjs.org/@opentelemetry%2finstrumentation-http cache-miss
477 http fetch GET 200 https://registry.npmjs.org/@opentelemetry%2finstrumentation-graphql 268ms (cache miss)
478 silly packumentCache full:https://registry.npmjs.org/@opentelemetry%2finstrumentation-graphql set size:undefined disposed:false
479 silly fetch manifest @opentelemetry/instrumentation-ioredis@^0.66.0
480 silly packumentCache full:https://registry.npmjs.org/@opentelemetry%2finstrumentation-ioredis cache-miss
481 http fetch GET 200 https://registry.npmjs.org/@opentelemetry%2finstrumentation-express 512ms (cache miss)
482 silly packumentCache full:https://registry.npmjs.org/@opentelemetry%2finstrumentation-express set size:undefined disposed:false
483 silly fetch manifest @opentelemetry/instrumentation-kafkajs@^0.27.0
484 silly packumentCache full:https://registry.npmjs.org/@opentelemetry%2finstrumentation-kafkajs cache-miss
485 http fetch GET 200 https://registry.npmjs.org/@opentelemetry%2finstrumentation-fs 490ms (cache miss)
486 silly packumentCache full:https://registry.npmjs.org/@opentelemetry%2finstrumentation-fs set size:undefined disposed:false
487 silly fetch manifest @opentelemetry/instrumentation-knex@^0.62.0
488 silly packumentCache full:https://registry.npmjs.org/@opentelemetry%2finstrumentation-knex cache-miss
489 http fetch GET 200 https://registry.npmjs.org/@opentelemetry%2finstrumentation-generic-pool 510ms (cache miss)
490 silly packumentCache full:https://registry.npmjs.org/@opentelemetry%2finstrumentation-generic-pool set size:undefined disposed:false
491 silly fetch manifest @opentelemetry/instrumentation-koa@^0.66.0
492 silly packumentCache full:https://registry.npmjs.org/@opentelemetry%2finstrumentation-koa cache-miss
493 http fetch GET 200 https://registry.npmjs.org/@opentelemetry%2finstrumentation-koa 61ms (cache miss)
494 silly packumentCache full:https://registry.npmjs.org/@opentelemetry%2finstrumentation-koa set size:undefined disposed:false
495 silly fetch manifest @opentelemetry/instrumentation-lru-memoizer@^0.62.0
496 silly packumentCache full:https://registry.npmjs.org/@opentelemetry%2finstrumentation-lru-memoizer cache-miss
497 http fetch GET 200 https://registry.npmjs.org/@opentelemetry%2finstrumentation-lru-memoizer 62ms (cache miss)
498 silly packumentCache full:https://registry.npmjs.org/@opentelemetry%2finstrumentation-lru-memoizer set size:undefined disposed:false
499 silly fetch manifest @opentelemetry/instrumentation-memcached@^0.61.0
500 silly packumentCache full:https://registry.npmjs.org/@opentelemetry%2finstrumentation-memcached cache-miss
501 http fetch GET 200 https://registry.npmjs.org/@opentelemetry%2finstrumentation-hapi 492ms (cache miss)
502 silly packumentCache full:https://registry.npmjs.org/@opentelemetry%2finstrumentation-hapi set size:undefined disposed:false
503 silly fetch manifest @opentelemetry/instrumentation-mongodb@^0.71.0
504 silly packumentCache full:https://registry.npmjs.org/@opentelemetry%2finstrumentation-mongodb cache-miss
505 http fetch GET 200 https://registry.npmjs.org/@opentelemetry%2finstrumentation-http 511ms (cache miss)
506 silly packumentCache full:https://registry.npmjs.org/@opentelemetry%2finstrumentation-http set size:undefined disposed:false
507 silly fetch manifest @opentelemetry/instrumentation-mongoose@^0.64.0
508 silly packumentCache full:https://registry.npmjs.org/@opentelemetry%2finstrumentation-mongoose cache-miss
509 http fetch GET 200 https://registry.npmjs.org/@opentelemetry%2finstrumentation-ioredis 498ms (cache miss)
510 silly packumentCache full:https://registry.npmjs.org/@opentelemetry%2finstrumentation-ioredis set size:undefined disposed:false
511 silly fetch manifest @opentelemetry/instrumentation-mysql@^0.64.0
512 silly packumentCache full:https://registry.npmjs.org/@opentelemetry%2finstrumentation-mysql cache-miss
513 http fetch GET 200 https://registry.npmjs.org/@opentelemetry%2finstrumentation-kafkajs 503ms (cache miss)
514 silly packumentCache full:https://registry.npmjs.org/@opentelemetry%2finstrumentation-kafkajs set size:undefined disposed:false
515 silly fetch manifest @opentelemetry/instrumentation-mysql2@^0.64.0
516 silly packumentCache full:https://registry.npmjs.org/@opentelemetry%2finstrumentation-mysql2 cache-miss
517 http fetch GET 200 https://registry.npmjs.org/@opentelemetry%2finstrumentation-knex 504ms (cache miss)
518 silly packumentCache full:https://registry.npmjs.org/@opentelemetry%2finstrumentation-knex set size:undefined disposed:false
519 silly fetch manifest @opentelemetry/instrumentation-nestjs-core@^0.64.0
520 silly packumentCache full:https://registry.npmjs.org/@opentelemetry%2finstrumentation-nestjs-core cache-miss
521 http fetch GET 200 https://registry.npmjs.org/@opentelemetry%2finstrumentation-grpc 780ms (cache miss)
522 silly packumentCache full:https://registry.npmjs.org/@opentelemetry%2finstrumentation-grpc set size:undefined disposed:false
523 silly fetch manifest @opentelemetry/instrumentation-net@^0.62.0
524 silly packumentCache full:https://registry.npmjs.org/@opentelemetry%2finstrumentation-net cache-miss
525 http fetch GET 200 https://registry.npmjs.org/@opentelemetry%2finstrumentation-memcached 302ms (cache miss)
526 silly packumentCache full:https://registry.npmjs.org/@opentelemetry%2finstrumentation-memcached set size:undefined disposed:false
527 silly fetch manifest @opentelemetry/instrumentation-openai@^0.16.0
528 silly packumentCache full:https://registry.npmjs.org/@opentelemetry%2finstrumentation-openai cache-miss
529 http fetch GET 200 https://registry.npmjs.org/@opentelemetry%2finstrumentation-nestjs-core 57ms (cache miss)
530 silly packumentCache full:https://registry.npmjs.org/@opentelemetry%2finstrumentation-nestjs-core set size:undefined disposed:false
531 silly fetch manifest @opentelemetry/instrumentation-oracledb@^0.43.0
532 silly packumentCache full:https://registry.npmjs.org/@opentelemetry%2finstrumentation-oracledb cache-miss
533 http fetch GET 200 https://registry.npmjs.org/@opentelemetry%2finstrumentation-oracledb 548ms (cache miss)
534 silly packumentCache full:https://registry.npmjs.org/@opentelemetry%2finstrumentation-oracledb set size:undefined disposed:false
535 silly fetch manifest @opentelemetry/instrumentation-pg@^0.70.0
536 silly packumentCache full:https://registry.npmjs.org/@opentelemetry%2finstrumentation-pg cache-miss
537 http fetch GET 200 https://registry.npmjs.org/@opentelemetry%2finstrumentation-mongoose 688ms (cache miss)
538 silly packumentCache full:https://registry.npmjs.org/@opentelemetry%2finstrumentation-mongoose set size:undefined disposed:false
539 silly fetch manifest @opentelemetry/instrumentation-pino@^0.64.0
540 silly packumentCache full:https://registry.npmjs.org/@opentelemetry%2finstrumentation-pino cache-miss
541 http fetch GET 200 https://registry.npmjs.org/@opentelemetry%2finstrumentation-mysql 684ms (cache miss)
542 silly packumentCache full:https://registry.npmjs.org/@opentelemetry%2finstrumentation-mysql set size:undefined disposed:false
543 silly fetch manifest @opentelemetry/instrumentation-redis@^0.66.0
544 silly packumentCache full:https://registry.npmjs.org/@opentelemetry%2finstrumentation-redis cache-miss
545 http fetch GET 200 https://registry.npmjs.org/@opentelemetry%2finstrumentation-mysql2 618ms (cache miss)
546 silly packumentCache full:https://registry.npmjs.org/@opentelemetry%2finstrumentation-mysql2 set size:undefined disposed:false
547 silly fetch manifest @opentelemetry/instrumentation-restify@^0.63.0
548 silly packumentCache full:https://registry.npmjs.org/@opentelemetry%2finstrumentation-restify cache-miss
549 http fetch GET 200 https://registry.npmjs.org/@opentelemetry%2finstrumentation-mongodb 760ms (cache miss)
550 silly packumentCache full:https://registry.npmjs.org/@opentelemetry%2finstrumentation-mongodb set size:undefined disposed:false
551 silly fetch manifest @opentelemetry/instrumentation-router@^0.62.0
552 silly packumentCache full:https://registry.npmjs.org/@opentelemetry%2finstrumentation-router cache-miss
553 http fetch GET 200 https://registry.npmjs.org/@opentelemetry%2finstrumentation-openai 689ms (cache miss)
554 silly packumentCache full:https://registry.npmjs.org/@opentelemetry%2finstrumentation-openai set size:undefined disposed:false
555 silly fetch manifest @opentelemetry/instrumentation-runtime-node@^0.31.0
556 silly packumentCache full:https://registry.npmjs.org/@opentelemetry%2finstrumentation-runtime-node cache-miss
557 http fetch GET 200 https://registry.npmjs.org/@opentelemetry%2finstrumentation-net 729ms (cache miss)
558 silly packumentCache full:https://registry.npmjs.org/@opentelemetry%2finstrumentation-net set size:undefined disposed:false
559 silly fetch manifest @opentelemetry/instrumentation-socket.io@^0.65.0
560 silly packumentCache full:https://registry.npmjs.org/@opentelemetry%2finstrumentation-socket.io cache-miss
561 http fetch GET 200 https://registry.npmjs.org/@opentelemetry%2finstrumentation-redis 595ms (cache miss)
562 silly packumentCache full:https://registry.npmjs.org/@opentelemetry%2finstrumentation-redis set size:undefined disposed:false
563 silly fetch manifest @opentelemetry/instrumentation-tedious@^0.37.0
564 silly packumentCache full:https://registry.npmjs.org/@opentelemetry%2finstrumentation-tedious cache-miss
565 http fetch GET 200 https://registry.npmjs.org/@opentelemetry%2finstrumentation-pg 606ms (cache miss)
566 silly packumentCache full:https://registry.npmjs.org/@opentelemetry%2finstrumentation-pg set size:undefined disposed:false
567 silly fetch manifest @opentelemetry/instrumentation-undici@^0.28.0
568 silly packumentCache full:https://registry.npmjs.org/@opentelemetry%2finstrumentation-undici cache-miss
569 http fetch GET 200 https://registry.npmjs.org/@opentelemetry%2finstrumentation-restify 613ms (cache miss)
570 silly packumentCache full:https://registry.npmjs.org/@opentelemetry%2finstrumentation-restify set size:undefined disposed:false
571 silly fetch manifest @opentelemetry/instrumentation-winston@^0.62.0
572 silly packumentCache full:https://registry.npmjs.org/@opentelemetry%2finstrumentation-winston cache-miss
573 http fetch GET 200 https://registry.npmjs.org/@opentelemetry%2finstrumentation-router 630ms (cache miss)
574 silly packumentCache full:https://registry.npmjs.org/@opentelemetry%2finstrumentation-router set size:undefined disposed:false
575 silly fetch manifest @opentelemetry/resource-detector-alibaba-cloud@^0.33.8
576 silly packumentCache full:https://registry.npmjs.org/@opentelemetry%2fresource-detector-alibaba-cloud cache-miss
577 http fetch GET 200 https://registry.npmjs.org/@opentelemetry%2finstrumentation-tedious 48ms (cache miss)
578 silly packumentCache full:https://registry.npmjs.org/@opentelemetry%2finstrumentation-tedious set size:undefined disposed:false
579 silly fetch manifest @opentelemetry/resource-detector-aws@^2.18.0
580 silly packumentCache full:https://registry.npmjs.org/@opentelemetry%2fresource-detector-aws cache-miss
581 http fetch GET 200 https://registry.npmjs.org/@opentelemetry%2finstrumentation-pino 656ms (cache miss)
582 silly packumentCache full:https://registry.npmjs.org/@opentelemetry%2finstrumentation-pino set size:undefined disposed:false
583 silly fetch manifest @opentelemetry/resource-detector-azure@^0.26.0
584 silly packumentCache full:https://registry.npmjs.org/@opentelemetry%2fresource-detector-azure cache-miss
585 http fetch GET 200 https://registry.npmjs.org/@opentelemetry%2finstrumentation-runtime-node 562ms (cache miss)
586 silly packumentCache full:https://registry.npmjs.org/@opentelemetry%2finstrumentation-runtime-node set size:undefined disposed:false
587 silly fetch manifest @opentelemetry/resource-detector-container@^0.8.9
588 silly packumentCache full:https://registry.npmjs.org/@opentelemetry%2fresource-detector-container cache-miss
589 http fetch GET 200 https://registry.npmjs.org/@opentelemetry%2finstrumentation-socket.io 682ms (cache miss)
590 silly packumentCache full:https://registry.npmjs.org/@opentelemetry%2finstrumentation-socket.io set size:undefined disposed:false
591 silly fetch manifest @opentelemetry/resource-detector-gcp@^0.53.0
592 silly packumentCache full:https://registry.npmjs.org/@opentelemetry%2fresource-detector-gcp cache-miss
593 http fetch GET 200 https://registry.npmjs.org/@opentelemetry%2fresource-detector-azure 241ms (cache miss)
594 silly packumentCache full:https://registry.npmjs.org/@opentelemetry%2fresource-detector-azure set size:undefined disposed:false
595 silly fetch manifest @opentelemetry/resources@^2.0.0
596 silly packumentCache full:https://registry.npmjs.org/@opentelemetry%2fresources cache-miss
597 http fetch GET 200 https://registry.npmjs.org/@opentelemetry%2fresource-detector-aws 252ms (cache miss)
598 silly packumentCache full:https://registry.npmjs.org/@opentelemetry%2fresource-detector-aws set size:undefined disposed:false
599 silly fetch manifest @opentelemetry/sdk-node@^0.218.0
600 silly packumentCache full:https://registry.npmjs.org/@opentelemetry%2fsdk-node cache-miss
601 http cache https://registry.npmjs.org/@opentelemetry%2fsdk-node 2ms (cache hit)
602 silly packumentCache full:https://registry.npmjs.org/@opentelemetry%2fsdk-node set size:980527 disposed:false
603 silly fetch manifest @opentelemetry/semantic-conventions@^1.29.0
604 silly packumentCache full:https://registry.npmjs.org/@opentelemetry%2fsemantic-conventions cache-miss
605 http fetch GET 200 https://registry.npmjs.org/@opentelemetry%2fsemantic-conventions 63ms (cache miss)
606 silly packumentCache full:https://registry.npmjs.org/@opentelemetry%2fsemantic-conventions set size:undefined disposed:false
607 silly fetch manifest @grpc/grpc-js@^1.14.3
608 silly packumentCache full:https://registry.npmjs.org/@grpc%2fgrpc-js cache-hit
609 silly fetch manifest @opentelemetry/otlp-exporter-base@0.218.0
610 silly packumentCache full:https://registry.npmjs.org/@opentelemetry%2fotlp-exporter-base cache-miss
611 http fetch GET 200 https://registry.npmjs.org/@opentelemetry%2fotlp-exporter-base 54ms (cache miss)
612 silly packumentCache full:https://registry.npmjs.org/@opentelemetry%2fotlp-exporter-base set size:undefined disposed:false
613 silly fetch manifest @opentelemetry/otlp-grpc-exporter-base@0.218.0
614 silly packumentCache full:https://registry.npmjs.org/@opentelemetry%2fotlp-grpc-exporter-base cache-miss
615 http fetch GET 200 https://registry.npmjs.org/@opentelemetry%2finstrumentation-winston 459ms (cache miss)
616 silly packumentCache full:https://registry.npmjs.org/@opentelemetry%2finstrumentation-winston set size:undefined disposed:false
617 silly fetch manifest @opentelemetry/otlp-transformer@0.218.0
618 silly packumentCache full:https://registry.npmjs.org/@opentelemetry%2fotlp-transformer cache-miss
619 http fetch GET 200 https://registry.npmjs.org/@opentelemetry%2fotlp-grpc-exporter-base 80ms (cache miss)
620 silly packumentCache full:https://registry.npmjs.org/@opentelemetry%2fotlp-grpc-exporter-base set size:undefined disposed:false
621 silly fetch manifest @opentelemetry/resources@2.7.1
622 silly packumentCache full:https://registry.npmjs.org/@opentelemetry%2fresources cache-miss
623 http fetch GET 200 https://registry.npmjs.org/@opentelemetry%2finstrumentation-undici 519ms (cache miss)
624 silly packumentCache full:https://registry.npmjs.org/@opentelemetry%2finstrumentation-undici set size:undefined disposed:false
625 silly fetch manifest @opentelemetry/sdk-trace-base@2.7.1
626 silly packumentCache full:https://registry.npmjs.org/@opentelemetry%2fsdk-trace-base cache-miss
627 http fetch GET 200 https://registry.npmjs.org/@opentelemetry%2fresource-detector-gcp 301ms (cache miss)
628 silly packumentCache full:https://registry.npmjs.org/@opentelemetry%2fresource-detector-gcp set size:undefined disposed:false
629 silly fetch manifest @opentelemetry/api-logs@0.218.0
630 silly packumentCache full:https://registry.npmjs.org/@opentelemetry%2fapi-logs cache-miss
631 http fetch GET 200 https://registry.npmjs.org/@opentelemetry%2fresource-detector-alibaba-cloud 499ms (cache miss)
632 silly packumentCache full:https://registry.npmjs.org/@opentelemetry%2fresource-detector-alibaba-cloud set size:undefined disposed:false
633 silly fetch manifest @opentelemetry/configuration@0.218.0
634 silly packumentCache full:https://registry.npmjs.org/@opentelemetry%2fconfiguration cache-miss
635 http fetch GET 200 https://registry.npmjs.org/@opentelemetry%2fotlp-transformer 60ms (cache miss)
636 silly packumentCache full:https://registry.npmjs.org/@opentelemetry%2fotlp-transformer set size:undefined disposed:false
637 silly fetch manifest @opentelemetry/context-async-hooks@2.7.1
638 silly packumentCache full:https://registry.npmjs.org/@opentelemetry%2fcontext-async-hooks cache-miss
639 http fetch GET 200 https://registry.npmjs.org/@opentelemetry%2fresource-detector-container 456ms (cache miss)
640 silly packumentCache full:https://registry.npmjs.org/@opentelemetry%2fresource-detector-container set size:undefined disposed:false
641 silly fetch manifest @opentelemetry/exporter-logs-otlp-grpc@0.218.0
642 silly packumentCache full:https://registry.npmjs.org/@opentelemetry%2fexporter-logs-otlp-grpc cache-miss
643 http fetch GET 200 https://registry.npmjs.org/@opentelemetry%2fresources 273ms (cache miss)
644 silly packumentCache full:https://registry.npmjs.org/@opentelemetry%2fresources set size:undefined disposed:false
645 silly fetch manifest @opentelemetry/exporter-logs-otlp-http@0.218.0
646 silly packumentCache full:https://registry.npmjs.org/@opentelemetry%2fexporter-logs-otlp-http cache-miss
647 http fetch GET 200 https://registry.npmjs.org/@opentelemetry%2fapi-logs 63ms (cache miss)
648 silly packumentCache full:https://registry.npmjs.org/@opentelemetry%2fapi-logs set size:undefined disposed:false
649 silly fetch manifest @opentelemetry/exporter-logs-otlp-proto@0.218.0
650 silly packumentCache full:https://registry.npmjs.org/@opentelemetry%2fexporter-logs-otlp-proto cache-miss
651 http fetch GET 200 https://registry.npmjs.org/@opentelemetry%2fresources 75ms (cache miss)
652 silly packumentCache full:https://registry.npmjs.org/@opentelemetry%2fresources set size:undefined disposed:false
653 silly fetch manifest @opentelemetry/exporter-metrics-otlp-grpc@0.218.0
654 silly packumentCache full:https://registry.npmjs.org/@opentelemetry%2fexporter-metrics-otlp-grpc cache-miss
655 http fetch GET 200 https://registry.npmjs.org/@opentelemetry%2fcontext-async-hooks 68ms (cache miss)
656 silly packumentCache full:https://registry.npmjs.org/@opentelemetry%2fcontext-async-hooks set size:undefined disposed:false
657 silly fetch manifest @opentelemetry/exporter-metrics-otlp-http@0.218.0
658 silly packumentCache full:https://registry.npmjs.org/@opentelemetry%2fexporter-metrics-otlp-http cache-miss
659 http fetch GET 200 https://registry.npmjs.org/@opentelemetry%2fexporter-logs-otlp-http 50ms (cache miss)
660 silly packumentCache full:https://registry.npmjs.org/@opentelemetry%2fexporter-logs-otlp-http set size:undefined disposed:false
661 silly fetch manifest @opentelemetry/exporter-metrics-otlp-proto@0.218.0
662 silly packumentCache full:https://registry.npmjs.org/@opentelemetry%2fexporter-metrics-otlp-proto cache-miss
663 http fetch GET 200 https://registry.npmjs.org/@opentelemetry%2fexporter-logs-otlp-proto 58ms (cache miss)
664 silly packumentCache full:https://registry.npmjs.org/@opentelemetry%2fexporter-logs-otlp-proto set size:undefined disposed:false
665 silly fetch manifest @opentelemetry/exporter-prometheus@0.218.0
666 silly packumentCache full:https://registry.npmjs.org/@opentelemetry%2fexporter-prometheus cache-miss
667 http fetch GET 200 https://registry.npmjs.org/@opentelemetry%2fexporter-metrics-otlp-http 59ms (cache miss)
668 silly packumentCache full:https://registry.npmjs.org/@opentelemetry%2fexporter-metrics-otlp-http set size:undefined disposed:false
669 silly fetch manifest @opentelemetry/exporter-trace-otlp-http@0.218.0
670 silly packumentCache full:https://registry.npmjs.org/@opentelemetry%2fexporter-trace-otlp-http cache-miss
671 http fetch GET 200 https://registry.npmjs.org/@opentelemetry%2fexporter-prometheus 79ms (cache miss)
672 silly packumentCache full:https://registry.npmjs.org/@opentelemetry%2fexporter-prometheus set size:undefined disposed:false
673 silly fetch manifest @opentelemetry/exporter-trace-otlp-proto@0.218.0
674 silly packumentCache full:https://registry.npmjs.org/@opentelemetry%2fexporter-trace-otlp-proto cache-miss
675 http fetch GET 200 https://registry.npmjs.org/@opentelemetry%2fexporter-trace-otlp-http 61ms (cache miss)
676 silly packumentCache full:https://registry.npmjs.org/@opentelemetry%2fexporter-trace-otlp-http set size:undefined disposed:false
677 silly fetch manifest @opentelemetry/exporter-zipkin@2.7.1
678 silly packumentCache full:https://registry.npmjs.org/@opentelemetry%2fexporter-zipkin cache-miss
679 http fetch GET 200 https://registry.npmjs.org/@opentelemetry%2fconfiguration 275ms (cache miss)
680 silly packumentCache full:https://registry.npmjs.org/@opentelemetry%2fconfiguration set size:undefined disposed:false
681 silly fetch manifest @opentelemetry/instrumentation@0.218.0
682 silly packumentCache full:https://registry.npmjs.org/@opentelemetry%2finstrumentation cache-miss
683 http fetch GET 200 https://registry.npmjs.org/@opentelemetry%2fsdk-trace-base 294ms (cache miss)
684 silly packumentCache full:https://registry.npmjs.org/@opentelemetry%2fsdk-trace-base set size:undefined disposed:false
685 silly fetch manifest @opentelemetry/propagator-b3@2.7.1
686 silly packumentCache full:https://registry.npmjs.org/@opentelemetry%2fpropagator-b3 cache-miss
687 http cache https://registry.npmjs.org/@opentelemetry%2finstrumentation 6ms (cache hit)
688 silly packumentCache full:https://registry.npmjs.org/@opentelemetry%2finstrumentation set size:711006 disposed:false
689 silly fetch manifest @opentelemetry/propagator-jaeger@2.7.1
690 silly packumentCache full:https://registry.npmjs.org/@opentelemetry%2fpropagator-jaeger cache-miss
691 http fetch GET 200 https://registry.npmjs.org/@opentelemetry%2fexporter-zipkin 93ms (cache miss)
692 silly packumentCache full:https://registry.npmjs.org/@opentelemetry%2fexporter-zipkin set size:undefined disposed:false
693 silly fetch manifest @opentelemetry/sdk-logs@0.218.0
694 silly packumentCache full:https://registry.npmjs.org/@opentelemetry%2fsdk-logs cache-miss
695 http fetch GET 200 https://registry.npmjs.org/@opentelemetry%2fexporter-logs-otlp-grpc 278ms (cache miss)
696 silly packumentCache full:https://registry.npmjs.org/@opentelemetry%2fexporter-logs-otlp-grpc set size:undefined disposed:false
697 silly fetch manifest @opentelemetry/sdk-metrics@2.7.1
698 silly packumentCache full:https://registry.npmjs.org/@opentelemetry%2fsdk-metrics cache-miss
699 http fetch GET 200 https://registry.npmjs.org/@opentelemetry%2fpropagator-b3 56ms (cache miss)
700 silly packumentCache full:https://registry.npmjs.org/@opentelemetry%2fpropagator-b3 set size:undefined disposed:false
701 silly fetch manifest @opentelemetry/sdk-trace-node@2.7.1
702 silly packumentCache full:https://registry.npmjs.org/@opentelemetry%2fsdk-trace-node cache-miss
703 http fetch GET 200 https://registry.npmjs.org/@opentelemetry%2fexporter-metrics-otlp-grpc 286ms (cache miss)
704 silly packumentCache full:https://registry.npmjs.org/@opentelemetry%2fexporter-metrics-otlp-grpc set size:undefined disposed:false
705 silly fetch manifest node-addon-api@^8.3.0
706 silly packumentCache full:https://registry.npmjs.org/node-addon-api cache-miss
707 http fetch GET 200 https://registry.npmjs.org/@opentelemetry%2fsdk-logs 51ms (cache miss)
708 silly packumentCache full:https://registry.npmjs.org/@opentelemetry%2fsdk-logs set size:undefined disposed:false
709 silly fetch manifest node-gyp-build@^4.8.4
710 silly packumentCache full:https://registry.npmjs.org/node-gyp-build cache-miss
711 http fetch GET 200 https://registry.npmjs.org/@opentelemetry%2fpropagator-jaeger 68ms (cache miss)
712 silly packumentCache full:https://registry.npmjs.org/@opentelemetry%2fpropagator-jaeger set size:undefined disposed:false
713 silly fetch manifest @types/validator@^13.15.3
714 silly packumentCache full:https://registry.npmjs.org/@types%2fvalidator cache-miss
715 http fetch GET 200 https://registry.npmjs.org/node-addon-api 47ms (cache miss)
716 silly packumentCache full:https://registry.npmjs.org/node-addon-api set size:undefined disposed:false
717 silly fetch manifest libphonenumber-js@^1.11.1
718 silly packumentCache full:https://registry.npmjs.org/libphonenumber-js cache-miss
719 http fetch GET 200 https://registry.npmjs.org/@types%2fvalidator 53ms (cache miss)
720 silly packumentCache full:https://registry.npmjs.org/@types%2fvalidator set size:undefined disposed:false
721 silly fetch manifest validator@^13.15.22
722 silly packumentCache full:https://registry.npmjs.org/validator cache-miss
723 http fetch GET 200 https://registry.npmjs.org/validator 74ms (cache miss)
724 silly packumentCache full:https://registry.npmjs.org/validator set size:undefined disposed:false
725 silly fetch manifest @ioredis/commands@1.10.0
726 silly packumentCache full:https://registry.npmjs.org/@ioredis%2fcommands cache-miss
727 http fetch GET 200 https://registry.npmjs.org/@opentelemetry%2fexporter-trace-otlp-proto 298ms (cache miss)
728 silly packumentCache full:https://registry.npmjs.org/@opentelemetry%2fexporter-trace-otlp-proto set size:undefined disposed:false
729 silly fetch manifest cluster-key-slot@1.1.1
730 silly packumentCache full:https://registry.npmjs.org/cluster-key-slot cache-miss
731 http fetch GET 200 https://registry.npmjs.org/libphonenumber-js 112ms (cache miss)
732 silly packumentCache full:https://registry.npmjs.org/libphonenumber-js set size:undefined disposed:false
733 silly fetch manifest denque@2.1.0
734 silly packumentCache full:https://registry.npmjs.org/denque cache-miss
735 http fetch GET 200 https://registry.npmjs.org/denque 44ms (cache miss)
736 silly packumentCache full:https://registry.npmjs.org/denque set size:undefined disposed:false
737 silly fetch manifest redis-errors@1.2.0
738 silly packumentCache full:https://registry.npmjs.org/redis-errors cache-miss
739 http fetch GET 200 https://registry.npmjs.org/@opentelemetry%2fexporter-metrics-otlp-proto 491ms (cache miss)
740 silly packumentCache full:https://registry.npmjs.org/@opentelemetry%2fexporter-metrics-otlp-proto set size:undefined disposed:false
741 silly fetch manifest redis-parser@3.0.0
742 silly packumentCache full:https://registry.npmjs.org/redis-parser cache-miss
743 http fetch GET 200 https://registry.npmjs.org/node-gyp-build 252ms (cache miss)
744 silly packumentCache full:https://registry.npmjs.org/node-gyp-build set size:undefined disposed:false
745 silly fetch manifest standard-as-callback@2.1.0
746 silly packumentCache full:https://registry.npmjs.org/standard-as-callback cache-miss
747 http fetch GET 200 https://registry.npmjs.org/@opentelemetry%2fsdk-trace-node 261ms (cache miss)
748 silly packumentCache full:https://registry.npmjs.org/@opentelemetry%2fsdk-trace-node set size:undefined disposed:false
749 silly fetch manifest jsonwebtoken@^9.0.0
750 silly packumentCache full:https://registry.npmjs.org/jsonwebtoken cache-miss
751 http cache https://registry.npmjs.org/jsonwebtoken 1ms (cache hit)
752 silly packumentCache full:https://registry.npmjs.org/jsonwebtoken set size:183531 disposed:false
753 silly fetch manifest passport-strategy@^1.0.0
754 silly packumentCache full:https://registry.npmjs.org/passport-strategy cache-miss
755 http cache https://registry.npmjs.org/passport-strategy 1ms (cache hit)
756 silly packumentCache full:https://registry.npmjs.org/passport-strategy set size:5677 disposed:false
757 silly fetch manifest pg-connection-string@^2.13.0
758 silly packumentCache full:https://registry.npmjs.org/pg-connection-string cache-miss
759 http fetch GET 200 https://registry.npmjs.org/redis-parser 34ms (cache miss)
760 silly packumentCache full:https://registry.npmjs.org/redis-parser set size:undefined disposed:false
761 silly fetch manifest pg-pool@^3.14.0
762 silly packumentCache full:https://registry.npmjs.org/pg-pool cache-miss
763 http fetch GET 200 https://registry.npmjs.org/pg-connection-string 33ms (cache miss)
764 silly packumentCache full:https://registry.npmjs.org/pg-connection-string set size:undefined disposed:false
765 silly fetch manifest pg-protocol@^1.14.0
766 silly packumentCache full:https://registry.npmjs.org/pg-protocol cache-miss
767 http fetch GET 200 https://registry.npmjs.org/pg-pool 36ms (cache miss)
768 silly packumentCache full:https://registry.npmjs.org/pg-pool set size:undefined disposed:false
769 silly fetch manifest pg-types@2.2.0
770 silly packumentCache full:https://registry.npmjs.org/pg-types cache-miss
771 http fetch GET 200 https://registry.npmjs.org/pg-protocol 46ms (cache miss)
772 silly packumentCache full:https://registry.npmjs.org/pg-protocol set size:undefined disposed:false
773 silly fetch manifest pgpass@1.0.5
774 silly packumentCache full:https://registry.npmjs.org/pgpass cache-miss
775 http fetch GET 200 https://registry.npmjs.org/pg-types 36ms (cache miss)
776 silly packumentCache full:https://registry.npmjs.org/pg-types set size:undefined disposed:false
777 silly fetch manifest pg-cloudflare@^1.4.0
778 silly packumentCache full:https://registry.npmjs.org/pg-cloudflare cache-miss
779 http fetch GET 200 https://registry.npmjs.org/pgpass 40ms (cache miss)
780 silly packumentCache full:https://registry.npmjs.org/pgpass set size:undefined disposed:false
781 http fetch GET 200 https://registry.npmjs.org/pg-cloudflare 34ms (cache miss)
782 silly packumentCache full:https://registry.npmjs.org/pg-cloudflare set size:undefined disposed:false
783 http fetch GET 200 https://registry.npmjs.org/cluster-key-slot 262ms (cache miss)
784 silly packumentCache full:https://registry.npmjs.org/cluster-key-slot set size:undefined disposed:false
785 http fetch GET 200 https://registry.npmjs.org/@ioredis%2fcommands 300ms (cache miss)
786 silly packumentCache full:https://registry.npmjs.org/@ioredis%2fcommands set size:undefined disposed:false
787 http fetch GET 200 https://registry.npmjs.org/@opentelemetry%2fsdk-metrics 510ms (cache miss)
788 silly packumentCache full:https://registry.npmjs.org/@opentelemetry%2fsdk-metrics set size:undefined disposed:false
789 http fetch GET 200 https://registry.npmjs.org/redis-errors 259ms (cache miss)
790 silly packumentCache full:https://registry.npmjs.org/redis-errors set size:undefined disposed:false
791 http fetch GET 200 https://registry.npmjs.org/standard-as-callback 255ms (cache miss)
792 silly packumentCache full:https://registry.npmjs.org/standard-as-callback set size:undefined disposed:false
793 silly placeDep ROOT @aws-crypto/sha1-browser@5.2.0 OK for: @aws-sdk/client-s3@3.1062.0 want: 5.2.0
794 silly placeDep ROOT @aws-crypto/sha256-browser@5.2.0 OK for: @aws-sdk/client-s3@3.1062.0 want: 5.2.0
795 silly placeDep ROOT @aws-crypto/sha256-js@5.2.0 OK for: @aws-sdk/client-s3@3.1062.0 want: 5.2.0
796 silly placeDep ROOT @aws-sdk/core@3.974.17 OK for: @aws-sdk/client-s3@3.1062.0 want: ^3.974.17
797 silly placeDep ROOT @aws-sdk/credential-provider-node@3.972.51 OK for: @aws-sdk/client-s3@3.1062.0 want: ^3.972.51
798 silly placeDep ROOT @aws-sdk/middleware-flexible-checksums@3.974.26 OK for: @aws-sdk/client-s3@3.1062.0 want: ^3.974.26
799 silly placeDep ROOT @aws-sdk/middleware-sdk-s3@3.972.47 OK for: @aws-sdk/client-s3@3.1062.0 want: ^3.972.47
800 silly placeDep ROOT @aws-sdk/signature-v4-multi-region@3.996.31 OK for: @aws-sdk/client-s3@3.1062.0 want: ^3.996.31
801 silly placeDep ROOT @aws-sdk/types@3.973.10 OK for: @aws-sdk/client-s3@3.1062.0 want: ^3.973.10
802 silly placeDep ROOT @smithy/core@3.24.6 OK for: @aws-sdk/client-s3@3.1062.0 want: ^3.24.6
803 silly placeDep ROOT @smithy/fetch-http-handler@5.4.6 OK for: @aws-sdk/client-s3@3.1062.0 want: ^5.4.6
804 silly placeDep ROOT @smithy/node-http-handler@4.7.7 OK for: @aws-sdk/client-s3@3.1062.0 want: ^4.7.6
805 silly placeDep ROOT @smithy/types@4.14.3 OK for: @aws-sdk/client-s3@3.1062.0 want: ^4.14.3
806 silly fetch manifest @aws-sdk/types@^3.222.0
807 silly packumentCache full:https://registry.npmjs.org/@aws-sdk%2ftypes cache-miss
808 silly fetch manifest @aws-crypto/util@^5.2.0
809 silly packumentCache full:https://registry.npmjs.org/@aws-crypto%2futil cache-miss
810 silly fetch manifest @smithy/util-utf8@^2.0.0
811 silly packumentCache full:https://registry.npmjs.org/@smithy%2futil-utf8 cache-miss
812 silly fetch manifest @aws-sdk/util-locate-window@^3.0.0
813 silly packumentCache full:https://registry.npmjs.org/@aws-sdk%2futil-locate-window cache-miss
814 silly fetch manifest @aws-crypto/supports-web-crypto@^5.2.0
815 silly packumentCache full:https://registry.npmjs.org/@aws-crypto%2fsupports-web-crypto cache-miss
816 silly fetch manifest @aws-sdk/types@^3.222.0
817 silly packumentCache full:https://registry.npmjs.org/@aws-sdk%2ftypes cache-miss
818 silly fetch manifest @aws-crypto/util@^5.2.0
819 silly packumentCache full:https://registry.npmjs.org/@aws-crypto%2futil cache-miss
820 http cache https://registry.npmjs.org/@aws-sdk%2ftypes 3ms (cache hit)
821 silly packumentCache full:https://registry.npmjs.org/@aws-sdk%2ftypes set size:524746 disposed:false
822 silly fetch manifest @smithy/util-utf8@^2.0.0
823 silly packumentCache full:https://registry.npmjs.org/@smithy%2futil-utf8 cache-miss
824 http cache https://registry.npmjs.org/@aws-sdk%2ftypes 7ms (cache hit)
825 silly packumentCache full:https://registry.npmjs.org/@aws-sdk%2ftypes set size:524746 disposed:false
826 silly packumentCache full:https://registry.npmjs.org/@aws-sdk%2ftypes dispose
827 silly fetch manifest @aws-crypto/sha256-js@^5.2.0
828 silly packumentCache full:https://registry.npmjs.org/@aws-crypto%2fsha256-js cache-miss
829 http cache https://registry.npmjs.org/@aws-crypto%2fsha256-js 1ms (cache hit)
830 silly packumentCache full:https://registry.npmjs.org/@aws-crypto%2fsha256-js set size:54628 disposed:false
831 silly fetch manifest @aws-sdk/util-locate-window@^3.0.0
832 silly packumentCache full:https://registry.npmjs.org/@aws-sdk%2futil-locate-window cache-miss
833 http fetch GET 200 https://registry.npmjs.org/@aws-crypto%2futil 46ms (cache miss)
834 silly packumentCache full:https://registry.npmjs.org/@aws-crypto%2futil set size:undefined disposed:false
835 silly fetch manifest @aws-crypto/supports-web-crypto@^5.2.0
836 silly packumentCache full:https://registry.npmjs.org/@aws-crypto%2fsupports-web-crypto cache-miss
837 http fetch GET 200 https://registry.npmjs.org/@smithy%2futil-utf8 47ms (cache miss)
838 silly packumentCache full:https://registry.npmjs.org/@smithy%2futil-utf8 set size:undefined disposed:false
839 silly fetch manifest @aws-sdk/xml-builder@^3.972.27
840 silly packumentCache full:https://registry.npmjs.org/@aws-sdk%2fxml-builder cache-miss
841 http fetch GET 200 https://registry.npmjs.org/@aws-crypto%2futil 67ms (cache miss)
842 silly packumentCache full:https://registry.npmjs.org/@aws-crypto%2futil set size:undefined disposed:false
843 silly fetch manifest @aws/lambda-invoke-store@^0.2.2
844 silly packumentCache full:https://registry.npmjs.org/@aws%2flambda-invoke-store cache-miss
845 http fetch GET 200 https://registry.npmjs.org/@smithy%2futil-utf8 64ms (cache miss)
846 silly packumentCache full:https://registry.npmjs.org/@smithy%2futil-utf8 set size:undefined disposed:false
847 silly fetch manifest @smithy/signature-v4@^5.4.6
848 silly packumentCache full:https://registry.npmjs.org/@smithy%2fsignature-v4 cache-miss
849 http fetch GET 200 https://registry.npmjs.org/@aws-crypto%2fsupports-web-crypto 70ms (cache miss)
850 silly packumentCache full:https://registry.npmjs.org/@aws-crypto%2fsupports-web-crypto set size:undefined disposed:false
851 silly fetch manifest bowser@^2.11.0
852 silly packumentCache full:https://registry.npmjs.org/bowser cache-miss
853 http fetch GET 200 https://registry.npmjs.org/@aws-sdk%2futil-locate-window 71ms (cache miss)
854 silly packumentCache full:https://registry.npmjs.org/@aws-sdk%2futil-locate-window set size:undefined disposed:false
855 silly fetch manifest @aws-sdk/credential-provider-env@^3.972.43
856 silly packumentCache full:https://registry.npmjs.org/@aws-sdk%2fcredential-provider-env cache-miss
857 http fetch GET 200 https://registry.npmjs.org/@aws-sdk%2futil-locate-window 63ms (cache miss)
858 silly packumentCache full:https://registry.npmjs.org/@aws-sdk%2futil-locate-window set size:undefined disposed:false
859 silly fetch manifest @aws-sdk/credential-provider-http@^3.972.45
860 silly packumentCache full:https://registry.npmjs.org/@aws-sdk%2fcredential-provider-http cache-miss
861 http fetch GET 200 https://registry.npmjs.org/@aws-crypto%2fsupports-web-crypto 44ms (cache miss)
862 silly packumentCache full:https://registry.npmjs.org/@aws-crypto%2fsupports-web-crypto set size:undefined disposed:false
863 silly fetch manifest @aws-sdk/credential-provider-ini@^3.972.49
864 silly packumentCache full:https://registry.npmjs.org/@aws-sdk%2fcredential-provider-ini cache-miss
865 http fetch GET 200 https://registry.npmjs.org/@aws-sdk%2fxml-builder 51ms (cache miss)
866 silly packumentCache full:https://registry.npmjs.org/@aws-sdk%2fxml-builder set size:undefined disposed:false
867 silly fetch manifest @aws-sdk/credential-provider-process@^3.972.43
868 silly packumentCache full:https://registry.npmjs.org/@aws-sdk%2fcredential-provider-process cache-miss
869 http fetch GET 200 https://registry.npmjs.org/@aws%2flambda-invoke-store 64ms (cache miss)
870 silly packumentCache full:https://registry.npmjs.org/@aws%2flambda-invoke-store set size:undefined disposed:false
871 silly fetch manifest @aws-sdk/credential-provider-sso@^3.972.48
872 silly packumentCache full:https://registry.npmjs.org/@aws-sdk%2fcredential-provider-sso cache-miss
873 http fetch GET 200 https://registry.npmjs.org/bowser 63ms (cache miss)
874 silly packumentCache full:https://registry.npmjs.org/bowser set size:undefined disposed:false
875 silly fetch manifest @aws-sdk/credential-provider-web-identity@^3.972.48
876 silly packumentCache full:https://registry.npmjs.org/@aws-sdk%2fcredential-provider-web-identity cache-miss
877 http fetch GET 200 https://registry.npmjs.org/@smithy%2fsignature-v4 66ms (cache miss)
878 silly packumentCache full:https://registry.npmjs.org/@smithy%2fsignature-v4 set size:undefined disposed:false
879 silly fetch manifest @smithy/credential-provider-imds@^4.3.7
880 silly packumentCache full:https://registry.npmjs.org/@smithy%2fcredential-provider-imds cache-miss
881 http fetch GET 200 https://registry.npmjs.org/@aws-sdk%2fcredential-provider-http 64ms (cache miss)
882 silly packumentCache full:https://registry.npmjs.org/@aws-sdk%2fcredential-provider-http set size:undefined disposed:false
883 silly fetch manifest @aws-sdk/checksums@^3.1000.1
884 silly packumentCache full:https://registry.npmjs.org/@aws-sdk%2fchecksums cache-miss
885 http fetch GET 200 https://registry.npmjs.org/@aws-sdk%2fcredential-provider-env 84ms (cache miss)
886 silly packumentCache full:https://registry.npmjs.org/@aws-sdk%2fcredential-provider-env set size:undefined disposed:false
887 silly fetch manifest @aws-crypto/crc32@5.2.0
888 silly packumentCache full:https://registry.npmjs.org/@aws-crypto%2fcrc32 cache-miss
889 http fetch GET 200 https://registry.npmjs.org/@aws-sdk%2fcredential-provider-ini 83ms (cache miss)
890 silly packumentCache full:https://registry.npmjs.org/@aws-sdk%2fcredential-provider-ini set size:undefined disposed:false
891 http fetch GET 200 https://registry.npmjs.org/@aws-sdk%2fchecksums 54ms (cache miss)
892 silly packumentCache full:https://registry.npmjs.org/@aws-sdk%2fchecksums set size:undefined disposed:false
893 http fetch GET 200 https://registry.npmjs.org/@smithy%2fcredential-provider-imds 60ms (cache miss)
894 silly packumentCache full:https://registry.npmjs.org/@smithy%2fcredential-provider-imds set size:undefined disposed:false
895 http fetch GET 200 https://registry.npmjs.org/@aws-sdk%2fcredential-provider-web-identity 67ms (cache miss)
896 silly packumentCache full:https://registry.npmjs.org/@aws-sdk%2fcredential-provider-web-identity set size:undefined disposed:false
897 http fetch GET 200 https://registry.npmjs.org/@aws-crypto%2fcrc32 52ms (cache miss)
898 silly packumentCache full:https://registry.npmjs.org/@aws-crypto%2fcrc32 set size:undefined disposed:false
899 http fetch GET 200 https://registry.npmjs.org/@aws-sdk%2fcredential-provider-sso 104ms (cache miss)
900 silly packumentCache full:https://registry.npmjs.org/@aws-sdk%2fcredential-provider-sso set size:undefined disposed:false
901 http fetch GET 200 https://registry.npmjs.org/@aws-sdk%2fcredential-provider-process 271ms (cache miss)
902 silly packumentCache full:https://registry.npmjs.org/@aws-sdk%2fcredential-provider-process set size:undefined disposed:false
903 silly placeDep ROOT @aws-crypto/supports-web-crypto@5.2.0 OK for: @aws-crypto/sha1-browser@5.2.0 want: ^5.2.0
904 silly placeDep ROOT @aws-crypto/util@5.2.0 OK for: @aws-crypto/sha1-browser@5.2.0 want: ^5.2.0
905 silly placeDep ROOT @aws-sdk/util-locate-window@3.965.5 OK for: @aws-crypto/sha1-browser@5.2.0 want: ^3.0.0
906 silly placeDep ROOT @smithy/util-utf8@2.3.0 OK for: @aws-crypto/sha1-browser@5.2.0 want: ^2.0.0
907 silly fetch manifest @smithy/util-buffer-from@^2.2.0
908 silly packumentCache full:https://registry.npmjs.org/@smithy%2futil-buffer-from cache-miss
909 http fetch GET 200 https://registry.npmjs.org/@smithy%2futil-buffer-from 63ms (cache miss)
910 silly packumentCache full:https://registry.npmjs.org/@smithy%2futil-buffer-from set size:undefined disposed:false
911 silly placeDep ROOT @aws-sdk/xml-builder@3.972.27 OK for: @aws-sdk/core@3.974.17 want: ^3.972.27
912 silly placeDep ROOT @aws/lambda-invoke-store@0.2.4 OK for: @aws-sdk/core@3.974.17 want: ^0.2.2
913 silly placeDep ROOT @smithy/signature-v4@5.4.6 OK for: @aws-sdk/core@3.974.17 want: ^5.4.6
914 silly placeDep ROOT bowser@2.14.1 OK for: @aws-sdk/core@3.974.17 want: ^2.11.0
915 silly fetch manifest fast-xml-parser@5.7.3
916 silly packumentCache full:https://registry.npmjs.org/fast-xml-parser cache-miss
917 http fetch GET 200 https://registry.npmjs.org/fast-xml-parser 50ms (cache miss)
918 silly packumentCache full:https://registry.npmjs.org/fast-xml-parser set size:undefined disposed:false
919 silly placeDep ROOT @aws-sdk/credential-provider-env@3.972.43 OK for: @aws-sdk/credential-provider-node@3.972.51 want: ^3.972.43
920 silly placeDep ROOT @aws-sdk/credential-provider-http@3.972.45 OK for: @aws-sdk/credential-provider-node@3.972.51 want: ^3.972.45
921 silly placeDep ROOT @aws-sdk/credential-provider-ini@3.972.49 OK for: @aws-sdk/credential-provider-node@3.972.51 want: ^3.972.49
922 silly placeDep ROOT @aws-sdk/credential-provider-process@3.972.43 OK for: @aws-sdk/credential-provider-node@3.972.51 want: ^3.972.43
923 silly placeDep ROOT @aws-sdk/credential-provider-sso@3.972.48 OK for: @aws-sdk/credential-provider-node@3.972.51 want: ^3.972.48
924 silly placeDep ROOT @aws-sdk/credential-provider-web-identity@3.972.48 OK for: @aws-sdk/credential-provider-node@3.972.51 want: ^3.972.48
925 silly placeDep ROOT @smithy/credential-provider-imds@4.3.8 OK for: @aws-sdk/credential-provider-node@3.972.51 want: ^4.3.7
926 silly fetch manifest @aws-sdk/credential-provider-login@^3.972.48
927 silly packumentCache full:https://registry.npmjs.org/@aws-sdk%2fcredential-provider-login cache-miss
928 silly fetch manifest @aws-sdk/nested-clients@^3.997.16
929 silly packumentCache full:https://registry.npmjs.org/@aws-sdk%2fnested-clients cache-miss
930 silly fetch manifest @aws-sdk/nested-clients@^3.997.16
931 silly packumentCache full:https://registry.npmjs.org/@aws-sdk%2fnested-clients cache-miss
932 silly fetch manifest @aws-sdk/token-providers@3.1062.0
933 silly packumentCache full:https://registry.npmjs.org/@aws-sdk%2ftoken-providers cache-miss
934 silly fetch manifest @aws-sdk/nested-clients@^3.997.16
935 silly packumentCache full:https://registry.npmjs.org/@aws-sdk%2fnested-clients cache-miss
936 http fetch GET 200 https://registry.npmjs.org/@aws-sdk%2fnested-clients 54ms (cache miss)
937 silly packumentCache full:https://registry.npmjs.org/@aws-sdk%2fnested-clients set size:undefined disposed:false
938 http fetch GET 200 https://registry.npmjs.org/@aws-sdk%2fcredential-provider-login 59ms (cache miss)
939 silly packumentCache full:https://registry.npmjs.org/@aws-sdk%2fcredential-provider-login set size:undefined disposed:false
940 http fetch GET 200 https://registry.npmjs.org/@aws-sdk%2fnested-clients 67ms (cache miss)
941 silly packumentCache full:https://registry.npmjs.org/@aws-sdk%2fnested-clients set size:undefined disposed:false
942 http fetch GET 200 https://registry.npmjs.org/@aws-sdk%2fnested-clients 69ms (cache miss)
943 silly packumentCache full:https://registry.npmjs.org/@aws-sdk%2fnested-clients set size:undefined disposed:false
944 http fetch GET 200 https://registry.npmjs.org/@aws-sdk%2ftoken-providers 97ms (cache miss)
945 silly packumentCache full:https://registry.npmjs.org/@aws-sdk%2ftoken-providers set size:undefined disposed:false
946 silly placeDep ROOT @aws-sdk/credential-provider-login@3.972.48 OK for: @aws-sdk/credential-provider-ini@3.972.49 want: ^3.972.48
947 silly placeDep ROOT @aws-sdk/nested-clients@3.997.16 OK for: @aws-sdk/credential-provider-ini@3.972.49 want: ^3.997.16
948 silly placeDep ROOT @aws-sdk/token-providers@3.1062.0 OK for: @aws-sdk/credential-provider-sso@3.972.48 want: 3.1062.0
949 silly placeDep ROOT @aws-sdk/checksums@3.1000.1 OK for: @aws-sdk/middleware-flexible-checksums@3.974.26 want: ^3.1000.1
950 silly fetch manifest @aws-crypto/crc32c@5.2.0
951 silly packumentCache full:https://registry.npmjs.org/@aws-crypto%2fcrc32c cache-miss
952 http fetch GET 200 https://registry.npmjs.org/@aws-crypto%2fcrc32c 45ms (cache miss)
953 silly packumentCache full:https://registry.npmjs.org/@aws-crypto%2fcrc32c set size:undefined disposed:false
954 silly placeDep ROOT @aws-crypto/crc32@5.2.0 OK for: @aws-sdk/checksums@3.1000.1 want: 5.2.0
955 silly placeDep ROOT @aws-crypto/crc32c@5.2.0 OK for: @aws-sdk/checksums@3.1000.1 want: 5.2.0
956 silly placeDep ROOT fast-xml-parser@5.7.3 OK for: @aws-sdk/xml-builder@3.972.27 want: 5.7.3
957 silly fetch manifest strnum@^2.2.3
958 silly packumentCache full:https://registry.npmjs.org/strnum cache-miss
959 silly fetch manifest fast-xml-builder@^1.1.7
960 silly packumentCache full:https://registry.npmjs.org/fast-xml-builder cache-miss
961 silly fetch manifest @nodable/entities@^2.1.0
962 silly packumentCache full:https://registry.npmjs.org/@nodable%2fentities cache-miss
963 silly fetch manifest path-expression-matcher@^1.5.0
964 silly packumentCache full:https://registry.npmjs.org/path-expression-matcher cache-miss
965 http fetch GET 200 https://registry.npmjs.org/fast-xml-builder 32ms (cache miss)
966 silly packumentCache full:https://registry.npmjs.org/fast-xml-builder set size:undefined disposed:false
967 http fetch GET 200 https://registry.npmjs.org/strnum 36ms (cache miss)
968 silly packumentCache full:https://registry.npmjs.org/strnum set size:undefined disposed:false
969 http fetch GET 200 https://registry.npmjs.org/path-expression-matcher 37ms (cache miss)
970 silly packumentCache full:https://registry.npmjs.org/path-expression-matcher set size:undefined disposed:false
971 http fetch GET 200 https://registry.npmjs.org/@nodable%2fentities 53ms (cache miss)
972 silly packumentCache full:https://registry.npmjs.org/@nodable%2fentities set size:undefined disposed:false
973 silly fetch manifest @emnapi/core@^1.7.1
974 silly packumentCache full:https://registry.npmjs.org/@emnapi%2fcore cache-miss
975 http cache https://registry.npmjs.org/@emnapi%2fcore 1ms (cache hit)
976 silly packumentCache full:https://registry.npmjs.org/@emnapi%2fcore set size:108001 disposed:false
977 silly fetch manifest @emnapi/runtime@^1.7.1
978 silly packumentCache full:https://registry.npmjs.org/@emnapi%2fruntime cache-miss
979 http cache https://registry.npmjs.org/@emnapi%2fruntime 1ms (cache hit)
980 silly packumentCache full:https://registry.npmjs.org/@emnapi%2fruntime set size:109985 disposed:false
981 silly placeDep ROOT @emnapi/core@1.10.0 OK for: @napi-rs/wasm-runtime@1.1.4 want: ^1.7.1
982 silly placeDep ROOT @emnapi/runtime@1.10.0 OK for: @napi-rs/wasm-runtime@1.1.4 want: ^1.7.1
983 silly fetch manifest @nestjs/common@^10.0.0 || ^11.0.0
984 silly packumentCache full:https://registry.npmjs.org/@nestjs%2fcommon cache-hit
985 silly fetch manifest class-transformer@>=0.4.1
986 silly packumentCache full:https://registry.npmjs.org/class-transformer cache-hit
987 silly fetch manifest class-validator@>=0.13.2
988 silly packumentCache full:https://registry.npmjs.org/class-validator cache-hit
989 silly fetch manifest reflect-metadata@^0.1.12 || ^0.2.0
990 silly packumentCache full:https://registry.npmjs.org/reflect-metadata cache-hit
991 silly fetch manifest rxjs@^7.1.0
992 silly packumentCache full:https://registry.npmjs.org/rxjs cache-hit
993 silly fetch manifest @nestjs/core@^10.0.0 || ^11.0.0
994 silly packumentCache full:https://registry.npmjs.org/@nestjs%2fcore cache-miss
995 http cache https://registry.npmjs.org/@nestjs%2fcore 2ms (cache hit)
996 silly packumentCache full:https://registry.npmjs.org/@nestjs%2fcore set size:1053269 disposed:false
997 silly fetch manifest @nestjs/platform-express@^11.0.0
998 silly packumentCache full:https://registry.npmjs.org/@nestjs%2fplatform-express cache-hit
999 silly placeDep ROOT @nestjs/bull-shared@11.0.4 OK for: @nestjs/bullmq@11.0.4 want: ^11.0.4
1000 silly placeDep ROOT dotenv@17.4.1 OK for: @nestjs/config@4.0.4 want: 17.4.1
1001 silly placeDep ROOT dotenv-expand@12.0.3 OK for: @nestjs/config@4.0.4 want: 12.0.3
1002 silly fetch manifest dotenv@^16.4.5
1003 silly packumentCache full:https://registry.npmjs.org/dotenv cache-miss
1004 http cache https://registry.npmjs.org/dotenv 3ms (cache hit)
1005 silly packumentCache full:https://registry.npmjs.org/dotenv set size:277832 disposed:false
1006 silly placeDep ROOT @types/jsonwebtoken@9.0.10 OK for: @nestjs/jwt@11.0.2 want: 9.0.10
1007 silly placeDep ROOT jsonwebtoken@9.0.3 OK for: @nestjs/jwt@11.0.2 want: 9.0.3
1008 silly fetch manifest @types/ms@*
1009 silly packumentCache full:https://registry.npmjs.org/@types%2fms cache-miss
1010 silly fetch manifest jws@^4.0.1
1011 silly packumentCache full:https://registry.npmjs.org/jws cache-miss
1012 silly fetch manifest lodash.once@^4.0.0
1013 silly packumentCache full:https://registry.npmjs.org/lodash.once cache-miss
1014 silly fetch manifest lodash.includes@^4.3.0
1015 silly packumentCache full:https://registry.npmjs.org/lodash.includes cache-miss
1016 silly fetch manifest lodash.isnumber@^3.0.3
1017 silly packumentCache full:https://registry.npmjs.org/lodash.isnumber cache-miss
1018 silly fetch manifest lodash.isstring@^4.0.1
1019 silly packumentCache full:https://registry.npmjs.org/lodash.isstring cache-miss
1020 silly fetch manifest lodash.isboolean@^3.0.3
1021 silly packumentCache full:https://registry.npmjs.org/lodash.isboolean cache-miss
1022 http fetch GET 200 https://registry.npmjs.org/lodash.isnumber 43ms (cache miss)
1023 silly packumentCache full:https://registry.npmjs.org/lodash.isnumber set size:undefined disposed:false
1024 silly fetch manifest lodash.isinteger@^4.0.4
1025 silly packumentCache full:https://registry.npmjs.org/lodash.isinteger cache-miss
1026 http fetch GET 200 https://registry.npmjs.org/lodash.isboolean 44ms (cache miss)
1027 silly packumentCache full:https://registry.npmjs.org/lodash.isboolean set size:undefined disposed:false
1028 silly fetch manifest lodash.isplainobject@^4.0.6
1029 silly packumentCache full:https://registry.npmjs.org/lodash.isplainobject cache-miss
1030 http fetch GET 200 https://registry.npmjs.org/lodash.isstring 45ms (cache miss)
1031 silly packumentCache full:https://registry.npmjs.org/lodash.isstring set size:undefined disposed:false
1032 http fetch GET 200 https://registry.npmjs.org/jws 45ms (cache miss)
1033 silly packumentCache full:https://registry.npmjs.org/jws set size:undefined disposed:false
1034 http fetch GET 200 https://registry.npmjs.org/@types%2fms 56ms (cache miss)
1035 silly packumentCache full:https://registry.npmjs.org/@types%2fms set size:undefined disposed:false
1036 http fetch GET 200 https://registry.npmjs.org/lodash.isinteger 36ms (cache miss)
1037 silly packumentCache full:https://registry.npmjs.org/lodash.isinteger set size:undefined disposed:false
1038 http fetch GET 200 https://registry.npmjs.org/lodash.isplainobject 36ms (cache miss)
1039 silly packumentCache full:https://registry.npmjs.org/lodash.isplainobject set size:undefined disposed:false
1040 http fetch GET 200 https://registry.npmjs.org/lodash.once 249ms (cache miss)
1041 silly packumentCache full:https://registry.npmjs.org/lodash.once set size:undefined disposed:false
1042 http fetch GET 200 https://registry.npmjs.org/lodash.includes 254ms (cache miss)
1043 silly packumentCache full:https://registry.npmjs.org/lodash.includes set size:undefined disposed:false
1044 silly placeDep ROOT @microsoft/tsdoc@0.16.0 OK for: @nestjs/swagger@11.4.4 want: 0.16.0
1045 silly placeDep ROOT @nestjs/mapped-types@2.1.1 OK for: @nestjs/swagger@11.4.4 want: 2.1.1
1046 silly placeDep node_modules/@nestjs/swagger js-yaml@4.1.1 OK for: @nestjs/swagger@11.4.4 want: 4.1.1
1047 silly placeDep ROOT swagger-ui-dist@5.32.6 OK for: @nestjs/swagger@11.4.4 want: 5.32.6
1048 silly fetch manifest @scarf/scarf@=1.4.0
1049 silly packumentCache full:https://registry.npmjs.org/@scarf%2fscarf cache-miss
1050 http fetch GET 200 https://registry.npmjs.org/@scarf%2fscarf 292ms (cache miss)
1051 silly packumentCache full:https://registry.npmjs.org/@scarf%2fscarf set size:undefined disposed:false
1052 silly fetch manifest @opentelemetry/api@^1.4.1
1053 silly packumentCache full:https://registry.npmjs.org/@opentelemetry%2fapi cache-miss
1054 http cache https://registry.npmjs.org/@opentelemetry%2fapi 3ms (cache hit)
1055 silly packumentCache full:https://registry.npmjs.org/@opentelemetry%2fapi set size:272967 disposed:false
1056 silly placeDep ROOT @opentelemetry/instrumentation@0.218.0 OK for: @opentelemetry/auto-instrumentations-node@0.76.0 want: ^0.218.0
1057 silly placeDep ROOT @opentelemetry/instrumentation-amqplib@0.65.0 OK for: @opentelemetry/auto-instrumentations-node@0.76.0 want: ^0.65.0
1058 silly placeDep ROOT @opentelemetry/instrumentation-aws-lambda@0.70.0 OK for: @opentelemetry/auto-instrumentations-node@0.76.0 want: ^0.70.0
1059 silly placeDep ROOT @opentelemetry/instrumentation-aws-sdk@0.73.0 OK for: @opentelemetry/auto-instrumentations-node@0.76.0 want: ^0.73.0
1060 silly placeDep ROOT @opentelemetry/instrumentation-bunyan@0.63.0 OK for: @opentelemetry/auto-instrumentations-node@0.76.0 want: ^0.63.0
1061 silly placeDep ROOT @opentelemetry/instrumentation-cassandra-driver@0.63.0 OK for: @opentelemetry/auto-instrumentations-node@0.76.0 want: ^0.63.0
1062 silly placeDep ROOT @opentelemetry/instrumentation-connect@0.61.0 OK for: @opentelemetry/auto-instrumentations-node@0.76.0 want: ^0.61.0
1063 silly placeDep ROOT @opentelemetry/instrumentation-cucumber@0.34.0 OK for: @opentelemetry/auto-instrumentations-node@0.76.0 want: ^0.34.0
1064 silly placeDep ROOT @opentelemetry/instrumentation-dataloader@0.35.0 OK for: @opentelemetry/auto-instrumentations-node@0.76.0 want: ^0.35.0
1065 silly placeDep ROOT @opentelemetry/instrumentation-dns@0.61.0 OK for: @opentelemetry/auto-instrumentations-node@0.76.0 want: ^0.61.0
1066 silly placeDep ROOT @opentelemetry/instrumentation-express@0.66.0 OK for: @opentelemetry/auto-instrumentations-node@0.76.0 want: ^0.66.0
1067 silly placeDep ROOT @opentelemetry/instrumentation-fs@0.37.0 OK for: @opentelemetry/auto-instrumentations-node@0.76.0 want: ^0.37.0
1068 silly placeDep ROOT @opentelemetry/instrumentation-generic-pool@0.61.0 OK for: @opentelemetry/auto-instrumentations-node@0.76.0 want: ^0.61.0
1069 silly placeDep ROOT @opentelemetry/instrumentation-graphql@0.66.0 OK for: @opentelemetry/auto-instrumentations-node@0.76.0 want: ^0.66.0
1070 silly placeDep ROOT @opentelemetry/instrumentation-grpc@0.218.0 OK for: @opentelemetry/auto-instrumentations-node@0.76.0 want: ^0.218.0
1071 silly placeDep ROOT @opentelemetry/instrumentation-hapi@0.64.0 OK for: @opentelemetry/auto-instrumentations-node@0.76.0 want: ^0.64.0
1072 silly placeDep ROOT @opentelemetry/instrumentation-http@0.218.0 OK for: @opentelemetry/auto-instrumentations-node@0.76.0 want: ^0.218.0
1073 silly placeDep ROOT @opentelemetry/instrumentation-ioredis@0.66.0 OK for: @opentelemetry/auto-instrumentations-node@0.76.0 want: ^0.66.0
1074 silly placeDep ROOT @opentelemetry/instrumentation-kafkajs@0.27.0 OK for: @opentelemetry/auto-instrumentations-node@0.76.0 want: ^0.27.0
1075 silly placeDep ROOT @opentelemetry/instrumentation-knex@0.62.0 OK for: @opentelemetry/auto-instrumentations-node@0.76.0 want: ^0.62.0
1076 silly placeDep ROOT @opentelemetry/instrumentation-koa@0.66.0 OK for: @opentelemetry/auto-instrumentations-node@0.76.0 want: ^0.66.0
1077 silly placeDep ROOT @opentelemetry/instrumentation-lru-memoizer@0.62.0 OK for: @opentelemetry/auto-instrumentations-node@0.76.0 want: ^0.62.0
1078 silly placeDep ROOT @opentelemetry/instrumentation-memcached@0.61.0 OK for: @opentelemetry/auto-instrumentations-node@0.76.0 want: ^0.61.0
1079 silly placeDep ROOT @opentelemetry/instrumentation-mongodb@0.71.0 OK for: @opentelemetry/auto-instrumentations-node@0.76.0 want: ^0.71.0
1080 silly placeDep ROOT @opentelemetry/instrumentation-mongoose@0.64.0 OK for: @opentelemetry/auto-instrumentations-node@0.76.0 want: ^0.64.0
1081 silly placeDep ROOT @opentelemetry/instrumentation-mysql@0.64.0 OK for: @opentelemetry/auto-instrumentations-node@0.76.0 want: ^0.64.0
1082 silly placeDep ROOT @opentelemetry/instrumentation-mysql2@0.64.0 OK for: @opentelemetry/auto-instrumentations-node@0.76.0 want: ^0.64.0
1083 silly placeDep ROOT @opentelemetry/instrumentation-nestjs-core@0.64.0 OK for: @opentelemetry/auto-instrumentations-node@0.76.0 want: ^0.64.0
1084 silly placeDep ROOT @opentelemetry/instrumentation-net@0.62.0 OK for: @opentelemetry/auto-instrumentations-node@0.76.0 want: ^0.62.0
1085 silly placeDep ROOT @opentelemetry/instrumentation-openai@0.16.0 OK for: @opentelemetry/auto-instrumentations-node@0.76.0 want: ^0.16.0
1086 silly placeDep ROOT @opentelemetry/instrumentation-oracledb@0.43.0 OK for: @opentelemetry/auto-instrumentations-node@0.76.0 want: ^0.43.0
1087 silly placeDep ROOT @opentelemetry/instrumentation-pg@0.70.0 OK for: @opentelemetry/auto-instrumentations-node@0.76.0 want: ^0.70.0
1088 silly placeDep ROOT @opentelemetry/instrumentation-pino@0.64.0 OK for: @opentelemetry/auto-instrumentations-node@0.76.0 want: ^0.64.0
1089 silly placeDep ROOT @opentelemetry/instrumentation-redis@0.66.0 OK for: @opentelemetry/auto-instrumentations-node@0.76.0 want: ^0.66.0
1090 silly placeDep ROOT @opentelemetry/instrumentation-restify@0.63.0 OK for: @opentelemetry/auto-instrumentations-node@0.76.0 want: ^0.63.0
1091 silly placeDep ROOT @opentelemetry/instrumentation-router@0.62.0 OK for: @opentelemetry/auto-instrumentations-node@0.76.0 want: ^0.62.0
1092 silly placeDep ROOT @opentelemetry/instrumentation-runtime-node@0.31.0 OK for: @opentelemetry/auto-instrumentations-node@0.76.0 want: ^0.31.0
1093 silly placeDep ROOT @opentelemetry/instrumentation-socket.io@0.65.0 OK for: @opentelemetry/auto-instrumentations-node@0.76.0 want: ^0.65.0
1094 silly placeDep ROOT @opentelemetry/instrumentation-tedious@0.37.0 OK for: @opentelemetry/auto-instrumentations-node@0.76.0 want: ^0.37.0
1095 silly placeDep ROOT @opentelemetry/instrumentation-undici@0.28.0 OK for: @opentelemetry/auto-instrumentations-node@0.76.0 want: ^0.28.0
1096 silly placeDep ROOT @opentelemetry/instrumentation-winston@0.62.0 OK for: @opentelemetry/auto-instrumentations-node@0.76.0 want: ^0.62.0
1097 silly placeDep ROOT @opentelemetry/resource-detector-alibaba-cloud@0.33.8 OK for: @opentelemetry/auto-instrumentations-node@0.76.0 want: ^0.33.8
1098 silly placeDep ROOT @opentelemetry/resource-detector-aws@2.18.0 OK for: @opentelemetry/auto-instrumentations-node@0.76.0 want: ^2.18.0
1099 silly placeDep ROOT @opentelemetry/resource-detector-azure@0.26.0 OK for: @opentelemetry/auto-instrumentations-node@0.76.0 want: ^0.26.0
1100 silly placeDep ROOT @opentelemetry/resource-detector-container@0.8.9 OK for: @opentelemetry/auto-instrumentations-node@0.76.0 want: ^0.8.9
1101 silly placeDep ROOT @opentelemetry/resource-detector-gcp@0.53.0 OK for: @opentelemetry/auto-instrumentations-node@0.76.0 want: ^0.53.0
1102 silly placeDep ROOT @opentelemetry/resources@2.7.1 OK for: @opentelemetry/auto-instrumentations-node@0.76.0 want: ^2.0.0
1103 silly fetch manifest import-in-the-middle@^3.0.0
1104 silly packumentCache full:https://registry.npmjs.org/import-in-the-middle cache-miss
1105 silly fetch manifest require-in-the-middle@^8.0.0
1106 silly packumentCache full:https://registry.npmjs.org/require-in-the-middle cache-miss
1107 silly fetch manifest @opentelemetry/semantic-conventions@^1.33.0
1108 silly packumentCache full:https://registry.npmjs.org/@opentelemetry%2fsemantic-conventions cache-miss
1109 silly fetch manifest @opentelemetry/semantic-conventions@^1.27.0
1110 silly packumentCache full:https://registry.npmjs.org/@opentelemetry%2fsemantic-conventions cache-miss
1111 silly fetch manifest @types/aws-lambda@^8.10.155
1112 silly packumentCache full:https://registry.npmjs.org/@types%2faws-lambda cache-miss
1113 silly fetch manifest @opentelemetry/semantic-conventions@^1.34.0
1114 silly packumentCache full:https://registry.npmjs.org/@opentelemetry%2fsemantic-conventions cache-miss
1115 silly fetch manifest @opentelemetry/api-logs@^0.218.0
1116 silly packumentCache full:https://registry.npmjs.org/@opentelemetry%2fapi-logs cache-miss
1117 http cache https://registry.npmjs.org/@opentelemetry%2fsemantic-conventions 3ms (cache hit)
1118 silly packumentCache full:https://registry.npmjs.org/@opentelemetry%2fsemantic-conventions set size:421726 disposed:false
1119 silly fetch manifest @types/bunyan@1.8.11
1120 silly packumentCache full:https://registry.npmjs.org/@types%2fbunyan cache-miss
1121 http cache https://registry.npmjs.org/@opentelemetry%2fsemantic-conventions 6ms (cache hit)
1122 silly packumentCache full:https://registry.npmjs.org/@opentelemetry%2fsemantic-conventions set size:421726 disposed:false
1123 silly packumentCache full:https://registry.npmjs.org/@opentelemetry%2fsemantic-conventions dispose
1124 silly fetch manifest @opentelemetry/semantic-conventions@^1.37.0
1125 silly packumentCache full:https://registry.npmjs.org/@opentelemetry%2fsemantic-conventions cache-hit
1126 silly fetch manifest forwarded-parse@2.1.2
1127 silly packumentCache full:https://registry.npmjs.org/forwarded-parse cache-miss
1128 http cache https://registry.npmjs.org/@opentelemetry%2fapi-logs 8ms (cache hit)
1129 silly packumentCache full:https://registry.npmjs.org/@opentelemetry%2fapi-logs set size:221599 disposed:false
1130 silly fetch manifest @opentelemetry/redis-common@^0.38.3
1131 silly packumentCache full:https://registry.npmjs.org/@opentelemetry%2fredis-common cache-miss
1132 http cache https://registry.npmjs.org/@opentelemetry%2fsemantic-conventions 9ms (cache hit)
1133 silly packumentCache full:https://registry.npmjs.org/@opentelemetry%2fsemantic-conventions set size:421726 disposed:true
1134 silly packumentCache full:https://registry.npmjs.org/@opentelemetry%2fsemantic-conventions dispose
1135 silly fetch manifest @opentelemetry/semantic-conventions@^1.30.0
1136 silly packumentCache full:https://registry.npmjs.org/@opentelemetry%2fsemantic-conventions cache-hit
1137 silly fetch manifest @opentelemetry/semantic-conventions@^1.33.1
1138 silly packumentCache full:https://registry.npmjs.org/@opentelemetry%2fsemantic-conventions cache-hit
1139 silly fetch manifest @opentelemetry/semantic-conventions@^1.36.0
1140 silly packumentCache full:https://registry.npmjs.org/@opentelemetry%2fsemantic-conventions cache-hit
1141 silly fetch manifest @types/memcached@^2.2.6
1142 silly packumentCache full:https://registry.npmjs.org/@types%2fmemcached cache-miss
1143 http fetch GET 200 https://registry.npmjs.org/require-in-the-middle 40ms (cache miss)
1144 silly packumentCache full:https://registry.npmjs.org/require-in-the-middle set size:undefined disposed:false
1145 silly fetch manifest @types/mysql@2.15.27
1146 silly packumentCache full:https://registry.npmjs.org/@types%2fmysql cache-miss
1147 http fetch GET 200 https://registry.npmjs.org/import-in-the-middle 42ms (cache miss)
1148 silly packumentCache full:https://registry.npmjs.org/import-in-the-middle set size:undefined disposed:false
1149 silly fetch manifest @opentelemetry/sql-common@^0.41.2
1150 silly packumentCache full:https://registry.npmjs.org/@opentelemetry%2fsql-common cache-miss
1151 http fetch GET 200 https://registry.npmjs.org/forwarded-parse 266ms (cache miss)
1152 silly packumentCache full:https://registry.npmjs.org/forwarded-parse set size:undefined disposed:false
1153 silly fetch manifest @types/oracledb@6.5.2
1154 silly packumentCache full:https://registry.npmjs.org/@types%2foracledb cache-miss
1155 http fetch GET 200 https://registry.npmjs.org/@opentelemetry%2fredis-common 266ms (cache miss)
1156 silly packumentCache full:https://registry.npmjs.org/@opentelemetry%2fredis-common set size:undefined disposed:false
1157 silly fetch manifest @opentelemetry/sql-common@^0.41.2
1158 silly packumentCache full:https://registry.npmjs.org/@opentelemetry%2fsql-common cache-miss
1159 http fetch GET 200 https://registry.npmjs.org/@opentelemetry%2fsql-common 270ms (cache miss)
1160 silly packumentCache full:https://registry.npmjs.org/@opentelemetry%2fsql-common set size:undefined disposed:false
1161 silly fetch manifest @types/pg@8.15.6
1162 silly packumentCache full:https://registry.npmjs.org/@types%2fpg cache-miss
1163 http fetch GET 200 https://registry.npmjs.org/@types%2fpg 53ms (cache miss)
1164 silly packumentCache full:https://registry.npmjs.org/@types%2fpg set size:undefined disposed:false
1165 silly fetch manifest @types/pg-pool@2.0.7
1166 silly packumentCache full:https://registry.npmjs.org/@types%2fpg-pool cache-miss
1167 http fetch GET 200 https://registry.npmjs.org/@types%2fmemcached 483ms (cache miss)
1168 silly packumentCache full:https://registry.npmjs.org/@types%2fmemcached set size:undefined disposed:false
1169 silly fetch manifest @types/tedious@^4.0.14
1170 silly packumentCache full:https://registry.npmjs.org/@types%2ftedious cache-miss
1171 http fetch GET 200 https://registry.npmjs.org/@types%2fbunyan 511ms (cache miss)
1172 silly packumentCache full:https://registry.npmjs.org/@types%2fbunyan set size:undefined disposed:false
1173 silly fetch manifest @opentelemetry/semantic-conventions@^1.24.0
1174 silly packumentCache full:https://registry.npmjs.org/@opentelemetry%2fsemantic-conventions cache-hit
1175 silly fetch manifest gcp-metadata@^8.0.0
1176 silly packumentCache full:https://registry.npmjs.org/gcp-metadata cache-miss
1177 http cache https://registry.npmjs.org/gcp-metadata 3ms (cache hit)
1178 silly packumentCache full:https://registry.npmjs.org/gcp-metadata set size:194327 disposed:false
1179 http fetch GET 200 https://registry.npmjs.org/@types%2faws-lambda 525ms (cache miss)
1180 silly packumentCache full:https://registry.npmjs.org/@types%2faws-lambda set size:undefined disposed:false
1181 http fetch GET 200 https://registry.npmjs.org/@opentelemetry%2fsql-common 260ms (cache miss)
1182 silly packumentCache full:https://registry.npmjs.org/@opentelemetry%2fsql-common set size:undefined disposed:false
1183 http fetch GET 200 https://registry.npmjs.org/@types%2fmysql 506ms (cache miss)
1184 silly packumentCache full:https://registry.npmjs.org/@types%2fmysql set size:undefined disposed:false
1185 http fetch GET 200 https://registry.npmjs.org/@types%2ftedious 267ms (cache miss)
1186 silly packumentCache full:https://registry.npmjs.org/@types%2ftedious set size:undefined disposed:false
1187 http fetch GET 200 https://registry.npmjs.org/@types%2foracledb 499ms (cache miss)
1188 silly packumentCache full:https://registry.npmjs.org/@types%2foracledb set size:undefined disposed:false
1189 http fetch GET 200 https://registry.npmjs.org/@types%2fpg-pool 495ms (cache miss)
1190 silly packumentCache full:https://registry.npmjs.org/@types%2fpg-pool set size:undefined disposed:false
1191 silly placeDep ROOT @opentelemetry/semantic-conventions@1.41.1 OK for: @opentelemetry/core@2.7.1 want: ^1.29.0
1192 silly fetch manifest @opentelemetry/api@^1.3.0
1193 silly packumentCache full:https://registry.npmjs.org/@opentelemetry%2fapi cache-hit
1194 silly placeDep ROOT @grpc/grpc-js@1.14.4 OK for: @opentelemetry/exporter-trace-otlp-grpc@0.218.0 want: ^1.14.3
1195 silly placeDep ROOT @opentelemetry/otlp-exporter-base@0.218.0 OK for: @opentelemetry/exporter-trace-otlp-grpc@0.218.0 want: 0.218.0
1196 silly placeDep ROOT @opentelemetry/otlp-grpc-exporter-base@0.218.0 OK for: @opentelemetry/exporter-trace-otlp-grpc@0.218.0 want: 0.218.0
1197 silly placeDep ROOT @opentelemetry/otlp-transformer@0.218.0 OK for: @opentelemetry/exporter-trace-otlp-grpc@0.218.0 want: 0.218.0
1198 silly placeDep ROOT @opentelemetry/sdk-trace-base@2.7.1 OK for: @opentelemetry/exporter-trace-otlp-grpc@0.218.0 want: 2.7.1
1199 silly fetch manifest @grpc/proto-loader@^0.8.0
1200 silly packumentCache full:https://registry.npmjs.org/@grpc%2fproto-loader cache-miss
1201 silly fetch manifest @js-sdsl/ordered-map@^4.4.2
1202 silly packumentCache full:https://registry.npmjs.org/@js-sdsl%2fordered-map cache-miss
1203 http fetch GET 200 https://registry.npmjs.org/@grpc%2fproto-loader 60ms (cache miss)
1204 silly packumentCache full:https://registry.npmjs.org/@grpc%2fproto-loader set size:undefined disposed:false
1205 http fetch GET 200 https://registry.npmjs.org/@js-sdsl%2fordered-map 179ms (cache miss)
1206 silly packumentCache full:https://registry.npmjs.org/@js-sdsl%2fordered-map set size:undefined disposed:false
1207 silly placeDep ROOT @grpc/proto-loader@0.8.1 OK for: @grpc/grpc-js@1.14.4 want: ^0.8.0
1208 silly placeDep ROOT @js-sdsl/ordered-map@4.4.2 OK for: @grpc/grpc-js@1.14.4 want: ^4.4.2
1209 silly fetch manifest lodash.camelcase@^4.3.0
1210 silly packumentCache full:https://registry.npmjs.org/lodash.camelcase cache-miss
1211 silly fetch manifest long@^5.0.0
1212 silly packumentCache full:https://registry.npmjs.org/long cache-miss
1213 silly fetch manifest protobufjs@^7.5.5
1214 silly packumentCache full:https://registry.npmjs.org/protobufjs cache-miss
1215 http fetch GET 200 https://registry.npmjs.org/long 48ms (cache miss)
1216 silly packumentCache full:https://registry.npmjs.org/long set size:undefined disposed:false
1217 http fetch GET 200 https://registry.npmjs.org/protobufjs 70ms (cache miss)
1218 silly packumentCache full:https://registry.npmjs.org/protobufjs set size:undefined disposed:false
1219 http fetch GET 200 https://registry.npmjs.org/lodash.camelcase 275ms (cache miss)
1220 silly packumentCache full:https://registry.npmjs.org/lodash.camelcase set size:undefined disposed:false
1221 silly placeDep ROOT lodash.camelcase@4.3.0 OK for: @grpc/proto-loader@0.8.1 want: ^4.3.0
1222 silly placeDep ROOT long@5.3.2 OK for: @grpc/proto-loader@0.8.1 want: ^5.0.0
1223 silly placeDep ROOT protobufjs@7.6.2 OK for: @grpc/proto-loader@0.8.1 want: ^7.5.5
1224 silly fetch manifest @protobufjs/path@^1.1.2
1225 silly packumentCache full:https://registry.npmjs.org/@protobufjs%2fpath cache-miss
1226 silly fetch manifest @protobufjs/pool@^1.1.0
1227 silly packumentCache full:https://registry.npmjs.org/@protobufjs%2fpool cache-miss
1228 silly fetch manifest @protobufjs/utf8@^1.1.1
1229 silly packumentCache full:https://registry.npmjs.org/@protobufjs%2futf8 cache-miss
1230 silly fetch manifest @protobufjs/fetch@^1.1.1
1231 silly packumentCache full:https://registry.npmjs.org/@protobufjs%2ffetch cache-miss
1232 silly fetch manifest @protobufjs/float@^1.0.2
1233 silly packumentCache full:https://registry.npmjs.org/@protobufjs%2ffloat cache-miss
1234 silly fetch manifest @protobufjs/base64@^1.1.2
1235 silly packumentCache full:https://registry.npmjs.org/@protobufjs%2fbase64 cache-miss
1236 silly fetch manifest @protobufjs/codegen@^2.0.5
1237 silly packumentCache full:https://registry.npmjs.org/@protobufjs%2fcodegen cache-miss
1238 http fetch GET 200 https://registry.npmjs.org/@protobufjs%2ffloat 55ms (cache miss)
1239 silly packumentCache full:https://registry.npmjs.org/@protobufjs%2ffloat set size:undefined disposed:false
1240 silly fetch manifest @protobufjs/inquire@^1.1.2
1241 silly packumentCache full:https://registry.npmjs.org/@protobufjs%2finquire cache-miss
1242 http fetch GET 200 https://registry.npmjs.org/@protobufjs%2fpath 57ms (cache miss)
1243 silly packumentCache full:https://registry.npmjs.org/@protobufjs%2fpath set size:undefined disposed:false
1244 silly fetch manifest @protobufjs/aspromise@^1.1.2
1245 silly packumentCache full:https://registry.npmjs.org/@protobufjs%2faspromise cache-miss
1246 http fetch GET 200 https://registry.npmjs.org/@protobufjs%2fbase64 57ms (cache miss)
1247 silly packumentCache full:https://registry.npmjs.org/@protobufjs%2fbase64 set size:undefined disposed:false
1248 silly fetch manifest @protobufjs/eventemitter@^1.1.1
1249 silly packumentCache full:https://registry.npmjs.org/@protobufjs%2feventemitter cache-miss
1250 http fetch GET 200 https://registry.npmjs.org/@protobufjs%2futf8 60ms (cache miss)
1251 silly packumentCache full:https://registry.npmjs.org/@protobufjs%2futf8 set size:undefined disposed:false
1252 http fetch GET 200 https://registry.npmjs.org/@protobufjs%2ffetch 61ms (cache miss)
1253 silly packumentCache full:https://registry.npmjs.org/@protobufjs%2ffetch set size:undefined disposed:false
1254 http fetch GET 200 https://registry.npmjs.org/@protobufjs%2fpool 62ms (cache miss)
1255 silly packumentCache full:https://registry.npmjs.org/@protobufjs%2fpool set size:undefined disposed:false
1256 http fetch GET 200 https://registry.npmjs.org/@protobufjs%2faspromise 57ms (cache miss)
1257 silly packumentCache full:https://registry.npmjs.org/@protobufjs%2faspromise set size:undefined disposed:false
1258 http fetch GET 200 https://registry.npmjs.org/@protobufjs%2feventemitter 182ms (cache miss)
1259 silly packumentCache full:https://registry.npmjs.org/@protobufjs%2feventemitter set size:undefined disposed:false
1260 http fetch GET 200 https://registry.npmjs.org/@protobufjs%2fcodegen 269ms (cache miss)
1261 silly packumentCache full:https://registry.npmjs.org/@protobufjs%2fcodegen set size:undefined disposed:false
1262 http fetch GET 200 https://registry.npmjs.org/@protobufjs%2finquire 271ms (cache miss)
1263 silly packumentCache full:https://registry.npmjs.org/@protobufjs%2finquire set size:undefined disposed:false
1264 silly placeDep ROOT @opentelemetry/api-logs@0.218.0 OK for: @opentelemetry/instrumentation@0.218.0 want: 0.218.0
1265 silly placeDep ROOT import-in-the-middle@3.0.1 OK for: @opentelemetry/instrumentation@0.218.0 want: ^3.0.0
1266 silly placeDep ROOT require-in-the-middle@8.0.1 OK for: @opentelemetry/instrumentation@0.218.0 want: ^8.0.0
1267 silly fetch manifest acorn-import-attributes@^1.9.5
1268 silly packumentCache full:https://registry.npmjs.org/acorn-import-attributes cache-miss
1269 silly fetch manifest module-details-from-path@^1.0.4
1270 silly packumentCache full:https://registry.npmjs.org/module-details-from-path cache-miss
1271 silly fetch manifest module-details-from-path@^1.0.3
1272 silly packumentCache full:https://registry.npmjs.org/module-details-from-path cache-miss
1273 http fetch GET 200 https://registry.npmjs.org/module-details-from-path 73ms (cache miss)
1274 silly packumentCache full:https://registry.npmjs.org/module-details-from-path set size:undefined disposed:false
1275 http fetch GET 200 https://registry.npmjs.org/acorn-import-attributes 74ms (cache miss)
1276 silly packumentCache full:https://registry.npmjs.org/acorn-import-attributes set size:undefined disposed:false
1277 http fetch GET 200 https://registry.npmjs.org/module-details-from-path 74ms (cache miss)
1278 silly packumentCache full:https://registry.npmjs.org/module-details-from-path set size:undefined disposed:false
1279 silly placeDep ROOT @types/aws-lambda@8.10.161 OK for: @opentelemetry/instrumentation-aws-lambda@0.70.0 want: ^8.10.155
1280 silly placeDep ROOT @types/bunyan@1.8.11 OK for: @opentelemetry/instrumentation-bunyan@0.63.0 want: 1.8.11
1281 silly placeDep ROOT forwarded-parse@2.1.2 OK for: @opentelemetry/instrumentation-http@0.218.0 want: 2.1.2
1282 silly placeDep ROOT @opentelemetry/redis-common@0.38.3 OK for: @opentelemetry/instrumentation-ioredis@0.66.0 want: ^0.38.3
1283 silly placeDep ROOT @types/memcached@2.2.10 OK for: @opentelemetry/instrumentation-memcached@0.61.0 want: ^2.2.6
1284 silly placeDep ROOT @types/mysql@2.15.27 OK for: @opentelemetry/instrumentation-mysql@0.64.0 want: 2.15.27
1285 silly placeDep ROOT @opentelemetry/sql-common@0.41.2 OK for: @opentelemetry/instrumentation-mysql2@0.64.0 want: ^0.41.2
1286 silly placeDep ROOT @types/oracledb@6.5.2 OK for: @opentelemetry/instrumentation-oracledb@0.43.0 want: 6.5.2
1287 silly placeDep ROOT @types/pg@8.15.6 OK for: @opentelemetry/instrumentation-pg@0.70.0 want: 8.15.6
1288 silly placeDep ROOT @types/pg-pool@2.0.7 OK for: @opentelemetry/instrumentation-pg@0.70.0 want: 2.0.7
1289 silly fetch manifest pg-types@^2.2.0
1290 silly packumentCache full:https://registry.npmjs.org/pg-types cache-miss
1291 silly fetch manifest pg-protocol@*
1292 silly packumentCache full:https://registry.npmjs.org/pg-protocol cache-miss
1293 http cache https://registry.npmjs.org/pg-protocol 2ms (cache hit)
1294 silly packumentCache full:https://registry.npmjs.org/pg-protocol set size:53427 disposed:false
1295 http cache https://registry.npmjs.org/pg-types 3ms (cache hit)
1296 silly packumentCache full:https://registry.npmjs.org/pg-types set size:51397 disposed:false
1297 silly placeDep ROOT @types/tedious@4.0.14 OK for: @opentelemetry/instrumentation-tedious@0.37.0 want: ^4.0.14
1298 silly placeDep ROOT @opentelemetry/sdk-logs@0.218.0 OK for: @opentelemetry/otlp-transformer@0.218.0 want: 0.218.0
1299 silly placeDep ROOT @opentelemetry/sdk-metrics@2.7.1 OK for: @opentelemetry/otlp-transformer@0.218.0 want: 2.7.1
1300 silly placeDep ROOT gcp-metadata@8.1.3 OK for: @opentelemetry/resource-detector-gcp@0.53.0 want: ^8.0.0
1301 silly fetch manifest gaxios@7.1.3
1302 silly packumentCache full:https://registry.npmjs.org/gaxios cache-miss
1303 silly fetch manifest google-logging-utils@1.1.3
1304 silly packumentCache full:https://registry.npmjs.org/google-logging-utils cache-miss
1305 silly fetch manifest json-bigint@^1.0.0
1306 silly packumentCache full:https://registry.npmjs.org/json-bigint cache-miss
1307 http fetch GET 200 https://registry.npmjs.org/json-bigint 33ms (cache miss)
1308 silly packumentCache full:https://registry.npmjs.org/json-bigint set size:undefined disposed:false
1309 http fetch GET 200 https://registry.npmjs.org/google-logging-utils 35ms (cache miss)
1310 silly packumentCache full:https://registry.npmjs.org/google-logging-utils set size:undefined disposed:false
1311 http fetch GET 200 https://registry.npmjs.org/gaxios 55ms (cache miss)
1312 silly packumentCache full:https://registry.npmjs.org/gaxios set size:undefined disposed:false
1313 silly fetch manifest @opentelemetry/api@>=1.3.0 <1.10.0
1314 silly packumentCache full:https://registry.npmjs.org/@opentelemetry%2fapi cache-hit
1315 silly placeDep ROOT @opentelemetry/configuration@0.218.0 OK for: @opentelemetry/sdk-node@0.218.0 want: 0.218.0
1316 silly placeDep ROOT @opentelemetry/context-async-hooks@2.7.1 OK for: @opentelemetry/sdk-node@0.218.0 want: 2.7.1
1317 silly placeDep ROOT @opentelemetry/exporter-logs-otlp-grpc@0.218.0 OK for: @opentelemetry/sdk-node@0.218.0 want: 0.218.0
1318 silly placeDep ROOT @opentelemetry/exporter-logs-otlp-http@0.218.0 OK for: @opentelemetry/sdk-node@0.218.0 want: 0.218.0
1319 silly placeDep ROOT @opentelemetry/exporter-logs-otlp-proto@0.218.0 OK for: @opentelemetry/sdk-node@0.218.0 want: 0.218.0
1320 silly placeDep ROOT @opentelemetry/exporter-metrics-otlp-grpc@0.218.0 OK for: @opentelemetry/sdk-node@0.218.0 want: 0.218.0
1321 silly placeDep ROOT @opentelemetry/exporter-metrics-otlp-http@0.218.0 OK for: @opentelemetry/sdk-node@0.218.0 want: 0.218.0
1322 silly placeDep ROOT @opentelemetry/exporter-metrics-otlp-proto@0.218.0 OK for: @opentelemetry/sdk-node@0.218.0 want: 0.218.0
1323 silly placeDep ROOT @opentelemetry/exporter-prometheus@0.218.0 OK for: @opentelemetry/sdk-node@0.218.0 want: 0.218.0
1324 silly placeDep ROOT @opentelemetry/exporter-trace-otlp-http@0.218.0 OK for: @opentelemetry/sdk-node@0.218.0 want: 0.218.0
1325 silly placeDep ROOT @opentelemetry/exporter-trace-otlp-proto@0.218.0 OK for: @opentelemetry/sdk-node@0.218.0 want: 0.218.0
1326 silly placeDep ROOT @opentelemetry/exporter-zipkin@2.7.1 OK for: @opentelemetry/sdk-node@0.218.0 want: 2.7.1
1327 silly placeDep ROOT @opentelemetry/propagator-b3@2.7.1 OK for: @opentelemetry/sdk-node@0.218.0 want: 2.7.1
1328 silly placeDep ROOT @opentelemetry/propagator-jaeger@2.7.1 OK for: @opentelemetry/sdk-node@0.218.0 want: 2.7.1
1329 silly placeDep ROOT @opentelemetry/sdk-trace-node@2.7.1 OK for: @opentelemetry/sdk-node@0.218.0 want: 2.7.1
1330 silly fetch manifest yaml@^2.0.0
1331 silly packumentCache full:https://registry.npmjs.org/yaml cache-miss
1332 http fetch GET 200 https://registry.npmjs.org/yaml 50ms (cache miss)
1333 silly packumentCache full:https://registry.npmjs.org/yaml set size:undefined disposed:false
1334 silly placeDep ROOT yaml@2.9.0 OK for: @opentelemetry/configuration@0.218.0 want: ^2.0.0
1335 silly placeDep ROOT @smithy/util-buffer-from@2.2.0 OK for: @smithy/util-utf8@2.3.0 want: ^2.2.0
1336 silly fetch manifest @smithy/is-array-buffer@^2.2.0
1337 silly packumentCache full:https://registry.npmjs.org/@smithy%2fis-array-buffer cache-miss
1338 http fetch GET 200 https://registry.npmjs.org/@smithy%2fis-array-buffer 55ms (cache miss)
1339 silly packumentCache full:https://registry.npmjs.org/@smithy%2fis-array-buffer set size:undefined disposed:false
1340 silly placeDep ROOT @smithy/is-array-buffer@2.2.0 OK for: @smithy/util-buffer-from@2.2.0 want: ^2.2.0
1341 silly placeDep ROOT @types/ms@2.1.0 OK for: @types/jsonwebtoken@9.0.10 want: *
1342 silly placeDep ROOT pg-protocol@1.14.0 OK for: @types/pg@8.15.6 want: *
1343 silly placeDep ROOT pg-types@2.2.0 OK for: @types/pg@8.15.6 want: ^2.2.0
1344 silly fetch manifest pg-int8@1.0.1
1345 silly packumentCache full:https://registry.npmjs.org/pg-int8 cache-miss
1346 silly fetch manifest postgres-date@~1.0.4
1347 silly packumentCache full:https://registry.npmjs.org/postgres-date cache-miss
1348 silly fetch manifest postgres-array@~2.0.0
1349 silly packumentCache full:https://registry.npmjs.org/postgres-array cache-miss
1350 silly fetch manifest postgres-bytea@~1.0.0
1351 silly packumentCache full:https://registry.npmjs.org/postgres-bytea cache-miss
1352 silly fetch manifest postgres-interval@^1.1.0
1353 silly packumentCache full:https://registry.npmjs.org/postgres-interval cache-miss
1354 http fetch GET 200 https://registry.npmjs.org/postgres-bytea 36ms (cache miss)
1355 silly packumentCache full:https://registry.npmjs.org/postgres-bytea set size:undefined disposed:false
1356 http fetch GET 200 https://registry.npmjs.org/pg-int8 37ms (cache miss)
1357 silly packumentCache full:https://registry.npmjs.org/pg-int8 set size:undefined disposed:false
1358 http fetch GET 200 https://registry.npmjs.org/postgres-date 38ms (cache miss)
1359 silly packumentCache full:https://registry.npmjs.org/postgres-date set size:undefined disposed:false
1360 http fetch GET 200 https://registry.npmjs.org/postgres-interval 38ms (cache miss)
1361 silly packumentCache full:https://registry.npmjs.org/postgres-interval set size:undefined disposed:false
1362 http fetch GET 200 https://registry.npmjs.org/postgres-array 251ms (cache miss)
1363 silly packumentCache full:https://registry.npmjs.org/postgres-array set size:undefined disposed:false
1364 silly placeDep ROOT node-addon-api@8.8.0 OK for: bcrypt@6.0.0 want: ^8.3.0
1365 silly placeDep ROOT node-gyp-build@4.8.4 OK for: bcrypt@6.0.0 want: ^4.8.4
1366 silly placeDep ROOT cron-parser@4.9.0 OK for: bullmq@5.78.0 want: 4.9.0
1367 silly placeDep node_modules/bullmq ioredis@5.10.1 OK for: bullmq@5.78.0 want: 5.10.1
1368 silly placeDep ROOT msgpackr@2.0.2 OK for: bullmq@5.78.0 want: 2.0.2
1369 silly placeDep node_modules/bullmq semver@7.8.0 OK for: bullmq@5.78.0 want: 7.8.0
1370 silly fetch manifest luxon@^3.2.1
1371 silly packumentCache full:https://registry.npmjs.org/luxon cache-miss
1372 silly fetch manifest denque@^2.1.0
1373 silly packumentCache full:https://registry.npmjs.org/denque cache-miss
1374 silly fetch manifest redis-errors@^1.2.0
1375 silly packumentCache full:https://registry.npmjs.org/redis-errors cache-miss
1376 silly fetch manifest redis-parser@^3.0.0
1377 silly packumentCache full:https://registry.npmjs.org/redis-parser cache-miss
1378 silly fetch manifest lodash.defaults@^4.2.0
1379 silly packumentCache full:https://registry.npmjs.org/lodash.defaults cache-miss
1380 silly fetch manifest cluster-key-slot@^1.1.0
1381 silly packumentCache full:https://registry.npmjs.org/cluster-key-slot cache-miss
1382 silly fetch manifest @ioredis/commands@1.5.1
1383 silly packumentCache full:https://registry.npmjs.org/@ioredis%2fcommands cache-miss
1384 http cache https://registry.npmjs.org/redis-errors 7ms (cache hit)
1385 silly packumentCache full:https://registry.npmjs.org/redis-errors set size:9314 disposed:false
1386 silly fetch manifest lodash.isarguments@^3.1.0
1387 silly packumentCache full:https://registry.npmjs.org/lodash.isarguments cache-miss
1388 http cache https://registry.npmjs.org/redis-parser 8ms (cache hit)
1389 silly packumentCache full:https://registry.npmjs.org/redis-parser set size:43353 disposed:false
1390 silly fetch manifest standard-as-callback@^2.1.0
1391 silly packumentCache full:https://registry.npmjs.org/standard-as-callback cache-miss
1392 http cache https://registry.npmjs.org/@ioredis%2fcommands 10ms (cache hit)
1393 silly packumentCache full:https://registry.npmjs.org/@ioredis%2fcommands set size:49986 disposed:false
1394 silly fetch manifest msgpackr-extract@^3.0.4
1395 silly packumentCache full:https://registry.npmjs.org/msgpackr-extract cache-miss
1396 http cache https://registry.npmjs.org/cluster-key-slot 11ms (cache hit)
1397 silly packumentCache full:https://registry.npmjs.org/cluster-key-slot set size:44701 disposed:false
1398 http cache https://registry.npmjs.org/denque 13ms (cache hit)
1399 silly packumentCache full:https://registry.npmjs.org/denque set size:62908 disposed:false
1400 http cache https://registry.npmjs.org/standard-as-callback 11ms (cache hit)
1401 silly packumentCache full:https://registry.npmjs.org/standard-as-callback set size:16764 disposed:false
1402 http fetch GET 200 https://registry.npmjs.org/lodash.defaults 49ms (cache miss)
1403 silly packumentCache full:https://registry.npmjs.org/lodash.defaults set size:undefined disposed:false
1404 http fetch GET 200 https://registry.npmjs.org/luxon 51ms (cache miss)
1405 silly packumentCache full:https://registry.npmjs.org/luxon set size:undefined disposed:false
1406 http fetch GET 200 https://registry.npmjs.org/msgpackr-extract 45ms (cache miss)
1407 silly packumentCache full:https://registry.npmjs.org/msgpackr-extract set size:undefined disposed:false
1408 http fetch GET 200 https://registry.npmjs.org/lodash.isarguments 269ms (cache miss)
1409 silly packumentCache full:https://registry.npmjs.org/lodash.isarguments set size:undefined disposed:false
1410 silly placeDep ROOT @types/validator@13.15.10 OK for: class-validator@0.15.1 want: ^13.15.3
1411 silly placeDep ROOT libphonenumber-js@1.13.5 OK for: class-validator@0.15.1 want: ^1.11.1
1412 silly placeDep ROOT validator@13.15.35 OK for: class-validator@0.15.1 want: ^13.15.22
1413 silly placeDep ROOT luxon@3.7.2 OK for: cron-parser@4.9.0 want: ^3.2.1
1414 silly placeDep node_modules/dotenv-expand dotenv@16.6.1 OK for: dotenv-expand@12.0.3 want: ^16.4.5
1415 silly placeDep ROOT @nodable/entities@2.1.1 OK for: fast-xml-parser@5.7.3 want: ^2.1.0
1416 silly placeDep ROOT fast-xml-builder@1.2.0 OK for: fast-xml-parser@5.7.3 want: ^1.1.7
1417 silly placeDep ROOT path-expression-matcher@1.5.0 OK for: fast-xml-parser@5.7.3 want: ^1.5.0
1418 silly placeDep ROOT strnum@2.3.0 OK for: fast-xml-parser@5.7.3 want: ^2.2.3
1419 silly fetch manifest xml-naming@^0.1.0
1420 silly packumentCache full:https://registry.npmjs.org/xml-naming cache-miss
1421 http fetch GET 200 https://registry.npmjs.org/xml-naming 38ms (cache miss)
1422 silly packumentCache full:https://registry.npmjs.org/xml-naming set size:undefined disposed:false
1423 silly placeDep ROOT xml-naming@0.1.0 OK for: fast-xml-builder@1.2.0 want: ^0.1.0
1424 silly placeDep ROOT gaxios@7.1.3 OK for: gcp-metadata@8.1.3 want: 7.1.3
1425 silly placeDep ROOT google-logging-utils@1.1.3 OK for: gcp-metadata@8.1.3 want: 1.1.3
1426 silly placeDep ROOT json-bigint@1.0.0 OK for: gcp-metadata@8.1.3 want: ^1.0.0
1427 silly fetch manifest extend@^3.0.2
1428 silly packumentCache full:https://registry.npmjs.org/extend cache-miss
1429 silly fetch manifest rimraf@^5.0.1
1430 silly packumentCache full:https://registry.npmjs.org/rimraf cache-miss
1431 silly fetch manifest node-fetch@^3.3.2
1432 silly packumentCache full:https://registry.npmjs.org/node-fetch cache-miss
1433 silly fetch manifest https-proxy-agent@^7.0.1
1434 silly packumentCache full:https://registry.npmjs.org/https-proxy-agent cache-miss
1435 silly fetch manifest bignumber.js@^9.0.0
1436 silly packumentCache full:https://registry.npmjs.org/bignumber.js cache-miss
1437 http fetch GET 200 https://registry.npmjs.org/extend 45ms (cache miss)
1438 silly packumentCache full:https://registry.npmjs.org/extend set size:undefined disposed:false
1439 http fetch GET 200 https://registry.npmjs.org/rimraf 45ms (cache miss)
1440 silly packumentCache full:https://registry.npmjs.org/rimraf set size:undefined disposed:false
1441 http fetch GET 200 https://registry.npmjs.org/https-proxy-agent 46ms (cache miss)
1442 silly packumentCache full:https://registry.npmjs.org/https-proxy-agent set size:undefined disposed:false
1443 http fetch GET 200 https://registry.npmjs.org/bignumber.js 47ms (cache miss)
1444 silly packumentCache full:https://registry.npmjs.org/bignumber.js set size:undefined disposed:false
1445 http fetch GET 200 https://registry.npmjs.org/node-fetch 59ms (cache miss)
1446 silly packumentCache full:https://registry.npmjs.org/node-fetch set size:undefined disposed:false
1447 silly placeDep ROOT extend@3.0.2 OK for: gaxios@7.1.3 want: ^3.0.2
1448 silly placeDep ROOT https-proxy-agent@7.0.6 OK for: gaxios@7.1.3 want: ^7.0.1
1449 silly placeDep ROOT node-fetch@3.3.2 OK for: gaxios@7.1.3 want: ^3.3.2
1450 silly placeDep ROOT rimraf@5.0.10 OK for: gaxios@7.1.3 want: ^5.0.1
1451 silly fetch manifest agent-base@^7.1.2
1452 silly packumentCache full:https://registry.npmjs.org/agent-base cache-miss
1453 silly fetch manifest data-uri-to-buffer@^4.0.0
1454 silly packumentCache full:https://registry.npmjs.org/data-uri-to-buffer cache-miss
1455 silly fetch manifest fetch-blob@^3.1.4
1456 silly packumentCache full:https://registry.npmjs.org/fetch-blob cache-miss
1457 silly fetch manifest formdata-polyfill@^4.0.10
1458 silly packumentCache full:https://registry.npmjs.org/formdata-polyfill cache-miss
1459 silly fetch manifest glob@^10.3.7
1460 silly packumentCache full:https://registry.npmjs.org/glob cache-miss
1461 http cache https://registry.npmjs.org/glob 3ms (cache hit)
1462 silly packumentCache full:https://registry.npmjs.org/glob set size:469465 disposed:false
1463 http fetch GET 200 https://registry.npmjs.org/fetch-blob 35ms (cache miss)
1464 silly packumentCache full:https://registry.npmjs.org/fetch-blob set size:undefined disposed:false
1465 http fetch GET 200 https://registry.npmjs.org/data-uri-to-buffer 38ms (cache miss)
1466 silly packumentCache full:https://registry.npmjs.org/data-uri-to-buffer set size:undefined disposed:false
1467 http fetch GET 200 https://registry.npmjs.org/formdata-polyfill 39ms (cache miss)
1468 silly packumentCache full:https://registry.npmjs.org/formdata-polyfill set size:undefined disposed:false
1469 http fetch GET 200 https://registry.npmjs.org/agent-base 47ms (cache miss)
1470 silly packumentCache full:https://registry.npmjs.org/agent-base set size:undefined disposed:false
1471 silly placeDep ROOT agent-base@7.1.4 OK for: https-proxy-agent@7.0.6 want: ^7.1.2
1472 silly fetch manifest acorn@^8.15.0
1473 silly packumentCache full:https://registry.npmjs.org/acorn cache-miss
1474 http cache https://registry.npmjs.org/acorn 7ms (cache hit)
1475 silly packumentCache full:https://registry.npmjs.org/acorn set size:379626 disposed:false
1476 silly placeDep ROOT acorn-import-attributes@1.9.5 OK for: import-in-the-middle@3.0.1 want: ^1.9.5
1477 silly placeDep ROOT module-details-from-path@1.0.4 OK for: import-in-the-middle@3.0.1 want: ^1.0.4
1478 silly placeDep ROOT @ioredis/commands@1.10.0 OK for: ioredis@5.11.1 want: 1.10.0
1479 silly placeDep ROOT cluster-key-slot@1.1.1 OK for: ioredis@5.11.1 want: 1.1.1
1480 silly placeDep ROOT denque@2.1.0 OK for: ioredis@5.11.1 want: 2.1.0
1481 silly placeDep ROOT redis-errors@1.2.0 OK for: ioredis@5.11.1 want: 1.2.0
1482 silly placeDep ROOT redis-parser@3.0.0 OK for: ioredis@5.11.1 want: 3.0.0
1483 silly placeDep ROOT standard-as-callback@2.1.0 OK for: ioredis@5.11.1 want: 2.1.0
1484 silly placeDep ROOT bignumber.js@9.3.1 OK for: json-bigint@1.0.0 want: ^9.0.0
1485 silly placeDep ROOT jws@4.0.1 OK for: jsonwebtoken@9.0.3 want: ^4.0.1
1486 silly placeDep ROOT lodash.includes@4.3.0 OK for: jsonwebtoken@9.0.3 want: ^4.3.0
1487 silly placeDep ROOT lodash.isboolean@3.0.3 OK for: jsonwebtoken@9.0.3 want: ^3.0.3
1488 silly placeDep ROOT lodash.isinteger@4.0.4 OK for: jsonwebtoken@9.0.3 want: ^4.0.4
1489 silly placeDep ROOT lodash.isnumber@3.0.3 OK for: jsonwebtoken@9.0.3 want: ^3.0.3
1490 silly placeDep ROOT lodash.isplainobject@4.0.6 OK for: jsonwebtoken@9.0.3 want: ^4.0.6
1491 silly placeDep ROOT lodash.isstring@4.0.1 OK for: jsonwebtoken@9.0.3 want: ^4.0.1
1492 silly placeDep ROOT lodash.once@4.1.1 OK for: jsonwebtoken@9.0.3 want: ^4.0.0
1493 silly fetch manifest jwa@^2.0.1
1494 silly packumentCache full:https://registry.npmjs.org/jwa cache-miss
1495 http fetch GET 200 https://registry.npmjs.org/jwa 37ms (cache miss)
1496 silly packumentCache full:https://registry.npmjs.org/jwa set size:undefined disposed:false
1497 silly placeDep ROOT jwa@2.0.1 OK for: jws@4.0.1 want: ^2.0.1
1498 silly fetch manifest ecdsa-sig-formatter@1.0.11
1499 silly packumentCache full:https://registry.npmjs.org/ecdsa-sig-formatter cache-miss
1500 silly fetch manifest buffer-equal-constant-time@^1.0.1
1501 silly packumentCache full:https://registry.npmjs.org/buffer-equal-constant-time cache-miss
1502 http fetch GET 200 https://registry.npmjs.org/buffer-equal-constant-time 34ms (cache miss)
1503 silly packumentCache full:https://registry.npmjs.org/buffer-equal-constant-time set size:undefined disposed:false
1504 http fetch GET 200 https://registry.npmjs.org/ecdsa-sig-formatter 36ms (cache miss)
1505 silly packumentCache full:https://registry.npmjs.org/ecdsa-sig-formatter set size:undefined disposed:false
1506 silly placeDep ROOT buffer-equal-constant-time@1.0.1 OK for: jwa@2.0.1 want: ^1.0.1
1507 silly placeDep ROOT ecdsa-sig-formatter@1.0.11 OK for: jwa@2.0.1 want: 1.0.11
1508 silly placeDep ROOT msgpackr-extract@3.0.4 OK for: msgpackr@2.0.2 want: ^3.0.4
1509 silly fetch manifest node-gyp-build-optional-packages@5.2.2
1510 silly packumentCache full:https://registry.npmjs.org/node-gyp-build-optional-packages cache-miss
1511 silly fetch manifest @msgpackr-extract/msgpackr-extract-darwin-arm64@3.0.4
1512 silly packumentCache full:https://registry.npmjs.org/@msgpackr-extract%2fmsgpackr-extract-darwin-arm64 cache-miss
1513 silly fetch manifest @msgpackr-extract/msgpackr-extract-darwin-x64@3.0.4
1514 silly packumentCache full:https://registry.npmjs.org/@msgpackr-extract%2fmsgpackr-extract-darwin-x64 cache-miss
1515 silly fetch manifest @msgpackr-extract/msgpackr-extract-linux-arm@3.0.4
1516 silly packumentCache full:https://registry.npmjs.org/@msgpackr-extract%2fmsgpackr-extract-linux-arm cache-miss
1517 silly fetch manifest @msgpackr-extract/msgpackr-extract-linux-arm64@3.0.4
1518 silly packumentCache full:https://registry.npmjs.org/@msgpackr-extract%2fmsgpackr-extract-linux-arm64 cache-miss
1519 silly fetch manifest @msgpackr-extract/msgpackr-extract-linux-x64@3.0.4
1520 silly packumentCache full:https://registry.npmjs.org/@msgpackr-extract%2fmsgpackr-extract-linux-x64 cache-miss
1521 silly fetch manifest @msgpackr-extract/msgpackr-extract-win32-x64@3.0.4
1522 silly packumentCache full:https://registry.npmjs.org/@msgpackr-extract%2fmsgpackr-extract-win32-x64 cache-miss
1523 http fetch GET 200 https://registry.npmjs.org/node-gyp-build-optional-packages 35ms (cache miss)
1524 silly packumentCache full:https://registry.npmjs.org/node-gyp-build-optional-packages set size:undefined disposed:false
1525 http fetch GET 200 https://registry.npmjs.org/@msgpackr-extract%2fmsgpackr-extract-linux-x64 47ms (cache miss)
1526 silly packumentCache full:https://registry.npmjs.org/@msgpackr-extract%2fmsgpackr-extract-linux-x64 set size:undefined disposed:false
1527 http fetch GET 200 https://registry.npmjs.org/@msgpackr-extract%2fmsgpackr-extract-win32-x64 54ms (cache miss)
1528 silly packumentCache full:https://registry.npmjs.org/@msgpackr-extract%2fmsgpackr-extract-win32-x64 set size:undefined disposed:false
1529 http fetch GET 200 https://registry.npmjs.org/@msgpackr-extract%2fmsgpackr-extract-darwin-x64 190ms (cache miss)
1530 silly packumentCache full:https://registry.npmjs.org/@msgpackr-extract%2fmsgpackr-extract-darwin-x64 set size:undefined disposed:false
1531 http fetch GET 200 https://registry.npmjs.org/@msgpackr-extract%2fmsgpackr-extract-darwin-arm64 292ms (cache miss)
1532 silly packumentCache full:https://registry.npmjs.org/@msgpackr-extract%2fmsgpackr-extract-darwin-arm64 set size:undefined disposed:false
1533 http fetch GET 200 https://registry.npmjs.org/@msgpackr-extract%2fmsgpackr-extract-linux-arm64 447ms (cache miss)
1534 silly packumentCache full:https://registry.npmjs.org/@msgpackr-extract%2fmsgpackr-extract-linux-arm64 set size:undefined disposed:false
1535 http fetch GET 200 https://registry.npmjs.org/@msgpackr-extract%2fmsgpackr-extract-linux-arm 639ms (cache miss)
1536 silly packumentCache full:https://registry.npmjs.org/@msgpackr-extract%2fmsgpackr-extract-linux-arm set size:undefined disposed:false
1537 silly placeDep ROOT @msgpackr-extract/msgpackr-extract-darwin-arm64@3.0.4 OK for: msgpackr-extract@3.0.4 want: 3.0.4
1538 silly placeDep ROOT @msgpackr-extract/msgpackr-extract-darwin-x64@3.0.4 OK for: msgpackr-extract@3.0.4 want: 3.0.4
1539 silly placeDep ROOT @msgpackr-extract/msgpackr-extract-linux-arm@3.0.4 OK for: msgpackr-extract@3.0.4 want: 3.0.4
1540 silly placeDep ROOT @msgpackr-extract/msgpackr-extract-linux-arm64@3.0.4 OK for: msgpackr-extract@3.0.4 want: 3.0.4
1541 silly placeDep ROOT @msgpackr-extract/msgpackr-extract-linux-x64@3.0.4 OK for: msgpackr-extract@3.0.4 want: 3.0.4
1542 silly placeDep ROOT @msgpackr-extract/msgpackr-extract-win32-x64@3.0.4 OK for: msgpackr-extract@3.0.4 want: 3.0.4
1543 silly placeDep ROOT node-gyp-build-optional-packages@5.2.2 OK for: msgpackr-extract@3.0.4 want: 5.2.2
1544 silly fetch manifest detect-libc@^2.0.1
1545 silly packumentCache full:https://registry.npmjs.org/detect-libc cache-miss
1546 http fetch GET 200 https://registry.npmjs.org/detect-libc 36ms (cache miss)
1547 silly packumentCache full:https://registry.npmjs.org/detect-libc set size:undefined disposed:false
1548 silly placeDep ROOT data-uri-to-buffer@4.0.1 OK for: node-fetch@3.3.2 want: ^4.0.0
1549 silly placeDep ROOT fetch-blob@3.2.0 OK for: node-fetch@3.3.2 want: ^3.1.4
1550 silly placeDep ROOT formdata-polyfill@4.0.10 OK for: node-fetch@3.3.2 want: ^4.0.10
1551 silly fetch manifest node-domexception@^1.0.0
1552 silly packumentCache full:https://registry.npmjs.org/node-domexception cache-miss
1553 silly fetch manifest web-streams-polyfill@^3.0.3
1554 silly packumentCache full:https://registry.npmjs.org/web-streams-polyfill cache-miss
1555 http fetch GET 200 https://registry.npmjs.org/node-domexception 54ms (cache miss)
1556 silly packumentCache full:https://registry.npmjs.org/node-domexception set size:undefined disposed:false
1557 http fetch GET 200 https://registry.npmjs.org/web-streams-polyfill 55ms (cache miss)
1558 silly packumentCache full:https://registry.npmjs.org/web-streams-polyfill set size:undefined disposed:false
1559 silly placeDep ROOT node-domexception@1.0.0 OK for: fetch-blob@3.2.0 want: ^1.0.0
1560 silly placeDep ROOT web-streams-polyfill@3.3.3 OK for: fetch-blob@3.2.0 want: ^3.0.3
1561 silly placeDep ROOT detect-libc@2.1.2 OK for: node-gyp-build-optional-packages@5.2.2 want: ^2.0.1
1562 silly placeDep ROOT passport-strategy@1.0.0 OK for: passport@0.7.0 want: 1.x.x
1563 silly placeDep ROOT pause@0.0.1 OK for: passport@0.7.0 want: 0.0.1
1564 silly placeDep ROOT utils-merge@1.0.1 OK for: passport@0.7.0 want: ^1.0.1
1565 silly fetch manifest pg@>=8.0
1566 silly packumentCache full:https://registry.npmjs.org/pg cache-miss
1567 http cache https://registry.npmjs.org/pg 2ms (cache hit)
1568 silly packumentCache full:https://registry.npmjs.org/pg set size:477609 disposed:false
1569 silly placeDep ROOT pg-cloudflare@1.4.0 OK for: pg@8.21.0 want: ^1.4.0
1570 silly placeDep ROOT pg-connection-string@2.13.0 OK for: pg@8.21.0 want: ^2.13.0
1571 silly placeDep ROOT pg-pool@3.14.0 OK for: pg@8.21.0 want: ^3.14.0
1572 silly placeDep ROOT pgpass@1.0.5 OK for: pg@8.21.0 want: 1.0.5
1573 silly fetch manifest split2@^4.1.0
1574 silly packumentCache full:https://registry.npmjs.org/split2 cache-miss
1575 http fetch GET 200 https://registry.npmjs.org/split2 37ms (cache miss)
1576 silly packumentCache full:https://registry.npmjs.org/split2 set size:undefined disposed:false
1577 silly placeDep ROOT pg-int8@1.0.1 OK for: pg-types@2.2.0 want: 1.0.1
1578 silly placeDep ROOT postgres-array@2.0.0 OK for: pg-types@2.2.0 want: ~2.0.0
1579 silly placeDep ROOT postgres-bytea@1.0.1 OK for: pg-types@2.2.0 want: ~1.0.0
1580 silly placeDep ROOT postgres-date@1.0.7 OK for: pg-types@2.2.0 want: ~1.0.4
1581 silly placeDep ROOT postgres-interval@1.2.0 OK for: pg-types@2.2.0 want: ^1.1.0
1582 silly fetch manifest xtend@^4.0.0
1583 silly packumentCache full:https://registry.npmjs.org/xtend cache-miss
1584 http fetch GET 200 https://registry.npmjs.org/xtend 59ms (cache miss)
1585 silly packumentCache full:https://registry.npmjs.org/xtend set size:undefined disposed:false
1586 silly placeDep ROOT split2@4.2.0 OK for: pgpass@1.0.5 want: ^4.1.0
1587 silly placeDep ROOT xtend@4.0.2 OK for: postgres-interval@1.2.0 want: ^4.0.0
1588 silly placeDep ROOT @protobufjs/aspromise@1.1.2 OK for: protobufjs@7.6.2 want: ^1.1.2
1589 silly placeDep ROOT @protobufjs/base64@1.1.2 OK for: protobufjs@7.6.2 want: ^1.1.2
1590 silly placeDep ROOT @protobufjs/codegen@2.0.5 OK for: protobufjs@7.6.2 want: ^2.0.5
1591 silly placeDep ROOT @protobufjs/eventemitter@1.1.1 OK for: protobufjs@7.6.2 want: ^1.1.1
1592 silly placeDep ROOT @protobufjs/fetch@1.1.1 OK for: protobufjs@7.6.2 want: ^1.1.1
1593 silly placeDep ROOT @protobufjs/float@1.0.2 OK for: protobufjs@7.6.2 want: ^1.0.2
1594 silly placeDep ROOT @protobufjs/inquire@1.1.2 OK for: protobufjs@7.6.2 want: ^1.1.2
1595 silly placeDep ROOT @protobufjs/path@1.1.2 OK for: protobufjs@7.6.2 want: ^1.1.2
1596 silly placeDep ROOT @protobufjs/pool@1.1.0 OK for: protobufjs@7.6.2 want: ^1.1.0
1597 silly placeDep ROOT @protobufjs/utf8@1.1.1 OK for: protobufjs@7.6.2 want: ^1.1.1
1598 silly placeDep node_modules/rimraf glob@10.5.0 OK for: rimraf@5.0.10 want: ^10.3.7
1599 silly fetch manifest minimatch@^9.0.4
1600 silly packumentCache full:https://registry.npmjs.org/minimatch cache-miss
1601 silly fetch manifest path-scurry@^1.11.1
1602 silly packumentCache full:https://registry.npmjs.org/path-scurry cache-miss
1603 http cache https://registry.npmjs.org/minimatch 2ms (cache hit)
1604 silly packumentCache full:https://registry.npmjs.org/minimatch set size:375282 disposed:false
1605 http cache https://registry.npmjs.org/path-scurry 5ms (cache hit)
1606 silly packumentCache full:https://registry.npmjs.org/path-scurry set size:117612 disposed:false
1607 silly placeDep ROOT @scarf/scarf@1.4.0 OK for: swagger-ui-dist@5.32.6 want: =1.4.0
1608 silly placeDep ROOT @sqltools/formatter@1.2.5 OK for: typeorm@1.0.0 want: ^1.2.5
1609 silly placeDep ROOT dayjs@1.11.21 OK for: typeorm@1.0.0 want: ^1.11.20
1610 silly placeDep ROOT sql-highlight@6.1.0 OK for: typeorm@1.0.0 want: ^6.1.0
1611 silly placeDep node_modules/typeorm yargs@18.0.0 OK for: typeorm@1.0.0 want: ^18.0.0
1612 silly fetch manifest cliui@^9.0.1
1613 silly packumentCache full:https://registry.npmjs.org/cliui cache-miss
1614 silly fetch manifest string-width@^7.2.0
1615 silly packumentCache full:https://registry.npmjs.org/string-width cache-miss
1616 silly fetch manifest yargs-parser@^22.0.0
1617 silly packumentCache full:https://registry.npmjs.org/yargs-parser cache-miss
1618 http cache https://registry.npmjs.org/string-width 2ms (cache hit)
1619 silly packumentCache full:https://registry.npmjs.org/string-width set size:70381 disposed:false
1620 http cache https://registry.npmjs.org/cliui 3ms (cache hit)
1621 silly packumentCache full:https://registry.npmjs.org/cliui set size:69089 disposed:false
1622 http cache https://registry.npmjs.org/yargs-parser 4ms (cache hit)
1623 silly packumentCache full:https://registry.npmjs.org/yargs-parser set size:238630 disposed:false
1624 silly placeDep node_modules/bullmq @ioredis/commands@1.5.1 OK for: ioredis@5.10.1 want: 1.5.1
1625 silly placeDep ROOT lodash.defaults@4.2.0 OK for: ioredis@5.10.1 want: ^4.2.0
1626 silly placeDep ROOT lodash.isarguments@3.1.0 OK for: ioredis@5.10.1 want: ^3.1.0
1627 silly placeDep node_modules/rimraf minimatch@9.0.9 OK for: glob@10.5.0 want: ^9.0.4
1628 silly placeDep node_modules/rimraf path-scurry@1.11.1 OK for: glob@10.5.0 want: ^1.11.1
1629 silly fetch manifest brace-expansion@^2.0.2
1630 silly packumentCache full:https://registry.npmjs.org/brace-expansion cache-miss
1631 silly fetch manifest lru-cache@^10.2.0
1632 silly packumentCache full:https://registry.npmjs.org/lru-cache cache-miss
1633 http cache https://registry.npmjs.org/brace-expansion 3ms (cache hit)
1634 silly packumentCache full:https://registry.npmjs.org/brace-expansion set size:72152 disposed:false
1635 http cache https://registry.npmjs.org/lru-cache 4ms (cache hit)
1636 silly packumentCache full:https://registry.npmjs.org/lru-cache set size:456196 disposed:false
1637 silly placeDep node_modules/rimraf brace-expansion@2.1.1 OK for: minimatch@9.0.9 want: ^2.0.2
1638 silly placeDep node_modules/rimraf lru-cache@10.4.3 OK for: path-scurry@1.11.1 want: ^10.2.0
1639 silly placeDep node_modules/typeorm cliui@9.0.1 OK for: yargs@18.0.0 want: ^9.0.1
1640 silly placeDep node_modules/typeorm string-width@7.2.0 OK for: yargs@18.0.0 want: ^7.2.0
1641 silly placeDep node_modules/typeorm yargs-parser@22.0.0 OK for: yargs@18.0.0 want: ^22.0.0
1642 silly fetch manifest strip-ansi@^7.1.0
1643 silly packumentCache full:https://registry.npmjs.org/strip-ansi cache-miss
1644 silly fetch manifest wrap-ansi@^9.0.0
1645 silly packumentCache full:https://registry.npmjs.org/wrap-ansi cache-miss
1646 silly fetch manifest strip-ansi@^7.1.0
1647 silly packumentCache full:https://registry.npmjs.org/strip-ansi cache-miss
1648 silly fetch manifest emoji-regex@^10.3.0
1649 silly packumentCache full:https://registry.npmjs.org/emoji-regex cache-miss
1650 silly fetch manifest get-east-asian-width@^1.0.0
1651 silly packumentCache full:https://registry.npmjs.org/get-east-asian-width cache-miss
1652 http cache https://registry.npmjs.org/strip-ansi 2ms (cache hit)
1653 silly packumentCache full:https://registry.npmjs.org/strip-ansi set size:44998 disposed:false
1654 http cache https://registry.npmjs.org/strip-ansi 3ms (cache hit)
1655 silly packumentCache full:https://registry.npmjs.org/strip-ansi set size:44998 disposed:false
1656 silly packumentCache full:https://registry.npmjs.org/strip-ansi dispose
1657 http cache https://registry.npmjs.org/wrap-ansi 3ms (cache hit)
1658 silly packumentCache full:https://registry.npmjs.org/wrap-ansi set size:55299 disposed:false
1659 http cache https://registry.npmjs.org/emoji-regex 3ms (cache hit)
1660 silly packumentCache full:https://registry.npmjs.org/emoji-regex set size:89064 disposed:false
1661 http fetch GET 200 https://registry.npmjs.org/get-east-asian-width 84ms (cache miss)
1662 silly packumentCache full:https://registry.npmjs.org/get-east-asian-width set size:undefined disposed:false
1663 silly placeDep node_modules/typeorm strip-ansi@7.2.0 OK for: cliui@9.0.1 want: ^7.1.0
1664 silly placeDep node_modules/typeorm wrap-ansi@9.0.2 OK for: cliui@9.0.1 want: ^9.0.0
1665 silly fetch manifest ansi-regex@^6.2.2
1666 silly packumentCache full:https://registry.npmjs.org/ansi-regex cache-miss
1667 silly fetch manifest ansi-styles@^6.2.1
1668 silly packumentCache full:https://registry.npmjs.org/ansi-styles cache-miss
1669 http cache https://registry.npmjs.org/ansi-styles 3ms (cache hit)
1670 silly packumentCache full:https://registry.npmjs.org/ansi-styles set size:63233 disposed:false
1671 http cache https://registry.npmjs.org/ansi-regex 3ms (cache hit)
1672 silly packumentCache full:https://registry.npmjs.org/ansi-regex set size:43572 disposed:false
1673 silly placeDep node_modules/typeorm emoji-regex@10.6.0 OK for: string-width@7.2.0 want: ^10.3.0
1674 silly placeDep ROOT get-east-asian-width@1.6.0 OK for: string-width@7.2.0 want: ^1.0.0
1675 silly placeDep node_modules/typeorm ansi-regex@6.2.2 OK for: strip-ansi@7.2.0 want: ^6.2.2
1676 silly placeDep node_modules/typeorm ansi-styles@6.2.3 OK for: wrap-ansi@9.0.2 want: ^6.2.1
1677 silly reify moves {}
1678 silly audit bulk request {
1678 silly audit   '@angular-devkit/core': [ '19.2.24' ],
1678 silly audit   ajv: [ '8.18.0', '8.20.0', '6.15.0' ],
1678 silly audit   'json-schema-traverse': [ '1.0.0', '0.4.1' ],
1678 silly audit   rxjs: [ '7.8.1', '7.8.2' ],
1678 silly audit   '@angular-devkit/schematics': [ '19.2.24' ],
1678 silly audit   '@angular-devkit/schematics-cli': [ '19.2.24' ],
1678 silly audit   '@inquirer/prompts': [ '7.3.2', '7.10.1' ],
1678 silly audit   '@babel/code-frame': [ '7.29.7' ],
1678 silly audit   '@babel/compat-data': [ '7.29.7' ],
1678 silly audit   '@babel/core': [ '7.29.7' ],
1678 silly audit   semver: [ '6.3.1', '7.8.2', '7.8.0' ],
1678 silly audit   '@babel/generator': [ '7.29.7' ],
1678 silly audit   '@babel/helper-compilation-targets': [ '7.29.7' ],
1678 silly audit   '@babel/helper-globals': [ '7.29.7' ],
1678 silly audit   '@babel/helper-module-imports': [ '7.29.7' ],
1678 silly audit   '@babel/helper-module-transforms': [ '7.29.7' ],
1678 silly audit   '@babel/helper-plugin-utils': [ '7.29.7' ],
1678 silly audit   '@babel/helper-string-parser': [ '7.29.7' ],
1678 silly audit   '@babel/helper-validator-identifier': [ '7.29.7' ],
1678 silly audit   '@babel/helper-validator-option': [ '7.29.7' ],
1678 silly audit   '@babel/helpers': [ '7.29.7' ],
1678 silly audit   '@babel/parser': [ '7.29.7' ],
1678 silly audit   '@babel/plugin-syntax-async-generators': [ '7.8.4' ],
1678 silly audit   '@babel/plugin-syntax-bigint': [ '7.8.3' ],
1678 silly audit   '@babel/plugin-syntax-class-properties': [ '7.12.13' ],
1678 silly audit   '@babel/plugin-syntax-class-static-block': [ '7.14.5' ],
1678 silly audit   '@babel/plugin-syntax-import-attributes': [ '7.29.7' ],
1678 silly audit   '@babel/plugin-syntax-import-meta': [ '7.10.4' ],
1678 silly audit   '@babel/plugin-syntax-json-strings': [ '7.8.3' ],
1678 silly audit   '@babel/plugin-syntax-jsx': [ '7.29.7' ],
1678 silly audit   '@babel/plugin-syntax-logical-assignment-operators': [ '7.10.4' ],
1678 silly audit   '@babel/plugin-syntax-nullish-coalescing-operator': [ '7.8.3' ],
1678 silly audit   '@babel/plugin-syntax-numeric-separator': [ '7.10.4' ],
1678 silly audit   '@babel/plugin-syntax-object-rest-spread': [ '7.8.3' ],
1678 silly audit   '@babel/plugin-syntax-optional-catch-binding': [ '7.8.3' ],
1678 silly audit   '@babel/plugin-syntax-optional-chaining': [ '7.8.3' ],
1678 silly audit   '@babel/plugin-syntax-private-property-in-object': [ '7.14.5' ],
1678 silly audit   '@babel/plugin-syntax-top-level-await': [ '7.14.5' ],
1678 silly audit   '@babel/plugin-syntax-typescript': [ '7.29.7' ],
1678 silly audit   '@babel/template': [ '7.29.7' ],
1678 silly audit   '@babel/traverse': [ '7.29.7' ],
1678 silly audit   '@babel/types': [ '7.29.7' ],
1678 silly audit   '@bcoe/v8-coverage': [ '0.2.3' ],
1678 silly audit   '@borewit/text-codec': [ '0.2.2' ],
1678 silly audit   '@colors/colors': [ '1.5.0' ],
1678 silly audit   '@cspotcode/source-map-support': [ '0.8.1' ],
1678 silly audit   '@jridgewell/trace-mapping': [ '0.3.9', '0.3.31' ],
1678 silly audit   '@emnapi/wasi-threads': [ '1.2.1' ],
1678 silly audit   '@eslint-community/eslint-utils': [ '4.9.1' ],
1678 silly audit   'eslint-visitor-keys': [ '3.4.3', '5.0.1', '4.2.1' ],
1678 silly audit   '@eslint-community/regexpp': [ '4.12.2' ],
1678 silly audit   '@eslint/config-array': [ '0.21.2' ],
1678 silly audit   '@eslint/config-helpers': [ '0.4.2' ],
1678 silly audit   '@eslint/core': [ '0.17.0' ],
1678 silly audit   '@eslint/eslintrc': [ '3.3.5' ],
1678 silly audit   globals: [ '14.0.0', '17.6.0' ],
1678 silly audit   '@eslint/js': [ '9.39.4' ],
1678 silly audit   '@eslint/object-schema': [ '2.1.7' ],
1678 silly audit   '@eslint/plugin-kit': [ '0.4.1' ],
1678 silly audit   '@humanfs/core': [ '0.19.2' ],
1678 silly audit   '@humanfs/node': [ '0.16.8' ],
1678 silly audit   '@humanfs/types': [ '0.15.0' ],
1678 silly audit   '@humanwhocodes/module-importer': [ '1.0.1' ],
1678 silly audit   '@humanwhocodes/retry': [ '0.4.3' ],
1678 silly audit   '@inquirer/ansi': [ '1.0.2' ],
1678 silly audit   '@inquirer/checkbox': [ '4.3.2' ],
1678 silly audit   '@inquirer/confirm': [ '5.1.21' ],
1678 silly audit   '@inquirer/core': [ '10.3.2' ],
1678 silly audit   '@inquirer/editor': [ '4.2.23' ],
1678 silly audit   '@inquirer/expand': [ '4.0.23' ],
1678 silly audit   '@inquirer/external-editor': [ '1.0.3' ],
1678 silly audit   '@inquirer/figures': [ '1.0.15' ],
1678 silly audit   '@inquirer/input': [ '4.3.1' ],
1678 silly audit   '@inquirer/number': [ '3.0.23' ],
1678 silly audit   '@inquirer/password': [ '4.0.23' ],
1678 silly audit   '@inquirer/rawlist': [ '4.1.11' ],
1678 silly audit   '@inquirer/search': [ '3.2.2' ],
1678 silly audit   '@inquirer/select': [ '4.4.2' ],
1678 silly audit   '@inquirer/type': [ '3.0.10' ],
1678 silly audit   '@isaacs/cliui': [ '8.0.2' ],
1678 silly audit   'ansi-regex': [ '6.2.2', '5.0.1' ],
1678 silly audit   'ansi-styles': [ '6.2.3', '4.3.0', '5.2.0' ],
1678 silly audit   'emoji-regex': [ '9.2.2', '8.0.0', '10.6.0' ],
1678 silly audit   'string-width': [ '5.1.2', '4.2.3', '7.2.0' ],
1678 silly audit   'strip-ansi': [ '7.2.0', '6.0.1' ],
1678 silly audit   'wrap-ansi': [ '8.1.0', '7.0.0', '6.2.0', '9.0.2' ],
1678 silly audit   '@istanbuljs/load-nyc-config': [ '1.1.0' ],
1678 silly audit   argparse: [ '1.0.10', '2.0.1' ],
1678 silly audit   'find-up': [ '4.1.0', '5.0.0' ],
1678 silly audit   'js-yaml': [ '3.14.2', '4.2.0', '4.1.1' ],
1678 silly audit   'locate-path': [ '5.0.0', '6.0.0' ],
1678 silly audit   'p-limit': [ '2.3.0', '3.1.0' ],
1678 silly audit   'p-locate': [ '4.1.0', '5.0.0' ],
1678 silly audit   'resolve-from': [ '5.0.0', '4.0.0' ],
1678 silly audit   '@istanbuljs/schema': [ '0.1.6' ],
1678 silly audit   '@jest/console': [ '30.4.1' ],
1678 silly audit   '@jest/core': [ '30.4.2' ],
1678 silly audit   '@jest/diff-sequences': [ '30.4.0' ],
1678 silly audit   '@jest/environment': [ '30.4.1' ],
1678 silly audit   '@jest/expect': [ '30.4.1' ],
1678 silly audit   '@jest/expect-utils': [ '30.4.1' ],
1678 silly audit   '@jest/fake-timers': [ '30.4.1' ],
1678 silly audit   '@jest/get-type': [ '30.1.0' ],
1678 silly audit   '@jest/globals': [ '30.4.1' ],
1678 silly audit   '@jest/pattern': [ '30.4.0' ],
1678 silly audit   '@jest/reporters': [ '30.4.1' ],
1678 silly audit   'brace-expansion': [ '2.1.1', '5.0.6', '1.1.15' ],
1678 silly audit   glob: [ '10.5.0', '13.0.6', '7.2.3' ],
1678 silly audit   'lru-cache': [ '10.4.3', '5.1.1', '11.5.1' ],
1678 silly audit   minimatch: [ '9.0.9', '10.2.5', '3.1.5' ],
1678 silly audit   'path-scurry': [ '1.11.1', '2.0.2' ],
1678 silly audit   '@jest/schemas': [ '30.4.1' ],
1678 silly audit   '@jest/snapshot-utils': [ '30.4.1' ],
1678 silly audit   '@jest/source-map': [ '30.0.1' ],
1678 silly audit   '@jest/test-result': [ '30.4.1' ],
1678 silly audit   '@jest/test-sequencer': [ '30.4.1' ],
1678 silly audit   '@jest/transform': [ '30.4.1' ],
1678 silly audit   '@jest/types': [ '30.4.1' ],
1678 silly audit   '@jridgewell/gen-mapping': [ '0.3.13' ],
1678 silly audit   '@jridgewell/remapping': [ '2.3.5' ],
1678 silly audit   '@jridgewell/resolve-uri': [ '3.1.2' ],
1678 silly audit   '@jridgewell/source-map': [ '0.3.11' ],
1678 silly audit   '@jridgewell/sourcemap-codec': [ '1.5.5' ],
1678 silly audit   '@lukeed/csprng': [ '1.1.0' ],
1678 silly audit   '@napi-rs/wasm-runtime': [ '1.1.4' ],
1678 silly audit   '@nestjs/cli': [ '11.0.21' ],
1678 silly audit   'ajv-formats': [ '2.1.1', '3.0.1' ],
1678 silly audit   'ajv-keywords': [ '5.1.0', '3.5.2' ],
1678 silly audit   'eslint-scope': [ '5.1.1', '8.4.0' ],
1678 silly audit   estraverse: [ '4.3.0', '5.3.0' ],
1678 silly audit   'mime-db': [ '1.52.0', '1.54.0' ],
1678 silly audit   'mime-types': [ '2.1.35', '3.0.2' ],
1678 silly audit   'schema-utils': [ '4.3.3', '3.3.0' ],
1678 silly audit   webpack: [ '5.106.0', '5.107.2' ],
1678 silly audit   '@nestjs/common': [ '11.1.24' ],
1678 silly audit   '@nestjs/core': [ '11.1.24' ],
1678 silly audit   '@nestjs/platform-express': [ '11.1.24' ],
1678 silly audit   '@nestjs/schematics': [ '11.1.0' ],
1678 silly audit   '@nestjs/testing': [ '11.1.24' ],
1678 silly audit   '@noble/hashes': [ '1.8.0' ],
1678 silly audit   '@nuxt/opencollective': [ '0.4.1' ],
1678 silly audit   '@paralleldrive/cuid2': [ '2.3.1' ],
1678 silly audit   '@pkgjs/parseargs': [ '0.11.0' ],
1678 silly audit   '@pkgr/core': [ '0.3.6' ],
1678 silly audit   '@sinclair/typebox': [ '0.34.49' ],
1678 silly audit   '@sinonjs/commons': [ '3.0.1' ],
1678 silly audit   '@sinonjs/fake-timers': [ '15.4.0' ],
1678 silly audit   '@tokenizer/inflate': [ '0.4.1' ],
1678 silly audit   '@tokenizer/token': [ '0.3.0' ],
1678 silly audit   '@tsconfig/node10': [ '1.0.12' ],
1678 silly audit   '@tsconfig/node12': [ '1.0.11' ],
1678 silly audit   '@tsconfig/node14': [ '1.0.3' ],
1678 silly audit   '@tsconfig/node16': [ '1.0.4' ],
1678 silly audit   '@tybys/wasm-util': [ '0.10.2' ],
1678 silly audit   '@types/babel__core': [ '7.20.5' ],
1678 silly audit   '@types/babel__generator': [ '7.27.0' ],
1678 silly audit   '@types/babel__template': [ '7.4.4' ],
1678 silly audit   '@types/babel__traverse': [ '7.28.0' ],
1678 silly audit   '@types/body-parser': [ '1.19.6' ],
1678 silly audit   '@types/connect': [ '3.4.38' ],
1678 silly audit   '@types/cookiejar': [ '2.1.5' ],
1678 silly audit   '@types/eslint': [ '9.6.1' ],
1678 silly audit   '@types/eslint-scope': [ '3.7.7' ],
1678 silly audit   '@types/estree': [ '1.0.9' ],
1678 silly audit   '@types/express': [ '5.0.6' ],
1678 silly audit   '@types/express-serve-static-core': [ '5.1.1' ],
1678 silly audit   '@types/http-errors': [ '2.0.5' ],
1678 silly audit   '@types/istanbul-lib-coverage': [ '2.0.6' ],
1678 silly audit   '@types/istanbul-lib-report': [ '3.0.3' ],
1678 silly audit   '@types/istanbul-reports': [ '3.0.4' ],
1678 silly audit   '@types/jest': [ '30.0.0' ],
1678 silly audit   '@types/json-schema': [ '7.0.15' ],
1678 silly audit   '@types/methods': [ '1.1.4' ],
1678 silly audit   '@types/node': [ '24.13.0' ],
1678 silly audit   '@types/qs': [ '6.15.1' ],
1678 silly audit   '@types/range-parser': [ '1.2.7' ],
1678 silly audit   '@types/send': [ '1.2.1' ],
1678 silly audit   '@types/serve-static': [ '2.2.0' ],
1678 silly audit   '@types/stack-utils': [ '2.0.3' ],
1678 silly audit   '@types/superagent': [ '8.1.10' ],
1678 silly audit   '@types/supertest': [ '7.2.0' ],
1678 silly audit   '@types/yargs': [ '17.0.35' ],
1678 silly audit   '@types/yargs-parser': [ '21.0.3' ],
1678 silly audit   '@typescript-eslint/eslint-plugin': [ '8.60.1' ],
1678 silly audit   ignore: [ '7.0.5', '5.3.2' ],
1678 silly audit   '@typescript-eslint/parser': [ '8.60.1' ],
1678 silly audit   '@typescript-eslint/project-service': [ '8.60.1' ],
1678 silly audit   '@typescript-eslint/scope-manager': [ '8.60.1' ],
1678 silly audit   '@typescript-eslint/tsconfig-utils': [ '8.60.1' ],
1678 silly audit   '@typescript-eslint/type-utils': [ '8.60.1' ],
1678 silly audit   '@typescript-eslint/types': [ '8.60.1' ],
1678 silly audit   '@typescript-eslint/typescript-estree': [ '8.60.1' ],
1678 silly audit   'balanced-match': [ '4.0.4', '1.0.2' ],
1678 silly audit   '@typescript-eslint/utils': [ '8.60.1' ],
1678 silly audit   '@typescript-eslint/visitor-keys': [ '8.60.1' ],
1678 silly audit   '@ungap/structured-clone': [ '1.3.1' ],
1678 silly audit   '@unrs/resolver-binding-android-arm-eabi': [ '1.12.2' ],
1678 silly audit   '@unrs/resolver-binding-android-arm64': [ '1.12.2' ],
1678 silly audit   '@unrs/resolver-binding-darwin-arm64': [ '1.12.2' ],
1678 silly audit   '@unrs/resolver-binding-darwin-x64': [ '1.12.2' ],
1678 silly audit   '@unrs/resolver-binding-freebsd-x64': [ '1.12.2' ],
1678 silly audit   '@unrs/resolver-binding-linux-arm-gnueabihf': [ '1.12.2' ],
1678 silly audit   '@unrs/resolver-binding-linux-arm-musleabihf': [ '1.12.2' ],
1678 silly audit   '@unrs/resolver-binding-linux-arm64-gnu': [ '1.12.2' ],
1678 silly audit   '@unrs/resolver-binding-linux-arm64-musl': [ '1.12.2' ],
1678 silly audit   '@unrs/resolver-binding-linux-loong64-gnu': [ '1.12.2' ],
1678 silly audit   '@unrs/resolver-binding-linux-loong64-musl': [ '1.12.2' ],
1678 silly audit   '@unrs/resolver-binding-linux-ppc64-gnu': [ '1.12.2' ],
1678 silly audit   '@unrs/resolver-binding-linux-riscv64-gnu': [ '1.12.2' ],
1678 silly audit   '@unrs/resolver-binding-linux-riscv64-musl': [ '1.12.2' ],
1678 silly audit   '@unrs/resolver-binding-linux-s390x-gnu': [ '1.12.2' ],
1678 silly audit   '@unrs/resolver-binding-linux-x64-gnu': [ '1.12.2' ],
1678 silly audit   '@unrs/resolver-binding-linux-x64-musl': [ '1.12.2' ],
1678 silly audit   '@unrs/resolver-binding-openharmony-arm64': [ '1.12.2' ],
1678 silly audit   '@unrs/resolver-binding-wasm32-wasi': [ '1.12.2' ],
1678 silly audit   '@unrs/resolver-binding-win32-arm64-msvc': [ '1.12.2' ],
1678 silly audit   '@unrs/resolver-binding-win32-ia32-msvc': [ '1.12.2' ],
1678 silly audit   '@unrs/resolver-binding-win32-x64-msvc': [ '1.12.2' ],
1678 silly audit   '@webassemblyjs/ast': [ '1.14.1' ],
1678 silly audit   '@webassemblyjs/floating-point-hex-parser': [ '1.13.2' ],
1678 silly audit   '@webassemblyjs/helper-api-error': [ '1.13.2' ],
1678 silly audit   '@webassemblyjs/helper-buffer': [ '1.14.1' ],
1678 silly audit   '@webassemblyjs/helper-numbers': [ '1.13.2' ],
1678 silly audit   '@webassemblyjs/helper-wasm-bytecode': [ '1.13.2' ],
1678 silly audit   '@webassemblyjs/helper-wasm-section': [ '1.14.1' ],
1678 silly audit   '@webassemblyjs/ieee754': [ '1.13.2' ],
1678 silly audit   '@webassemblyjs/leb128': [ '1.13.2' ],
1678 silly audit   '@webassemblyjs/utf8': [ '1.13.2' ],
1678 silly audit   '@webassemblyjs/wasm-edit': [ '1.14.1' ],
1678 silly audit   '@webassemblyjs/wasm-gen': [ '1.14.1' ],
1678 silly audit   '@webassemblyjs/wasm-opt': [ '1.14.1' ],
1678 silly audit   '@webassemblyjs/wasm-parser': [ '1.14.1' ],
1678 silly audit   '@webassemblyjs/wast-printer': [ '1.14.1' ],
1678 silly audit   '@xtuc/ieee754': [ '1.2.0' ],
1678 silly audit   '@xtuc/long': [ '4.2.2' ],
1678 silly audit   accepts: [ '2.0.0' ],
1678 silly audit   acorn: [ '8.16.0' ],
1678 silly audit   'acorn-import-phases': [ '1.0.4' ],
1678 silly audit   'acorn-jsx': [ '5.3.2' ],
1678 silly audit   'acorn-walk': [ '8.3.5' ],
1678 silly audit   'ansi-colors': [ '4.1.3' ],
1678 silly audit   'ansi-escapes': [ '4.3.2' ],
1678 silly audit   ansis: [ '4.2.0' ],
1678 silly audit   anymatch: [ '3.1.3' ],
1678 silly audit   picomatch: [ '2.3.2', '4.0.4' ],
1678 silly audit   'append-field': [ '1.0.0' ],
1678 silly audit   arg: [ '4.1.3' ],
1678 silly audit   'array-timsort': [ '1.0.3' ],
1678 silly audit   asap: [ '2.0.6' ],
1678 silly audit   asynckit: [ '0.4.0' ],
1678 silly audit   'babel-jest': [ '30.4.1' ],
1678 silly audit   'babel-plugin-istanbul': [ '7.0.1' ],
1678 silly audit   'babel-plugin-jest-hoist': [ '30.4.0' ],
1678 silly audit   'babel-preset-current-node-syntax': [ '1.2.0' ],
1678 silly audit   'babel-preset-jest': [ '30.4.0' ],
1678 silly audit   'base64-js': [ '1.5.1' ],
1678 silly audit   'baseline-browser-mapping': [ '2.10.33' ],
1678 silly audit   bl: [ '4.1.0' ],
1678 silly audit   'body-parser': [ '2.2.2' ],
1678 silly audit   braces: [ '3.0.3' ],
1678 silly audit   browserslist: [ '4.28.2' ],
1678 silly audit   'bs-logger': [ '0.2.6' ],
1678 silly audit   bser: [ '2.1.1' ],
1678 silly audit   buffer: [ '5.7.1' ],
1678 silly audit   'buffer-from': [ '1.1.2' ],
1678 silly audit   busboy: [ '1.6.0' ],
1678 silly audit   bytes: [ '3.1.2' ],
1678 silly audit   'call-bind-apply-helpers': [ '1.0.2' ],
1678 silly audit   'call-bound': [ '1.0.4' ],
1678 silly audit   callsites: [ '3.1.0' ],
1678 silly audit   camelcase: [ '5.3.1', '6.3.0' ],
1678 silly audit   'caniuse-lite': [ '1.0.30001793' ],
1678 silly audit   chalk: [ '4.1.2' ],
1678 silly audit   'char-regex': [ '1.0.2' ],
1678 silly audit   chardet: [ '2.1.1' ],
1678 silly audit   chokidar: [ '4.0.3' ],
1678 silly audit   'chrome-trace-event': [ '1.0.4' ],
1678 silly audit   'ci-info': [ '4.4.0' ],
1678 silly audit   'cjs-module-lexer': [ '2.2.0' ],
1678 silly audit   'cli-cursor': [ '3.1.0' ],
1678 silly audit   'cli-spinners': [ '2.9.2' ],
1678 silly audit   'cli-table3': [ '0.6.5' ],
1678 silly audit   'cli-width': [ '4.1.0' ],
1678 silly audit   cliui: [ '8.0.1', '9.0.1' ],
1678 silly audit   clone: [ '1.0.4' ],
1678 silly audit   co: [ '4.6.0' ],
1678 silly audit   'collect-v8-coverage': [ '1.0.3' ],
1678 silly audit   'color-convert': [ '2.0.1' ],
1678 silly audit   'color-name': [ '1.1.4' ],
1678 silly audit   'combined-stream': [ '1.0.8' ],
1678 silly audit   commander: [ '4.1.1', '2.20.3' ],
1678 silly audit   'comment-json': [ '5.0.0' ],
1678 silly audit   'component-emitter': [ '1.3.1' ],
1678 silly audit   'concat-map': [ '0.0.1' ],
1678 silly audit   'concat-stream': [ '2.0.0' ],
1678 silly audit   consola: [ '3.4.2' ],
1678 silly audit   'content-disposition': [ '1.1.0' ],
1678 silly audit   'content-type': [ '1.0.5', '2.0.0' ],
1678 silly audit   'convert-source-map': [ '2.0.0' ],
1678 silly audit   cookie: [ '0.7.2' ],
1678 silly audit   'cookie-signature': [ '1.2.2' ],
1678 silly audit   cookiejar: [ '2.1.4' ],
1678 silly audit   cors: [ '2.8.6' ],
1678 silly audit   cosmiconfig: [ '8.3.6' ],
1678 silly audit   'create-require': [ '1.1.1' ],
1678 silly audit   'cross-spawn': [ '7.0.6' ],
1678 silly audit   debug: [ '4.4.3' ],
1678 silly audit   dedent: [ '1.7.2' ],
1678 silly audit   'deep-is': [ '0.1.4' ],
1678 silly audit   deepmerge: [ '4.3.1' ],
1678 silly audit   defaults: [ '1.0.4' ],
1678 silly audit   'delayed-stream': [ '1.0.0' ],
1678 silly audit   depd: [ '2.0.0' ],
1678 silly audit   'detect-newline': [ '3.1.0' ],
1678 silly audit   dezalgo: [ '1.0.4' ],
1678 silly audit   diff: [ '4.0.4' ],
1678 silly audit   'dunder-proto': [ '1.0.1' ],
1678 silly audit   eastasianwidth: [ '0.2.0' ],
1678 silly audit   'ee-first': [ '1.1.1' ],
1678 silly audit   'electron-to-chromium': [ '1.5.368' ],
1678 silly audit   emittery: [ '0.13.1' ],
1678 silly audit   encodeurl: [ '2.0.0' ],
1678 silly audit   'enhanced-resolve': [ '5.22.2' ],
1678 silly audit   'error-ex': [ '1.3.4' ],
1678 silly audit   'es-define-property': [ '1.0.1' ],
1678 silly audit   'es-errors': [ '1.3.0' ],
1678 silly audit   'es-module-lexer': [ '2.1.0' ],
1678 silly audit   'es-object-atoms': [ '1.1.2' ],
1678 silly audit   'es-set-tostringtag': [ '2.1.0' ],
1678 silly audit   escalade: [ '3.2.0' ],
1678 silly audit   'escape-html': [ '1.0.3' ],
1678 silly audit   'escape-string-regexp': [ '4.0.0', '2.0.0' ],
1678 silly audit   eslint: [ '9.39.4' ],
1678 silly audit   'eslint-config-prettier': [ '10.1.8' ],
1678 silly audit   'eslint-plugin-prettier': [ '5.5.6' ],
1678 silly audit   espree: [ '10.4.0' ],
1678 silly audit   esprima: [ '4.0.1' ],
1678 silly audit   esquery: [ '1.7.0' ],
1678 silly audit   esrecurse: [ '4.3.0' ],
1678 silly audit   esutils: [ '2.0.3' ],
1678 silly audit   etag: [ '1.8.1' ],
1678 silly audit   events: [ '3.3.0' ],
1678 silly audit   execa: [ '5.1.1' ],
1678 silly audit   'signal-exit': [ '3.0.7', '4.1.0' ],
1678 silly audit   'exit-x': [ '0.2.2' ],
1678 silly audit   expect: [ '30.4.1' ],
1678 silly audit   express: [ '5.2.1' ],
1678 silly audit   'fast-deep-equal': [ '3.1.3' ],
1678 silly audit   'fast-diff': [ '1.3.0' ],
1678 silly audit   'fast-json-stable-stringify': [ '2.1.0' ],
1678 silly audit   'fast-levenshtein': [ '2.0.6' ],
1678 silly audit   'fast-safe-stringify': [ '2.1.1' ],
1678 silly audit   'fast-uri': [ '3.1.2' ],
1678 silly audit   'fb-watchman': [ '2.0.2' ],
1678 silly audit   fdir: [ '6.5.0' ],
1678 silly audit   'file-entry-cache': [ '8.0.0' ],
1678 silly audit   'file-type': [ '21.3.4' ],
1678 silly audit   'fill-range': [ '7.1.1' ],
1678 silly audit   finalhandler: [ '2.1.1' ],
1678 silly audit   'flat-cache': [ '4.0.1' ],
1678 silly audit   flatted: [ '3.4.2' ],
1678 silly audit   'foreground-child': [ '3.3.1' ],
1678 silly audit   'fork-ts-checker-webpack-plugin': [ '9.1.0' ],
1678 silly audit   'form-data': [ '4.0.5' ],
1678 silly audit   formidable: [ '3.5.4' ],
1678 silly audit   forwarded: [ '0.2.0' ],
1678 silly audit   fresh: [ '2.0.0' ],
1678 silly audit   'fs-extra': [ '10.1.0' ],
1678 silly audit   'fs-monkey': [ '1.1.0' ],
1678 silly audit   'fs.realpath': [ '1.0.0' ],
1678 silly audit   fsevents: [ '2.3.3' ],
1678 silly audit   'function-bind': [ '1.1.2' ],
1678 silly audit   gensync: [ '1.0.0-beta.2' ],
1678 silly audit   'get-caller-file': [ '2.0.5' ],
1678 silly audit   'get-intrinsic': [ '1.3.0' ],
1678 silly audit   'get-package-type': [ '0.1.0' ],
1678 silly audit   'get-proto': [ '1.0.1' ],
1678 silly audit   'get-stream': [ '6.0.1' ],
1678 silly audit   'glob-parent': [ '6.0.2' ],
1678 silly audit   'glob-to-regexp': [ '0.4.1' ],
1678 silly audit   gopd: [ '1.2.0' ],
1678 silly audit   'graceful-fs': [ '4.2.11' ],
1678 silly audit   handlebars: [ '4.7.9' ],
1678 silly audit   'source-map': [ '0.6.1', '0.7.4' ],
1678 silly audit   'has-flag': [ '4.0.0' ],
1678 silly audit   'has-symbols': [ '1.1.0' ],
1678 silly audit   'has-tostringtag': [ '1.0.2' ],
1678 silly audit   hasown: [ '2.0.4' ],
1678 silly audit   'html-escaper': [ '2.0.2' ],
1678 silly audit   'http-errors': [ '2.0.1' ],
1678 silly audit   'human-signals': [ '2.1.0' ],
1678 silly audit   'iconv-lite': [ '0.7.2' ],
1678 silly audit   ieee754: [ '1.2.1' ],
1678 silly audit   'import-fresh': [ '3.3.1' ],
1678 silly audit   'import-local': [ '3.2.0' ],
1678 silly audit   imurmurhash: [ '0.1.4' ],
1678 silly audit   inflight: [ '1.0.6' ],
1678 silly audit   inherits: [ '2.0.4' ],
1678 silly audit   'ipaddr.js': [ '1.9.1' ],
1678 silly audit   'is-arrayish': [ '0.2.1' ],
1678 silly audit   'is-extglob': [ '2.1.1' ],
1678 silly audit   'is-fullwidth-code-point': [ '3.0.0' ],
1678 silly audit   'is-generator-fn': [ '2.1.0' ],
1678 silly audit   'is-glob': [ '4.0.3' ],
1678 silly audit   'is-interactive': [ '1.0.0' ],
1678 silly audit   'is-number': [ '7.0.0' ],
1678 silly audit   'is-promise': [ '4.0.0' ],
1678 silly audit   'is-stream': [ '2.0.1' ],
1678 silly audit   'is-unicode-supported': [ '0.1.0' ],
1678 silly audit   isexe: [ '2.0.0' ],
1678 silly audit   'istanbul-lib-coverage': [ '3.2.2' ],
1678 silly audit   'istanbul-lib-instrument': [ '6.0.3' ],
1678 silly audit   'istanbul-lib-report': [ '3.0.1' ],
1678 silly audit   'istanbul-lib-source-maps': [ '5.0.6' ],
1678 silly audit   'istanbul-reports': [ '3.2.0' ],
1678 silly audit   iterare: [ '1.2.1' ],
1678 silly audit   jackspeak: [ '3.4.3' ],
1678 silly audit   jest: [ '30.4.2' ],
1678 silly audit   'jest-changed-files': [ '30.4.1' ],
1678 silly audit   'jest-circus': [ '30.4.2' ],
1678 silly audit   'jest-cli': [ '30.4.2' ],
1678 silly audit   'jest-config': [ '30.4.2' ],
1678 silly audit   'jest-diff': [ '30.4.1' ],
1678 silly audit   'jest-docblock': [ '30.4.0' ],
1678 silly audit   'jest-each': [ '30.4.1' ],
1678 silly audit   'jest-environment-node': [ '30.4.1' ],
1678 silly audit   'jest-haste-map': [ '30.4.1' ],
1678 silly audit   'jest-leak-detector': [ '30.4.1' ],
1678 silly audit   'jest-matcher-utils': [ '30.4.1' ],
1678 silly audit   'jest-message-util': [ '30.4.1' ],
1678 silly audit   'jest-mock': [ '30.4.1' ],
1678 silly audit   'jest-pnp-resolver': [ '1.2.3' ],
1678 silly audit   'jest-regex-util': [ '30.4.0' ],
1678 silly audit   'jest-resolve': [ '30.4.1' ],
1678 silly audit   'jest-resolve-dependencies': [ '30.4.2' ],
1678 silly audit   'jest-runner': [ '30.4.2' ],
1678 silly audit   'source-map-support': [ '0.5.13', '0.5.21' ],
1678 silly audit   'jest-runtime': [ '30.4.2' ],
1678 silly audit   'jest-snapshot': [ '30.4.1' ],
1678 silly audit   'jest-util': [ '30.4.1' ],
1678 silly audit   'jest-validate': [ '30.4.1' ],
1678 silly audit   'jest-watcher': [ '30.4.1' ],
1678 silly audit   'jest-worker': [ '30.4.1', '27.5.1' ],
1678 silly audit   'supports-color': [ '8.1.1', '7.2.0' ],
1678 silly audit   'js-tokens': [ '4.0.0' ],
1678 silly audit   jsesc: [ '3.1.0' ],
1678 silly audit   'json-buffer': [ '3.0.1' ],
1678 silly audit   'json-parse-even-better-errors': [ '2.3.1' ],
1678 silly audit   'json-stable-stringify-without-jsonify': [ '1.0.1' ],
1678 silly audit   json5: [ '2.2.3' ],
1678 silly audit   'jsonc-parser': [ '3.3.1' ],
1678 silly audit   jsonfile: [ '6.2.1' ],
1678 silly audit   keyv: [ '4.5.4' ],
1678 silly audit   leven: [ '3.1.0' ],
1678 silly audit   levn: [ '0.4.1' ],
1678 silly audit   'lines-and-columns': [ '1.2.4' ],
1678 silly audit   'load-esm': [ '1.0.3' ],
1678 silly audit   'loader-runner': [ '4.3.2' ],
1678 silly audit   lodash: [ '4.18.1' ],
1678 silly audit   'lodash.memoize': [ '4.1.2' ],
1678 silly audit   'lodash.merge': [ '4.6.2' ],
1678 silly audit   'log-symbols': [ '4.1.0' ],
1678 silly audit   'magic-string': [ '0.30.17' ],
1678 silly audit   'make-dir': [ '4.0.0' ],
1678 silly audit   'make-error': [ '1.3.6' ],
1678 silly audit   makeerror: [ '1.0.12' ],
1678 silly audit   'math-intrinsics': [ '1.1.0' ],
1678 silly audit   'media-typer': [ '1.1.0', '0.3.0' ],
1678 silly audit   memfs: [ '3.5.3' ],
1678 silly audit   'merge-descriptors': [ '2.0.0' ],
1678 silly audit   'merge-stream': [ '2.0.0' ],
1678 silly audit   methods: [ '1.1.2' ],
1678 silly audit   micromatch: [ '4.0.8' ],
1678 silly audit   mime: [ '2.6.0' ],
1678 silly audit   'mimic-fn': [ '2.1.0' ],
1678 silly audit   minimist: [ '1.2.8' ],
1678 silly audit   minipass: [ '7.1.3' ],
1678 silly audit   ms: [ '2.1.3' ],
1678 silly audit   multer: [ '2.1.1' ],
1678 silly audit   'type-is': [ '1.6.18', '2.1.0' ],
1678 silly audit   'mute-stream': [ '2.0.0' ],
1678 silly audit   'napi-postinstall': [ '0.3.4' ],
1678 silly audit   'natural-compare': [ '1.4.0' ],
1678 silly audit   negotiator: [ '1.0.0' ],
1678 silly audit   'neo-async': [ '2.6.2' ],
1678 silly audit   'node-abort-controller': [ '3.1.1' ],
1678 silly audit   'node-emoji': [ '1.11.0' ],
1678 silly audit   'node-int64': [ '0.4.0' ],
1678 silly audit   'node-releases': [ '2.0.47' ],
1678 silly audit   'normalize-path': [ '3.0.0' ],
1678 silly audit   'npm-run-path': [ '4.0.1' ],
1678 silly audit   'object-assign': [ '4.1.1' ],
1678 silly audit   'object-inspect': [ '1.13.4' ],
1678 silly audit   'on-finished': [ '2.4.1' ],
1678 silly audit   once: [ '1.4.0' ],
1678 silly audit   onetime: [ '5.1.2' ],
1678 silly audit   optionator: [ '0.9.4' ],
1678 silly audit   ora: [ '5.4.1' ],
1678 silly audit   'p-try': [ '2.2.0' ],
1678 silly audit   'package-json-from-dist': [ '1.0.1' ],
1678 silly audit   'parent-module': [ '1.0.1' ],
1678 silly audit   'parse-json': [ '5.2.0' ],
1678 silly audit   parseurl: [ '1.3.3' ],
1678 silly audit   'path-exists': [ '4.0.0' ],
1678 silly audit   'path-is-absolute': [ '1.0.1' ],
1678 silly audit   'path-key': [ '3.1.1' ],
1678 silly audit   'path-to-regexp': [ '8.4.2' ],
1678 silly audit   'path-type': [ '4.0.0' ],
1678 silly audit   picocolors: [ '1.1.1' ],
1678 silly audit   pirates: [ '4.0.7' ],
1678 silly audit   'pkg-dir': [ '4.2.0' ],
1678 silly audit   pluralize: [ '8.0.0' ],
1678 silly audit   'prelude-ls': [ '1.2.1' ],
1678 silly audit   prettier: [ '3.8.3' ],
1678 silly audit   'prettier-linter-helpers': [ '1.0.1' ],
1678 silly audit   'pretty-format': [ '30.4.1' ],
1678 silly audit   'proxy-addr': [ '2.0.7' ],
1678 silly audit   punycode: [ '2.3.1' ],
1678 silly audit   'pure-rand': [ '7.0.1' ],
1678 silly audit   qs: [ '6.15.2' ],
1678 silly audit   'range-parser': [ '1.2.1' ],
1678 silly audit   'raw-body': [ '3.0.2' ],
1678 silly audit   'react-is': [ '18.3.1', '19.2.7' ],
1678 silly audit   'readable-stream': [ '3.6.2' ],
1678 silly audit   readdirp: [ '4.1.2' ],
1678 silly audit   'reflect-metadata': [ '0.2.2' ],
1678 silly audit   'require-directory': [ '2.1.1' ],
1678 silly audit   'require-from-string': [ '2.0.2' ],
1678 silly audit   'resolve-cwd': [ '3.0.0' ],
1678 silly audit   'restore-cursor': [ '3.1.0' ],
1678 silly audit   router: [ '2.2.0' ],
1678 silly audit   'safe-buffer': [ '5.2.1' ],
1678 silly audit   'safer-buffer': [ '2.1.2' ],
1678 silly audit   send: [ '1.2.1' ],
1678 silly audit   'serve-static': [ '2.2.1' ],
1678 silly audit   setprototypeof: [ '1.2.0' ],
1678 silly audit   'shebang-command': [ '2.0.0' ],
1678 silly audit   'shebang-regex': [ '3.0.0' ],
1678 silly audit   'side-channel': [ '1.1.0' ],
1678 silly audit   'side-channel-list': [ '1.0.1' ],
1678 silly audit   'side-channel-map': [ '1.0.1' ],
1678 silly audit   'side-channel-weakmap': [ '1.0.2' ],
1678 silly audit   slash: [ '3.0.0' ],
1678 silly audit   'sprintf-js': [ '1.0.3' ],
1678 silly audit   'stack-utils': [ '2.0.6' ],
1678 silly audit   statuses: [ '2.0.2' ],
1678 silly audit   streamsearch: [ '1.1.0' ],
1678 silly audit   string_decoder: [ '1.3.0' ],
1678 silly audit   'string-length': [ '4.0.2' ],
1678 silly audit   'strip-bom': [ '4.0.0', '3.0.0' ],
1678 silly audit   'strip-final-newline': [ '2.0.0' ],
1678 silly audit   'strip-json-comments': [ '3.1.1' ],
1678 silly audit   strtok3: [ '10.3.5' ],
1678 silly audit   superagent: [ '10.3.0' ],
1678 silly audit   supertest: [ '7.2.2' ],
1678 silly audit   'symbol-observable': [ '4.0.0' ],
1678 silly audit   synckit: [ '0.11.13' ],
1678 silly audit   tapable: [ '2.3.3' ],
1678 silly audit   terser: [ '5.48.0' ],
1678 silly audit   'terser-webpack-plugin': [ '5.6.1' ],
1678 silly audit   'test-exclude': [ '6.0.0' ],
1678 silly audit   tinyglobby: [ '0.2.17' ],
1678 silly audit   tmpl: [ '1.0.5' ],
1678 silly audit   'to-regex-range': [ '5.0.1' ],
1678 silly audit   toidentifier: [ '1.0.1' ],
1678 silly audit   'token-types': [ '6.1.2' ],
1678 silly audit   'ts-api-utils': [ '2.5.0' ],
1678 silly audit   'ts-jest': [ '29.4.11' ],
1678 silly audit   'type-fest': [ '4.41.0', '0.21.3' ],
1678 silly audit   'ts-loader': [ '9.6.0' ],
1678 silly audit   'ts-node': [ '10.9.2' ],
1678 silly audit   'tsconfig-paths': [ '4.2.0' ],
1678 silly audit   'tsconfig-paths-webpack-plugin': [ '4.2.0' ],
1678 silly audit   tslib: [ '2.8.1' ],
1678 silly audit   'type-check': [ '0.4.0' ],
1678 silly audit   'type-detect': [ '4.0.8' ],
1678 silly audit   typedarray: [ '0.0.6' ],
1678 silly audit   typescript: [ '5.9.3' ],
1678 silly audit   'typescript-eslint': [ '8.60.1' ],
1678 silly audit   'uglify-js': [ '3.19.3' ],
1678 silly audit   uid: [ '2.0.2' ],
1678 silly audit   'uint8array-extras': [ '1.5.0' ],
1678 silly audit   'undici-types': [ '7.18.2' ],
1678 silly audit   universalify: [ '2.0.1' ],
1678 silly audit   unpipe: [ '1.0.0' ],
1678 silly audit   'unrs-resolver': [ '1.12.2' ],
1678 silly audit   'update-browserslist-db': [ '1.2.3' ],
1678 silly audit   'uri-js': [ '4.4.1' ],
1678 silly audit   'util-deprecate': [ '1.0.2' ],
1678 silly audit   'v8-compile-cache-lib': [ '3.0.1' ],
1678 silly audit   'v8-to-istanbul': [ '9.3.0' ],
1678 silly audit   vary: [ '1.1.2' ],
1678 silly audit   walker: [ '1.0.8' ],
1678 silly audit   watchpack: [ '2.5.1' ],
1678 silly audit   wcwidth: [ '1.0.1' ],
1678 silly audit   'webpack-node-externals': [ '3.0.0' ],
1678 silly audit   'webpack-sources': [ '3.5.0' ],
1678 silly audit   which: [ '2.0.2' ],
1678 silly audit   'word-wrap': [ '1.2.5' ],
1678 silly audit   wordwrap: [ '1.0.0' ],
1678 silly audit   wrappy: [ '1.0.2' ],
1678 silly audit   'write-file-atomic': [ '5.0.1' ],
1678 silly audit   y18n: [ '5.0.8' ],
1678 silly audit   yallist: [ '3.1.1' ],
1678 silly audit   yargs: [ '17.7.2', '18.0.0' ],
1678 silly audit   'yargs-parser': [ '21.1.1', '22.0.0' ],
1678 silly audit   yn: [ '3.1.1' ],
1678 silly audit   'yocto-queue': [ '0.1.0' ],
1678 silly audit   'yoctocolors-cjs': [ '2.1.3' ],
1678 silly audit   '@aws-sdk/client-s3': [ '3.1062.0' ],
1678 silly audit   '@nestjs/bullmq': [ '11.0.4' ],
1678 silly audit   '@nestjs/config': [ '4.0.4' ],
1678 silly audit   '@nestjs/jwt': [ '11.0.2' ],
1678 silly audit   '@nestjs/passport': [ '11.0.5' ],
1678 silly audit   passport: [ '0.7.0' ],
1678 silly audit   '@nestjs/swagger': [ '11.4.4' ],
1678 silly audit   '@nestjs/typeorm': [ '11.0.1' ],
1678 silly audit   '@opentelemetry/api': [ '1.9.1' ],
1678 silly audit   '@opentelemetry/auto-instrumentations-node': [ '0.76.0' ],
1678 silly audit   '@opentelemetry/core': [ '2.7.1' ],
1678 silly audit   '@opentelemetry/exporter-trace-otlp-grpc': [ '0.218.0' ],
1678 silly audit   '@opentelemetry/sdk-node': [ '0.218.0' ],
1678 silly audit   bcrypt: [ '6.0.0' ],
1678 silly audit   bullmq: [ '5.78.0' ],
1678 silly audit   'class-transformer': [ '0.5.1' ],
1678 silly audit   'class-validator': [ '0.15.1' ],
1678 silly audit   ioredis: [ '5.11.1', '5.10.1' ],
1678 silly audit   'passport-jwt': [ '4.0.1' ],
1678 silly audit   pg: [ '8.21.0' ],
1678 silly audit   typeorm: [ '1.0.0' ],
1678 silly audit   '@aws-crypto/sha1-browser': [ '5.2.0' ],
1678 silly audit   '@aws-crypto/sha256-browser': [ '5.2.0' ],
1678 silly audit   '@aws-crypto/sha256-js': [ '5.2.0' ],
1678 silly audit   '@aws-sdk/core': [ '3.974.17' ],
1678 silly audit   '@aws-sdk/credential-provider-node': [ '3.972.51' ],
1678 silly audit   '@aws-sdk/middleware-flexible-checksums': [ '3.974.26' ],
1678 silly audit   '@aws-sdk/middleware-sdk-s3': [ '3.972.47' ],
1678 silly audit   '@aws-sdk/signature-v4-multi-region': [ '3.996.31' ],
1678 silly audit   '@aws-sdk/types': [ '3.973.10' ],
1678 silly audit   '@smithy/core': [ '3.24.6' ],
1678 silly audit   '@smithy/fetch-http-handler': [ '5.4.6' ],
1678 silly audit   '@smithy/node-http-handler': [ '4.7.7' ],
1678 silly audit   '@smithy/types': [ '4.14.3' ],
1678 silly audit   '@aws-crypto/supports-web-crypto': [ '5.2.0' ],
1678 silly audit   '@aws-crypto/util': [ '5.2.0' ],
1678 silly audit   '@aws-sdk/util-locate-window': [ '3.965.5' ],
1678 silly audit   '@smithy/util-utf8': [ '2.3.0' ],
1678 silly audit   '@aws-sdk/xml-builder': [ '3.972.27' ],
1678 silly audit   '@aws/lambda-invoke-store': [ '0.2.4' ],
1678 silly audit   '@smithy/signature-v4': [ '5.4.6' ],
1678 silly audit   bowser: [ '2.14.1' ],
1678 silly audit   '@aws-sdk/credential-provider-env': [ '3.972.43' ],
1678 silly audit   '@aws-sdk/credential-provider-http': [ '3.972.45' ],
1678 silly audit   '@aws-sdk/credential-provider-ini': [ '3.972.49' ],
1678 silly audit   '@aws-sdk/credential-provider-process': [ '3.972.43' ],
1678 silly audit   '@aws-sdk/credential-provider-sso': [ '3.972.48' ],
1678 silly audit   '@aws-sdk/credential-provider-web-identity': [ '3.972.48' ],
1678 silly audit   '@smithy/credential-provider-imds': [ '4.3.8' ],
1678 silly audit   '@aws-sdk/credential-provider-login': [ '3.972.48' ],
1678 silly audit   '@aws-sdk/nested-clients': [ '3.997.16' ],
1678 silly audit   '@aws-sdk/token-providers': [ '3.1062.0' ],
1678 silly audit   '@aws-sdk/checksums': [ '3.1000.1' ],
1678 silly audit   '@aws-crypto/crc32': [ '5.2.0' ],
1678 silly audit   '@aws-crypto/crc32c': [ '5.2.0' ],
1678 silly audit   'fast-xml-parser': [ '5.7.3' ],
1678 silly audit   '@nestjs/bull-shared': [ '11.0.4' ],
1678 silly audit   dotenv: [ '17.4.1', '16.6.1' ],
1678 silly audit   'dotenv-expand': [ '12.0.3' ],
1678 silly audit   '@types/jsonwebtoken': [ '9.0.10' ],
1678 silly audit   jsonwebtoken: [ '9.0.3' ],
1678 silly audit   '@microsoft/tsdoc': [ '0.16.0' ],
1678 silly audit   '@nestjs/mapped-types': [ '2.1.1' ],
1678 silly audit   'swagger-ui-dist': [ '5.32.6' ],
1678 silly audit   '@opentelemetry/instrumentation': [ '0.218.0' ],
1678 silly audit   '@opentelemetry/instrumentation-amqplib': [ '0.65.0' ],
1678 silly audit   '@opentelemetry/instrumentation-aws-lambda': [ '0.70.0' ],
1678 silly audit   '@opentelemetry/instrumentation-aws-sdk': [ '0.73.0' ],
1678 silly audit   '@opentelemetry/instrumentation-bunyan': [ '0.63.0' ],
1678 silly audit   '@opentelemetry/instrumentation-cassandra-driver': [ '0.63.0' ],
1678 silly audit   '@opentelemetry/instrumentation-connect': [ '0.61.0' ],
1678 silly audit   '@opentelemetry/instrumentation-cucumber': [ '0.34.0' ],
1678 silly audit   '@opentelemetry/instrumentation-dataloader': [ '0.35.0' ],
1678 silly audit   '@opentelemetry/instrumentation-dns': [ '0.61.0' ],
1678 silly audit   '@opentelemetry/instrumentation-express': [ '0.66.0' ],
1678 silly audit   '@opentelemetry/instrumentation-fs': [ '0.37.0' ],
1678 silly audit   '@opentelemetry/instrumentation-generic-pool': [ '0.61.0' ],
1678 silly audit   '@opentelemetry/instrumentation-graphql': [ '0.66.0' ],
1678 silly audit   '@opentelemetry/instrumentation-grpc': [ '0.218.0' ],
1678 silly audit   '@opentelemetry/instrumentation-hapi': [ '0.64.0' ],
1678 silly audit   '@opentelemetry/instrumentation-http': [ '0.218.0' ],
1678 silly audit   '@opentelemetry/instrumentation-ioredis': [ '0.66.0' ],
1678 silly audit   '@opentelemetry/instrumentation-kafkajs': [ '0.27.0' ],
1678 silly audit   '@opentelemetry/instrumentation-knex': [ '0.62.0' ],
1678 silly audit   '@opentelemetry/instrumentation-koa': [ '0.66.0' ],
1678 silly audit   '@opentelemetry/instrumentation-lru-memoizer': [ '0.62.0' ],
1678 silly audit   '@opentelemetry/instrumentation-memcached': [ '0.61.0' ],
1678 silly audit   '@opentelemetry/instrumentation-mongodb': [ '0.71.0' ],
1678 silly audit   '@opentelemetry/instrumentation-mongoose': [ '0.64.0' ],
1678 silly audit   '@opentelemetry/instrumentation-mysql': [ '0.64.0' ],
1678 silly audit   '@opentelemetry/instrumentation-mysql2': [ '0.64.0' ],
1678 silly audit   '@opentelemetry/instrumentation-nestjs-core': [ '0.64.0' ],
1678 silly audit   '@opentelemetry/instrumentation-net': [ '0.62.0' ],
1678 silly audit   '@opentelemetry/instrumentation-openai': [ '0.16.0' ],
1678 silly audit   '@opentelemetry/instrumentation-oracledb': [ '0.43.0' ],
1678 silly audit   '@opentelemetry/instrumentation-pg': [ '0.70.0' ],
1678 silly audit   '@opentelemetry/instrumentation-pino': [ '0.64.0' ],
1678 silly audit   '@opentelemetry/instrumentation-redis': [ '0.66.0' ],
1678 silly audit   '@opentelemetry/instrumentation-restify': [ '0.63.0' ],
1678 silly audit   '@opentelemetry/instrumentation-router': [ '0.62.0' ],
1678 silly audit   '@opentelemetry/instrumentation-runtime-node': [ '0.31.0' ],
1678 silly audit   '@opentelemetry/instrumentation-socket.io': [ '0.65.0' ],
1678 silly audit   '@opentelemetry/instrumentation-tedious': [ '0.37.0' ],
1678 silly audit   '@opentelemetry/instrumentation-undici': [ '0.28.0' ],
1678 silly audit   '@opentelemetry/instrumentation-winston': [ '0.62.0' ],
1678 silly audit   '@opentelemetry/resource-detector-alibaba-cloud': [ '0.33.8' ],
1678 silly audit   '@opentelemetry/resource-detector-aws': [ '2.18.0' ],
1678 silly audit   '@opentelemetry/resource-detector-azure': [ '0.26.0' ],
1678 silly audit   '@opentelemetry/resource-detector-container': [ '0.8.9' ],
1678 silly audit   '@opentelemetry/resource-detector-gcp': [ '0.53.0' ],
1678 silly audit   '@opentelemetry/resources': [ '2.7.1' ],
1678 silly audit   '@opentelemetry/semantic-conventions': [ '1.41.1' ],
1678 silly audit   '@grpc/grpc-js': [ '1.14.4' ],
1678 silly audit   '@opentelemetry/otlp-exporter-base': [ '0.218.0' ],
1678 silly audit   '@opentelemetry/otlp-grpc-exporter-base': [ '0.218.0' ],
1678 silly audit   '@opentelemetry/otlp-transformer': [ '0.218.0' ],
1678 silly audit   '@opentelemetry/sdk-trace-base': [ '2.7.1' ],
1678 silly audit   '@grpc/proto-loader': [ '0.8.1' ],
1678 silly audit   '@js-sdsl/ordered-map': [ '4.4.2' ],
1678 silly audit   'lodash.camelcase': [ '4.3.0' ],
1678 silly audit   long: [ '5.3.2' ],
1678 silly audit   protobufjs: [ '7.6.2' ],
1678 silly audit   '@opentelemetry/api-logs': [ '0.218.0' ],
1678 silly audit   'import-in-the-middle': [ '3.0.1' ],
1678 silly audit   'require-in-the-middle': [ '8.0.1' ],
1678 silly audit   '@types/aws-lambda': [ '8.10.161' ],
1678 silly audit   '@types/bunyan': [ '1.8.11' ],
1678 silly audit   'forwarded-parse': [ '2.1.2' ],
1678 silly audit   '@opentelemetry/redis-common': [ '0.38.3' ],
1678 silly audit   '@types/memcached': [ '2.2.10' ],
1678 silly audit   '@types/mysql': [ '2.15.27' ],
1678 silly audit   '@opentelemetry/sql-common': [ '0.41.2' ],
1678 silly audit   '@types/oracledb': [ '6.5.2' ],
1678 silly audit   '@types/pg': [ '8.15.6' ],
1678 silly audit   '@types/pg-pool': [ '2.0.7' ],
1678 silly audit   '@types/tedious': [ '4.0.14' ],
1678 silly audit   '@opentelemetry/sdk-logs': [ '0.218.0' ],
1678 silly audit   '@opentelemetry/sdk-metrics': [ '2.7.1' ],
1678 silly audit   'gcp-metadata': [ '8.1.3' ],
1678 silly audit   '@opentelemetry/configuration': [ '0.218.0' ],
1678 silly audit   '@opentelemetry/context-async-hooks': [ '2.7.1' ],
1678 silly audit   '@opentelemetry/exporter-logs-otlp-grpc': [ '0.218.0' ],
1678 silly audit   '@opentelemetry/exporter-logs-otlp-http': [ '0.218.0' ],
1678 silly audit   '@opentelemetry/exporter-logs-otlp-proto': [ '0.218.0' ],
1678 silly audit   '@opentelemetry/exporter-metrics-otlp-grpc': [ '0.218.0' ],
1678 silly audit   '@opentelemetry/exporter-metrics-otlp-http': [ '0.218.0' ],
1678 silly audit   '@opentelemetry/exporter-metrics-otlp-proto': [ '0.218.0' ],
1678 silly audit   '@opentelemetry/exporter-prometheus': [ '0.218.0' ],
1678 silly audit   '@opentelemetry/exporter-trace-otlp-http': [ '0.218.0' ],
1678 silly audit   '@opentelemetry/exporter-trace-otlp-proto': [ '0.218.0' ],
1678 silly audit   '@opentelemetry/exporter-zipkin': [ '2.7.1' ],
1678 silly audit   '@opentelemetry/propagator-b3': [ '2.7.1' ],
1678 silly audit   '@opentelemetry/propagator-jaeger': [ '2.7.1' ],
1678 silly audit   '@opentelemetry/sdk-trace-node': [ '2.7.1' ],
1678 silly audit   yaml: [ '2.9.0' ],
1678 silly audit   '@smithy/util-buffer-from': [ '2.2.0' ],
1678 silly audit   '@smithy/is-array-buffer': [ '2.2.0' ],
1678 silly audit   '@types/ms': [ '2.1.0' ],
1678 silly audit   'pg-protocol': [ '1.14.0' ],
1678 silly audit   'pg-types': [ '2.2.0' ],
1678 silly audit   'node-addon-api': [ '8.8.0' ],
1678 silly audit   'node-gyp-build': [ '4.8.4' ],
1678 silly audit   'cron-parser': [ '4.9.0' ],
1678 silly audit   msgpackr: [ '2.0.2' ],
1678 silly audit   '@types/validator': [ '13.15.10' ],
1678 silly audit   'libphonenumber-js': [ '1.13.5' ],
1678 silly audit   validator: [ '13.15.35' ],
1678 silly audit   luxon: [ '3.7.2' ],
1678 silly audit   '@nodable/entities': [ '2.1.1' ],
1678 silly audit   'fast-xml-builder': [ '1.2.0' ],
1678 silly audit   'path-expression-matcher': [ '1.5.0' ],
1678 silly audit   strnum: [ '2.3.0' ],
1678 silly audit   'xml-naming': [ '0.1.0' ],
1678 silly audit   gaxios: [ '7.1.3' ],
1678 silly audit   'google-logging-utils': [ '1.1.3' ],
1678 silly audit   'json-bigint': [ '1.0.0' ],
1678 silly audit   extend: [ '3.0.2' ],
1678 silly audit   'https-proxy-agent': [ '7.0.6' ],
1678 silly audit   'node-fetch': [ '3.3.2' ],
1678 silly audit   rimraf: [ '5.0.10' ],
1678 silly audit   'agent-base': [ '7.1.4' ],
1678 silly audit   'acorn-import-attributes': [ '1.9.5' ],
1678 silly audit   'module-details-from-path': [ '1.0.4' ],
1678 silly audit   '@ioredis/commands': [ '1.10.0', '1.5.1' ],
1678 silly audit   'cluster-key-slot': [ '1.1.1' ],
1678 silly audit   denque: [ '2.1.0' ],
1678 silly audit   'redis-errors': [ '1.2.0' ],
1678 silly audit   'redis-parser': [ '3.0.0' ],
1678 silly audit   'standard-as-callback': [ '2.1.0' ],
1678 silly audit   'bignumber.js': [ '9.3.1' ],
1678 silly audit   jws: [ '4.0.1' ],
1678 silly audit   'lodash.includes': [ '4.3.0' ],
1678 silly audit   'lodash.isboolean': [ '3.0.3' ],
1678 silly audit   'lodash.isinteger': [ '4.0.4' ],
1678 silly audit   'lodash.isnumber': [ '3.0.3' ],
1678 silly audit   'lodash.isplainobject': [ '4.0.6' ],
1678 silly audit   'lodash.isstring': [ '4.0.1' ],
1678 silly audit   'lodash.once': [ '4.1.1' ],
1678 silly audit   jwa: [ '2.0.1' ],
1678 silly audit   'buffer-equal-constant-time': [ '1.0.1' ],
1678 silly audit   'ecdsa-sig-formatter': [ '1.0.11' ],
1678 silly audit   'msgpackr-extract': [ '3.0.4' ],
1678 silly audit   '@msgpackr-extract/msgpackr-extract-darwin-arm64': [ '3.0.4' ],
1678 silly audit   '@msgpackr-extract/msgpackr-extract-darwin-x64': [ '3.0.4' ],
1678 silly audit   '@msgpackr-extract/msgpackr-extract-linux-arm': [ '3.0.4' ],
1678 silly audit   '@msgpackr-extract/msgpackr-extract-linux-arm64': [ '3.0.4' ],
1678 silly audit   '@msgpackr-extract/msgpackr-extract-linux-x64': [ '3.0.4' ],
1678 silly audit   '@msgpackr-extract/msgpackr-extract-win32-x64': [ '3.0.4' ],
1678 silly audit   'node-gyp-build-optional-packages': [ '5.2.2' ],
1678 silly audit   'data-uri-to-buffer': [ '4.0.1' ],
1678 silly audit   'fetch-blob': [ '3.2.0' ],
1678 silly audit   'formdata-polyfill': [ '4.0.10' ],
1678 silly audit   'node-domexception': [ '1.0.0' ],
1678 silly audit   'web-streams-polyfill': [ '3.3.3' ],
1678 silly audit   'detect-libc': [ '2.1.2' ],
1678 silly audit   'passport-strategy': [ '1.0.0' ],
1678 silly audit   pause: [ '0.0.1' ],
1678 silly audit   'utils-merge': [ '1.0.1' ],
1678 silly audit   'pg-cloudflare': [ '1.4.0' ],
1678 silly audit   'pg-connection-string': [ '2.13.0' ],
1678 silly audit   'pg-pool': [ '3.14.0' ],
1678 silly audit   pgpass: [ '1.0.5' ],
1678 silly audit   'pg-int8': [ '1.0.1' ],
1678 silly audit   'postgres-array': [ '2.0.0' ],
1678 silly audit   'postgres-bytea': [ '1.0.1' ],
1678 silly audit   'postgres-date': [ '1.0.7' ],
1678 silly audit   'postgres-interval': [ '1.2.0' ],
1678 silly audit   split2: [ '4.2.0' ],
1678 silly audit   xtend: [ '4.0.2' ],
1678 silly audit   '@protobufjs/aspromise': [ '1.1.2' ],
1678 silly audit   '@protobufjs/base64': [ '1.1.2' ],
1678 silly audit   '@protobufjs/codegen': [ '2.0.5' ],
1678 silly audit   '@protobufjs/eventemitter': [ '1.1.1' ],
1678 silly audit   '@protobufjs/fetch': [ '1.1.1' ],
1678 silly audit   '@protobufjs/float': [ '1.0.2' ],
1678 silly audit   '@protobufjs/inquire': [ '1.1.2' ],
1678 silly audit   '@protobufjs/path': [ '1.1.2' ],
1678 silly audit   '@protobufjs/pool': [ '1.1.0' ],
1678 silly audit   '@protobufjs/utf8': [ '1.1.1' ],
1678 silly audit   '@scarf/scarf': [ '1.4.0' ],
1678 silly audit   '@sqltools/formatter': [ '1.2.5' ],
1678 silly audit   dayjs: [ '1.11.21' ],
1678 silly audit   'sql-highlight': [ '6.1.0' ],
1678 silly audit   'lodash.defaults': [ '4.2.0' ],
1678 silly audit   'lodash.isarguments': [ '3.1.0' ],
1678 silly audit   'get-east-asian-width': [ '1.6.0' ]
1678 silly audit }
1679 http cache get-east-asian-width@https://registry.npmjs.org/get-east-asian-width/-/get-east-asian-width-1.6.0.tgz 0ms (cache hit)
1680 http cache lodash.isarguments@https://registry.npmjs.org/lodash.isarguments/-/lodash.isarguments-3.1.0.tgz 0ms (cache hit)
1681 http cache dayjs@https://registry.npmjs.org/dayjs/-/dayjs-1.11.21.tgz 0ms (cache hit)
1682 http cache lodash.defaults@https://registry.npmjs.org/lodash.defaults/-/lodash.defaults-4.2.0.tgz 0ms (cache hit)
1683 http cache @scarf/scarf@https://registry.npmjs.org/@scarf/scarf/-/scarf-1.4.0.tgz 0ms (cache hit)
1684 http cache @sqltools/formatter@https://registry.npmjs.org/@sqltools/formatter/-/formatter-1.2.5.tgz 0ms (cache hit)
1685 http cache sql-highlight@https://registry.npmjs.org/sql-highlight/-/sql-highlight-6.1.0.tgz 0ms (cache hit)
1686 http cache @protobufjs/path@https://registry.npmjs.org/@protobufjs/path/-/path-1.1.2.tgz 0ms (cache hit)
1687 http cache @protobufjs/utf8@https://registry.npmjs.org/@protobufjs/utf8/-/utf8-1.1.1.tgz 0ms (cache hit)
1688 http cache @protobufjs/inquire@https://registry.npmjs.org/@protobufjs/inquire/-/inquire-1.1.2.tgz 0ms (cache hit)
1689 http cache @protobufjs/pool@https://registry.npmjs.org/@protobufjs/pool/-/pool-1.1.0.tgz 0ms (cache hit)
1690 http cache @protobufjs/eventemitter@https://registry.npmjs.org/@protobufjs/eventemitter/-/eventemitter-1.1.1.tgz 0ms (cache hit)
1691 http cache @protobufjs/fetch@https://registry.npmjs.org/@protobufjs/fetch/-/fetch-1.1.1.tgz 0ms (cache hit)
1692 http cache @protobufjs/codegen@https://registry.npmjs.org/@protobufjs/codegen/-/codegen-2.0.5.tgz 0ms (cache hit)
1693 http cache @protobufjs/float@https://registry.npmjs.org/@protobufjs/float/-/float-1.0.2.tgz 0ms (cache hit)
1694 http cache @protobufjs/base64@https://registry.npmjs.org/@protobufjs/base64/-/base64-1.1.2.tgz 0ms (cache hit)
1695 http cache @protobufjs/aspromise@https://registry.npmjs.org/@protobufjs/aspromise/-/aspromise-1.1.2.tgz 0ms (cache hit)
1696 http cache postgres-date@https://registry.npmjs.org/postgres-date/-/postgres-date-1.0.7.tgz 0ms (cache hit)
1697 http cache split2@https://registry.npmjs.org/split2/-/split2-4.2.0.tgz 0ms (cache hit)
1698 http cache postgres-interval@https://registry.npmjs.org/postgres-interval/-/postgres-interval-1.2.0.tgz 0ms (cache hit)
1699 http cache xtend@https://registry.npmjs.org/xtend/-/xtend-4.0.2.tgz 0ms (cache hit)
1700 http cache postgres-bytea@https://registry.npmjs.org/postgres-bytea/-/postgres-bytea-1.0.1.tgz 0ms (cache hit)
1701 http cache postgres-array@https://registry.npmjs.org/postgres-array/-/postgres-array-2.0.0.tgz 0ms (cache hit)
1702 http cache pg-int8@https://registry.npmjs.org/pg-int8/-/pg-int8-1.0.1.tgz 0ms (cache hit)
1703 http cache pg-cloudflare@https://registry.npmjs.org/pg-cloudflare/-/pg-cloudflare-1.4.0.tgz 0ms (cache hit)
1704 http cache pause@https://registry.npmjs.org/pause/-/pause-0.0.1.tgz 0ms (cache hit)
1705 http cache pg-connection-string@https://registry.npmjs.org/pg-connection-string/-/pg-connection-string-2.13.0.tgz 0ms (cache hit)
1706 http cache pg-pool@https://registry.npmjs.org/pg-pool/-/pg-pool-3.14.0.tgz 0ms (cache hit)
1707 http cache utils-merge@https://registry.npmjs.org/utils-merge/-/utils-merge-1.0.1.tgz 0ms (cache hit)
1708 http cache node-domexception@https://registry.npmjs.org/node-domexception/-/node-domexception-1.0.0.tgz 0ms (cache hit)
1709 http cache passport-strategy@https://registry.npmjs.org/passport-strategy/-/passport-strategy-1.0.0.tgz 0ms (cache hit)
1710 http cache web-streams-polyfill@https://registry.npmjs.org/web-streams-polyfill/-/web-streams-polyfill-3.3.3.tgz 0ms (cache hit)
1711 http cache formdata-polyfill@https://registry.npmjs.org/formdata-polyfill/-/formdata-polyfill-4.0.10.tgz 0ms (cache hit)
1712 http cache data-uri-to-buffer@https://registry.npmjs.org/data-uri-to-buffer/-/data-uri-to-buffer-4.0.1.tgz 0ms (cache hit)
1713 http cache detect-libc@https://registry.npmjs.org/detect-libc/-/detect-libc-2.1.2.tgz 0ms (cache hit)
1714 http cache fetch-blob@https://registry.npmjs.org/fetch-blob/-/fetch-blob-3.2.0.tgz 0ms (cache hit)
1715 http cache pgpass@https://registry.npmjs.org/pgpass/-/pgpass-1.0.5.tgz 0ms (cache hit)
1716 http cache buffer-equal-constant-time@https://registry.npmjs.org/buffer-equal-constant-time/-/buffer-equal-constant-time-1.0.1.tgz 0ms (cache hit)
1717 http cache msgpackr-extract@https://registry.npmjs.org/msgpackr-extract/-/msgpackr-extract-3.0.4.tgz 0ms (cache hit)
1718 http cache @msgpackr-extract/msgpackr-extract-darwin-arm64@https://registry.npmjs.org/@msgpackr-extract/msgpackr-extract-darwin-arm64/-/msgpackr-extract-darwin-arm64-3.0.4.tgz 0ms (cache hit)
1719 http cache node-gyp-build-optional-packages@https://registry.npmjs.org/node-gyp-build-optional-packages/-/node-gyp-build-optional-packages-5.2.2.tgz 0ms (cache hit)
1720 http cache ecdsa-sig-formatter@https://registry.npmjs.org/ecdsa-sig-formatter/-/ecdsa-sig-formatter-1.0.11.tgz 0ms (cache hit)
1721 http cache lodash.isstring@https://registry.npmjs.org/lodash.isstring/-/lodash.isstring-4.0.1.tgz 0ms (cache hit)
1722 http cache lodash.once@https://registry.npmjs.org/lodash.once/-/lodash.once-4.1.1.tgz 0ms (cache hit)
1723 http cache jwa@https://registry.npmjs.org/jwa/-/jwa-2.0.1.tgz 0ms (cache hit)
1724 http cache lodash.isplainobject@https://registry.npmjs.org/lodash.isplainobject/-/lodash.isplainobject-4.0.6.tgz 0ms (cache hit)
1725 http cache lodash.isboolean@https://registry.npmjs.org/lodash.isboolean/-/lodash.isboolean-3.0.3.tgz 0ms (cache hit)
1726 http cache lodash.isnumber@https://registry.npmjs.org/lodash.isnumber/-/lodash.isnumber-3.0.3.tgz 0ms (cache hit)
1727 http cache lodash.isinteger@https://registry.npmjs.org/lodash.isinteger/-/lodash.isinteger-4.0.4.tgz 0ms (cache hit)
1728 http cache jws@https://registry.npmjs.org/jws/-/jws-4.0.1.tgz 0ms (cache hit)
1729 http cache bignumber.js@https://registry.npmjs.org/bignumber.js/-/bignumber.js-9.3.1.tgz 0ms (cache hit)
1730 http cache redis-errors@https://registry.npmjs.org/redis-errors/-/redis-errors-1.2.0.tgz 0ms (cache hit)
1731 http cache standard-as-callback@https://registry.npmjs.org/standard-as-callback/-/standard-as-callback-2.1.0.tgz 0ms (cache hit)
1732 http cache redis-parser@https://registry.npmjs.org/redis-parser/-/redis-parser-3.0.0.tgz 0ms (cache hit)
1733 http cache lodash.includes@https://registry.npmjs.org/lodash.includes/-/lodash.includes-4.3.0.tgz 0ms (cache hit)
1734 http cache denque@https://registry.npmjs.org/denque/-/denque-2.1.0.tgz 0ms (cache hit)
1735 http cache cluster-key-slot@https://registry.npmjs.org/cluster-key-slot/-/cluster-key-slot-1.1.1.tgz 0ms (cache hit)
1736 http cache @ioredis/commands@https://registry.npmjs.org/@ioredis/commands/-/commands-1.10.0.tgz 0ms (cache hit)
1737 http cache module-details-from-path@https://registry.npmjs.org/module-details-from-path/-/module-details-from-path-1.0.4.tgz 0ms (cache hit)
1738 http cache node-fetch@https://registry.npmjs.org/node-fetch/-/node-fetch-3.3.2.tgz 0ms (cache hit)
1739 http cache agent-base@https://registry.npmjs.org/agent-base/-/agent-base-7.1.4.tgz 0ms (cache hit)
1740 http cache https-proxy-agent@https://registry.npmjs.org/https-proxy-agent/-/https-proxy-agent-7.0.6.tgz 0ms (cache hit)
1741 http cache acorn-import-attributes@https://registry.npmjs.org/acorn-import-attributes/-/acorn-import-attributes-1.9.5.tgz 0ms (cache hit)
1742 http cache extend@https://registry.npmjs.org/extend/-/extend-3.0.2.tgz 0ms (cache hit)
1743 http cache rimraf@https://registry.npmjs.org/rimraf/-/rimraf-5.0.10.tgz 0ms (cache hit)
1744 http cache xml-naming@https://registry.npmjs.org/xml-naming/-/xml-naming-0.1.0.tgz 0ms (cache hit)
1745 http cache strnum@https://registry.npmjs.org/strnum/-/strnum-2.3.0.tgz 0ms (cache hit)
1746 http cache gaxios@https://registry.npmjs.org/gaxios/-/gaxios-7.1.3.tgz 0ms (cache hit)
1747 http cache json-bigint@https://registry.npmjs.org/json-bigint/-/json-bigint-1.0.0.tgz 0ms (cache hit)
1748 http cache google-logging-utils@https://registry.npmjs.org/google-logging-utils/-/google-logging-utils-1.1.3.tgz 0ms (cache hit)
1749 http cache fast-xml-builder@https://registry.npmjs.org/fast-xml-builder/-/fast-xml-builder-1.2.0.tgz 0ms (cache hit)
1750 http cache path-expression-matcher@https://registry.npmjs.org/path-expression-matcher/-/path-expression-matcher-1.5.0.tgz 0ms (cache hit)
1751 http cache luxon@https://registry.npmjs.org/luxon/-/luxon-3.7.2.tgz 0ms (cache hit)
1752 http cache validator@https://registry.npmjs.org/validator/-/validator-13.15.35.tgz 0ms (cache hit)
1753 http cache @types/validator@https://registry.npmjs.org/@types/validator/-/validator-13.15.10.tgz 0ms (cache hit)
1754 http cache libphonenumber-js@https://registry.npmjs.org/libphonenumber-js/-/libphonenumber-js-1.13.5.tgz 0ms (cache hit)
1755 http cache node-gyp-build@https://registry.npmjs.org/node-gyp-build/-/node-gyp-build-4.8.4.tgz 0ms (cache hit)
1756 http cache cron-parser@https://registry.npmjs.org/cron-parser/-/cron-parser-4.9.0.tgz 0ms (cache hit)
1757 http cache msgpackr@https://registry.npmjs.org/msgpackr/-/msgpackr-2.0.2.tgz 0ms (cache hit)
1758 http cache @nodable/entities@https://registry.npmjs.org/@nodable/entities/-/entities-2.1.1.tgz 0ms (cache hit)
1759 http cache node-addon-api@https://registry.npmjs.org/node-addon-api/-/node-addon-api-8.8.0.tgz 0ms (cache hit)
1760 http cache pg-protocol@https://registry.npmjs.org/pg-protocol/-/pg-protocol-1.14.0.tgz 0ms (cache hit)
1761 http cache @smithy/is-array-buffer@https://registry.npmjs.org/@smithy/is-array-buffer/-/is-array-buffer-2.2.0.tgz 0ms (cache hit)
1762 http cache yaml@https://registry.npmjs.org/yaml/-/yaml-2.9.0.tgz 0ms (cache hit)
1763 http cache @opentelemetry/propagator-jaeger@https://registry.npmjs.org/@opentelemetry/propagator-jaeger/-/propagator-jaeger-2.7.1.tgz 0ms (cache hit)
1764 http cache @smithy/util-buffer-from@https://registry.npmjs.org/@smithy/util-buffer-from/-/util-buffer-from-2.2.0.tgz 0ms (cache hit)
1765 http cache @opentelemetry/sdk-trace-node@https://registry.npmjs.org/@opentelemetry/sdk-trace-node/-/sdk-trace-node-2.7.1.tgz 0ms (cache hit)
1766 http cache @opentelemetry/propagator-b3@https://registry.npmjs.org/@opentelemetry/propagator-b3/-/propagator-b3-2.7.1.tgz 0ms (cache hit)
1767 http cache @opentelemetry/exporter-trace-otlp-http@https://registry.npmjs.org/@opentelemetry/exporter-trace-otlp-http/-/exporter-trace-otlp-http-0.218.0.tgz 0ms (cache hit)
1768 http cache @opentelemetry/exporter-trace-otlp-proto@https://registry.npmjs.org/@opentelemetry/exporter-trace-otlp-proto/-/exporter-trace-otlp-proto-0.218.0.tgz 0ms (cache hit)
1769 http cache @opentelemetry/exporter-zipkin@https://registry.npmjs.org/@opentelemetry/exporter-zipkin/-/exporter-zipkin-2.7.1.tgz 0ms (cache hit)
1770 http cache pg-types@https://registry.npmjs.org/pg-types/-/pg-types-2.2.0.tgz 0ms (cache hit)
1771 http cache @opentelemetry/exporter-metrics-otlp-proto@https://registry.npmjs.org/@opentelemetry/exporter-metrics-otlp-proto/-/exporter-metrics-otlp-proto-0.218.0.tgz 0ms (cache hit)
1772 http cache @opentelemetry/exporter-prometheus@https://registry.npmjs.org/@opentelemetry/exporter-prometheus/-/exporter-prometheus-0.218.0.tgz 0ms (cache hit)
1773 http cache @opentelemetry/exporter-metrics-otlp-grpc@https://registry.npmjs.org/@opentelemetry/exporter-metrics-otlp-grpc/-/exporter-metrics-otlp-grpc-0.218.0.tgz 0ms (cache hit)
1774 http cache @opentelemetry/exporter-metrics-otlp-http@https://registry.npmjs.org/@opentelemetry/exporter-metrics-otlp-http/-/exporter-metrics-otlp-http-0.218.0.tgz 0ms (cache hit)
1775 http cache @opentelemetry/exporter-logs-otlp-grpc@https://registry.npmjs.org/@opentelemetry/exporter-logs-otlp-grpc/-/exporter-logs-otlp-grpc-0.218.0.tgz 0ms (cache hit)
1776 http cache @opentelemetry/exporter-logs-otlp-proto@https://registry.npmjs.org/@opentelemetry/exporter-logs-otlp-proto/-/exporter-logs-otlp-proto-0.218.0.tgz 0ms (cache hit)
1777 http cache @opentelemetry/configuration@https://registry.npmjs.org/@opentelemetry/configuration/-/configuration-0.218.0.tgz 0ms (cache hit)
1778 http cache @opentelemetry/sdk-metrics@https://registry.npmjs.org/@opentelemetry/sdk-metrics/-/sdk-metrics-2.7.1.tgz 0ms (cache hit)
1779 http cache @opentelemetry/exporter-logs-otlp-http@https://registry.npmjs.org/@opentelemetry/exporter-logs-otlp-http/-/exporter-logs-otlp-http-0.218.0.tgz 0ms (cache hit)
1780 http cache @types/tedious@https://registry.npmjs.org/@types/tedious/-/tedious-4.0.14.tgz 0ms (cache hit)
1781 http cache @opentelemetry/sdk-logs@https://registry.npmjs.org/@opentelemetry/sdk-logs/-/sdk-logs-0.218.0.tgz 0ms (cache hit)
1782 http cache gcp-metadata@https://registry.npmjs.org/gcp-metadata/-/gcp-metadata-8.1.3.tgz 0ms (cache hit)
1783 http cache @types/pg-pool@https://registry.npmjs.org/@types/pg-pool/-/pg-pool-2.0.7.tgz 0ms (cache hit)
1784 http cache @types/pg@https://registry.npmjs.org/@types/pg/-/pg-8.15.6.tgz 0ms (cache hit)
1785 http cache @types/oracledb@https://registry.npmjs.org/@types/oracledb/-/oracledb-6.5.2.tgz 0ms (cache hit)
1786 http cache @opentelemetry/sql-common@https://registry.npmjs.org/@opentelemetry/sql-common/-/sql-common-0.41.2.tgz 0ms (cache hit)
1787 http cache @types/memcached@https://registry.npmjs.org/@types/memcached/-/memcached-2.2.10.tgz 0ms (cache hit)
1788 http cache @opentelemetry/redis-common@https://registry.npmjs.org/@opentelemetry/redis-common/-/redis-common-0.38.3.tgz 0ms (cache hit)
1789 http cache forwarded-parse@https://registry.npmjs.org/forwarded-parse/-/forwarded-parse-2.1.2.tgz 0ms (cache hit)
1790 http cache @types/mysql@https://registry.npmjs.org/@types/mysql/-/mysql-2.15.27.tgz 0ms (cache hit)
1791 http cache require-in-the-middle@https://registry.npmjs.org/require-in-the-middle/-/require-in-the-middle-8.0.1.tgz 0ms (cache hit)
1792 http cache @types/bunyan@https://registry.npmjs.org/@types/bunyan/-/bunyan-1.8.11.tgz 0ms (cache hit)
1793 http cache @types/aws-lambda@https://registry.npmjs.org/@types/aws-lambda/-/aws-lambda-8.10.161.tgz 0ms (cache hit)
1794 http cache @opentelemetry/api-logs@https://registry.npmjs.org/@opentelemetry/api-logs/-/api-logs-0.218.0.tgz 0ms (cache hit)
1795 http cache import-in-the-middle@https://registry.npmjs.org/import-in-the-middle/-/import-in-the-middle-3.0.1.tgz 0ms (cache hit)
1796 http cache long@https://registry.npmjs.org/long/-/long-5.3.2.tgz 0ms (cache hit)
1797 http cache protobufjs@https://registry.npmjs.org/protobufjs/-/protobufjs-7.6.2.tgz 0ms (cache hit)
1798 http cache lodash.camelcase@https://registry.npmjs.org/lodash.camelcase/-/lodash.camelcase-4.3.0.tgz 0ms (cache hit)
1799 http cache @opentelemetry/otlp-transformer@https://registry.npmjs.org/@opentelemetry/otlp-transformer/-/otlp-transformer-0.218.0.tgz 0ms (cache hit)
1800 http cache @grpc/proto-loader@https://registry.npmjs.org/@grpc/proto-loader/-/proto-loader-0.8.1.tgz 0ms (cache hit)
1801 http cache @js-sdsl/ordered-map@https://registry.npmjs.org/@js-sdsl/ordered-map/-/ordered-map-4.4.2.tgz 0ms (cache hit)
1802 http cache @opentelemetry/sdk-trace-base@https://registry.npmjs.org/@opentelemetry/sdk-trace-base/-/sdk-trace-base-2.7.1.tgz 0ms (cache hit)
1803 http cache @opentelemetry/otlp-grpc-exporter-base@https://registry.npmjs.org/@opentelemetry/otlp-grpc-exporter-base/-/otlp-grpc-exporter-base-0.218.0.tgz 0ms (cache hit)
1804 http cache @opentelemetry/context-async-hooks@https://registry.npmjs.org/@opentelemetry/context-async-hooks/-/context-async-hooks-2.7.1.tgz 0ms (cache hit)
1805 http cache @opentelemetry/otlp-exporter-base@https://registry.npmjs.org/@opentelemetry/otlp-exporter-base/-/otlp-exporter-base-0.218.0.tgz 0ms (cache hit)
1806 http cache @grpc/grpc-js@https://registry.npmjs.org/@grpc/grpc-js/-/grpc-js-1.14.4.tgz 0ms (cache hit)
1807 http cache @opentelemetry/semantic-conventions@https://registry.npmjs.org/@opentelemetry/semantic-conventions/-/semantic-conventions-1.41.1.tgz 0ms (cache hit)
1808 http cache @opentelemetry/resources@https://registry.npmjs.org/@opentelemetry/resources/-/resources-2.7.1.tgz 0ms (cache hit)
1809 http cache @opentelemetry/resource-detector-gcp@https://registry.npmjs.org/@opentelemetry/resource-detector-gcp/-/resource-detector-gcp-0.53.0.tgz 0ms (cache hit)
1810 http cache @opentelemetry/resource-detector-container@https://registry.npmjs.org/@opentelemetry/resource-detector-container/-/resource-detector-container-0.8.9.tgz 0ms (cache hit)
1811 http cache @opentelemetry/resource-detector-azure@https://registry.npmjs.org/@opentelemetry/resource-detector-azure/-/resource-detector-azure-0.26.0.tgz 0ms (cache hit)
1812 http cache @opentelemetry/resource-detector-alibaba-cloud@https://registry.npmjs.org/@opentelemetry/resource-detector-alibaba-cloud/-/resource-detector-alibaba-cloud-0.33.8.tgz 0ms (cache hit)
1813 http cache @opentelemetry/resource-detector-aws@https://registry.npmjs.org/@opentelemetry/resource-detector-aws/-/resource-detector-aws-2.18.0.tgz 0ms (cache hit)
1814 http cache @opentelemetry/instrumentation-winston@https://registry.npmjs.org/@opentelemetry/instrumentation-winston/-/instrumentation-winston-0.62.0.tgz 0ms (cache hit)
1815 http cache @opentelemetry/instrumentation-undici@https://registry.npmjs.org/@opentelemetry/instrumentation-undici/-/instrumentation-undici-0.28.0.tgz 0ms (cache hit)
1816 http cache @opentelemetry/instrumentation-tedious@https://registry.npmjs.org/@opentelemetry/instrumentation-tedious/-/instrumentation-tedious-0.37.0.tgz 0ms (cache hit)
1817 http cache @opentelemetry/instrumentation-runtime-node@https://registry.npmjs.org/@opentelemetry/instrumentation-runtime-node/-/instrumentation-runtime-node-0.31.0.tgz 0ms (cache hit)
1818 http cache @opentelemetry/instrumentation-socket.io@https://registry.npmjs.org/@opentelemetry/instrumentation-socket.io/-/instrumentation-socket.io-0.65.0.tgz 0ms (cache hit)
1819 http cache @opentelemetry/instrumentation-router@https://registry.npmjs.org/@opentelemetry/instrumentation-router/-/instrumentation-router-0.62.0.tgz 0ms (cache hit)
1820 http cache @opentelemetry/instrumentation-restify@https://registry.npmjs.org/@opentelemetry/instrumentation-restify/-/instrumentation-restify-0.63.0.tgz 0ms (cache hit)
1821 http cache @opentelemetry/instrumentation-pino@https://registry.npmjs.org/@opentelemetry/instrumentation-pino/-/instrumentation-pino-0.64.0.tgz 0ms (cache hit)
1822 http cache @opentelemetry/instrumentation-pg@https://registry.npmjs.org/@opentelemetry/instrumentation-pg/-/instrumentation-pg-0.70.0.tgz 0ms (cache hit)
1823 http cache @opentelemetry/instrumentation-oracledb@https://registry.npmjs.org/@opentelemetry/instrumentation-oracledb/-/instrumentation-oracledb-0.43.0.tgz 0ms (cache hit)
1824 http cache @opentelemetry/instrumentation-openai@https://registry.npmjs.org/@opentelemetry/instrumentation-openai/-/instrumentation-openai-0.16.0.tgz 0ms (cache hit)
1825 http cache @opentelemetry/instrumentation-net@https://registry.npmjs.org/@opentelemetry/instrumentation-net/-/instrumentation-net-0.62.0.tgz 0ms (cache hit)
1826 http cache @opentelemetry/instrumentation-nestjs-core@https://registry.npmjs.org/@opentelemetry/instrumentation-nestjs-core/-/instrumentation-nestjs-core-0.64.0.tgz 0ms (cache hit)
1827 http cache @opentelemetry/instrumentation-mysql2@https://registry.npmjs.org/@opentelemetry/instrumentation-mysql2/-/instrumentation-mysql2-0.64.0.tgz 0ms (cache hit)
1828 http cache @opentelemetry/instrumentation-mysql@https://registry.npmjs.org/@opentelemetry/instrumentation-mysql/-/instrumentation-mysql-0.64.0.tgz 0ms (cache hit)
1829 http cache @opentelemetry/instrumentation-mongoose@https://registry.npmjs.org/@opentelemetry/instrumentation-mongoose/-/instrumentation-mongoose-0.64.0.tgz 0ms (cache hit)
1830 http cache @opentelemetry/instrumentation-mongodb@https://registry.npmjs.org/@opentelemetry/instrumentation-mongodb/-/instrumentation-mongodb-0.71.0.tgz 0ms (cache hit)
1831 http cache @opentelemetry/instrumentation-memcached@https://registry.npmjs.org/@opentelemetry/instrumentation-memcached/-/instrumentation-memcached-0.61.0.tgz 0ms (cache hit)
1832 http cache @opentelemetry/instrumentation-lru-memoizer@https://registry.npmjs.org/@opentelemetry/instrumentation-lru-memoizer/-/instrumentation-lru-memoizer-0.62.0.tgz 0ms (cache hit)
1833 http cache @opentelemetry/instrumentation-koa@https://registry.npmjs.org/@opentelemetry/instrumentation-koa/-/instrumentation-koa-0.66.0.tgz 0ms (cache hit)
1834 http cache @opentelemetry/instrumentation-knex@https://registry.npmjs.org/@opentelemetry/instrumentation-knex/-/instrumentation-knex-0.62.0.tgz 0ms (cache hit)
1835 http cache @opentelemetry/instrumentation-kafkajs@https://registry.npmjs.org/@opentelemetry/instrumentation-kafkajs/-/instrumentation-kafkajs-0.27.0.tgz 0ms (cache hit)
1836 http cache @opentelemetry/instrumentation-ioredis@https://registry.npmjs.org/@opentelemetry/instrumentation-ioredis/-/instrumentation-ioredis-0.66.0.tgz 0ms (cache hit)
1837 http cache @opentelemetry/instrumentation-http@https://registry.npmjs.org/@opentelemetry/instrumentation-http/-/instrumentation-http-0.218.0.tgz 0ms (cache hit)
1838 http cache @opentelemetry/instrumentation-hapi@https://registry.npmjs.org/@opentelemetry/instrumentation-hapi/-/instrumentation-hapi-0.64.0.tgz 0ms (cache hit)
1839 http cache @opentelemetry/instrumentation-grpc@https://registry.npmjs.org/@opentelemetry/instrumentation-grpc/-/instrumentation-grpc-0.218.0.tgz 0ms (cache hit)
1840 http cache @opentelemetry/instrumentation-graphql@https://registry.npmjs.org/@opentelemetry/instrumentation-graphql/-/instrumentation-graphql-0.66.0.tgz 0ms (cache hit)
1841 http cache @opentelemetry/instrumentation-generic-pool@https://registry.npmjs.org/@opentelemetry/instrumentation-generic-pool/-/instrumentation-generic-pool-0.61.0.tgz 0ms (cache hit)
1842 http cache @opentelemetry/instrumentation-fs@https://registry.npmjs.org/@opentelemetry/instrumentation-fs/-/instrumentation-fs-0.37.0.tgz 0ms (cache hit)
1843 http cache @opentelemetry/instrumentation-express@https://registry.npmjs.org/@opentelemetry/instrumentation-express/-/instrumentation-express-0.66.0.tgz 0ms (cache hit)
1844 http cache @opentelemetry/instrumentation-dns@https://registry.npmjs.org/@opentelemetry/instrumentation-dns/-/instrumentation-dns-0.61.0.tgz 0ms (cache hit)
1845 http cache @opentelemetry/instrumentation-dataloader@https://registry.npmjs.org/@opentelemetry/instrumentation-dataloader/-/instrumentation-dataloader-0.35.0.tgz 0ms (cache hit)
1846 http cache @opentelemetry/instrumentation-redis@https://registry.npmjs.org/@opentelemetry/instrumentation-redis/-/instrumentation-redis-0.66.0.tgz 0ms (cache hit)
1847 http cache @opentelemetry/instrumentation-connect@https://registry.npmjs.org/@opentelemetry/instrumentation-connect/-/instrumentation-connect-0.61.0.tgz 0ms (cache hit)
1848 http cache @opentelemetry/instrumentation-cucumber@https://registry.npmjs.org/@opentelemetry/instrumentation-cucumber/-/instrumentation-cucumber-0.34.0.tgz 0ms (cache hit)
1849 http cache @opentelemetry/instrumentation-cassandra-driver@https://registry.npmjs.org/@opentelemetry/instrumentation-cassandra-driver/-/instrumentation-cassandra-driver-0.63.0.tgz 0ms (cache hit)
1850 http cache @opentelemetry/instrumentation-bunyan@https://registry.npmjs.org/@opentelemetry/instrumentation-bunyan/-/instrumentation-bunyan-0.63.0.tgz 0ms (cache hit)
1851 http cache @opentelemetry/instrumentation-aws-sdk@https://registry.npmjs.org/@opentelemetry/instrumentation-aws-sdk/-/instrumentation-aws-sdk-0.73.0.tgz 0ms (cache hit)
1852 http cache @opentelemetry/instrumentation-amqplib@https://registry.npmjs.org/@opentelemetry/instrumentation-amqplib/-/instrumentation-amqplib-0.65.0.tgz 0ms (cache hit)
1853 http cache @opentelemetry/instrumentation-aws-lambda@https://registry.npmjs.org/@opentelemetry/instrumentation-aws-lambda/-/instrumentation-aws-lambda-0.70.0.tgz 0ms (cache hit)
1854 http cache @opentelemetry/instrumentation@https://registry.npmjs.org/@opentelemetry/instrumentation/-/instrumentation-0.218.0.tgz 0ms (cache hit)
1855 http cache swagger-ui-dist@https://registry.npmjs.org/swagger-ui-dist/-/swagger-ui-dist-5.32.6.tgz 0ms (cache hit)
1856 http cache @microsoft/tsdoc@https://registry.npmjs.org/@microsoft/tsdoc/-/tsdoc-0.16.0.tgz 0ms (cache hit)
1857 http cache @nestjs/mapped-types@https://registry.npmjs.org/@nestjs/mapped-types/-/mapped-types-2.1.1.tgz 0ms (cache hit)
1858 http cache jsonwebtoken@https://registry.npmjs.org/jsonwebtoken/-/jsonwebtoken-9.0.3.tgz 0ms (cache hit)
1859 http cache dotenv-expand@https://registry.npmjs.org/dotenv-expand/-/dotenv-expand-12.0.3.tgz 0ms (cache hit)
1860 http cache dotenv@https://registry.npmjs.org/dotenv/-/dotenv-17.4.1.tgz 0ms (cache hit)
1861 http cache fast-xml-parser@https://registry.npmjs.org/fast-xml-parser/-/fast-xml-parser-5.7.3.tgz 0ms (cache hit)
1862 http cache @nestjs/bull-shared@https://registry.npmjs.org/@nestjs/bull-shared/-/bull-shared-11.0.4.tgz 0ms (cache hit)
1863 http cache @aws-crypto/crc32c@https://registry.npmjs.org/@aws-crypto/crc32c/-/crc32c-5.2.0.tgz 0ms (cache hit)
1864 http cache @aws-crypto/crc32@https://registry.npmjs.org/@aws-crypto/crc32/-/crc32-5.2.0.tgz 0ms (cache hit)
1865 http cache @aws-sdk/checksums@https://registry.npmjs.org/@aws-sdk/checksums/-/checksums-3.1000.1.tgz 0ms (cache hit)
1866 http cache @aws-sdk/token-providers@https://registry.npmjs.org/@aws-sdk/token-providers/-/token-providers-3.1062.0.tgz 0ms (cache hit)
1867 http cache @aws-sdk/nested-clients@https://registry.npmjs.org/@aws-sdk/nested-clients/-/nested-clients-3.997.16.tgz 0ms (cache hit)
1868 http cache @aws-sdk/credential-provider-login@https://registry.npmjs.org/@aws-sdk/credential-provider-login/-/credential-provider-login-3.972.48.tgz 0ms (cache hit)
1869 http cache @smithy/credential-provider-imds@https://registry.npmjs.org/@smithy/credential-provider-imds/-/credential-provider-imds-4.3.8.tgz 0ms (cache hit)
1870 http cache @aws-sdk/credential-provider-sso@https://registry.npmjs.org/@aws-sdk/credential-provider-sso/-/credential-provider-sso-3.972.48.tgz 0ms (cache hit)
1871 http cache @aws-sdk/credential-provider-web-identity@https://registry.npmjs.org/@aws-sdk/credential-provider-web-identity/-/credential-provider-web-identity-3.972.48.tgz 0ms (cache hit)
1872 http cache @aws-sdk/credential-provider-process@https://registry.npmjs.org/@aws-sdk/credential-provider-process/-/credential-provider-process-3.972.43.tgz 0ms (cache hit)
1873 http cache @aws-sdk/credential-provider-ini@https://registry.npmjs.org/@aws-sdk/credential-provider-ini/-/credential-provider-ini-3.972.49.tgz 0ms (cache hit)
1874 http cache @aws-sdk/credential-provider-http@https://registry.npmjs.org/@aws-sdk/credential-provider-http/-/credential-provider-http-3.972.45.tgz 0ms (cache hit)
1875 http cache @aws-sdk/credential-provider-env@https://registry.npmjs.org/@aws-sdk/credential-provider-env/-/credential-provider-env-3.972.43.tgz 0ms (cache hit)
1876 http cache bowser@https://registry.npmjs.org/bowser/-/bowser-2.14.1.tgz 0ms (cache hit)
1877 http cache @smithy/signature-v4@https://registry.npmjs.org/@smithy/signature-v4/-/signature-v4-5.4.6.tgz 0ms (cache hit)
1878 http cache @aws/lambda-invoke-store@https://registry.npmjs.org/@aws/lambda-invoke-store/-/lambda-invoke-store-0.2.4.tgz 0ms (cache hit)
1879 http cache @smithy/util-utf8@https://registry.npmjs.org/@smithy/util-utf8/-/util-utf8-2.3.0.tgz 0ms (cache hit)
1880 http cache @aws-sdk/xml-builder@https://registry.npmjs.org/@aws-sdk/xml-builder/-/xml-builder-3.972.27.tgz 0ms (cache hit)
1881 http cache @aws-sdk/util-locate-window@https://registry.npmjs.org/@aws-sdk/util-locate-window/-/util-locate-window-3.965.5.tgz 0ms (cache hit)
1882 http cache @aws-crypto/util@https://registry.npmjs.org/@aws-crypto/util/-/util-5.2.0.tgz 0ms (cache hit)
1883 http cache @aws-crypto/supports-web-crypto@https://registry.npmjs.org/@aws-crypto/supports-web-crypto/-/supports-web-crypto-5.2.0.tgz 0ms (cache hit)
1884 http cache @smithy/types@https://registry.npmjs.org/@smithy/types/-/types-4.14.3.tgz 0ms (cache hit)
1885 http cache @smithy/node-http-handler@https://registry.npmjs.org/@smithy/node-http-handler/-/node-http-handler-4.7.7.tgz 0ms (cache hit)
1886 http cache @smithy/fetch-http-handler@https://registry.npmjs.org/@smithy/fetch-http-handler/-/fetch-http-handler-5.4.6.tgz 0ms (cache hit)
1887 http cache @smithy/core@https://registry.npmjs.org/@smithy/core/-/core-3.24.6.tgz 0ms (cache hit)
1888 http cache @aws-sdk/types@https://registry.npmjs.org/@aws-sdk/types/-/types-3.973.10.tgz 0ms (cache hit)
1889 http cache @aws-sdk/middleware-sdk-s3@https://registry.npmjs.org/@aws-sdk/middleware-sdk-s3/-/middleware-sdk-s3-3.972.47.tgz 0ms (cache hit)
1890 http cache @aws-sdk/credential-provider-node@https://registry.npmjs.org/@aws-sdk/credential-provider-node/-/credential-provider-node-3.972.51.tgz 0ms (cache hit)
1891 http cache @aws-sdk/signature-v4-multi-region@https://registry.npmjs.org/@aws-sdk/signature-v4-multi-region/-/signature-v4-multi-region-3.996.31.tgz 0ms (cache hit)
1892 http cache @aws-sdk/middleware-flexible-checksums@https://registry.npmjs.org/@aws-sdk/middleware-flexible-checksums/-/middleware-flexible-checksums-3.974.26.tgz 0ms (cache hit)
1893 http cache @aws-sdk/core@https://registry.npmjs.org/@aws-sdk/core/-/core-3.974.17.tgz 0ms (cache hit)
1894 http cache @aws-crypto/sha256-js@https://registry.npmjs.org/@aws-crypto/sha256-js/-/sha256-js-5.2.0.tgz 0ms (cache hit)
1895 http cache @aws-crypto/sha256-browser@https://registry.npmjs.org/@aws-crypto/sha256-browser/-/sha256-browser-5.2.0.tgz 0ms (cache hit)
1896 http cache @aws-crypto/sha1-browser@https://registry.npmjs.org/@aws-crypto/sha1-browser/-/sha1-browser-5.2.0.tgz 0ms (cache hit)
1897 http cache typeorm@https://registry.npmjs.org/typeorm/-/typeorm-1.0.0.tgz 0ms (cache hit)
1898 http cache pg@https://registry.npmjs.org/pg/-/pg-8.21.0.tgz 0ms (cache hit)
1899 http cache passport-jwt@https://registry.npmjs.org/passport-jwt/-/passport-jwt-4.0.1.tgz 0ms (cache hit)
1900 http cache ioredis@https://registry.npmjs.org/ioredis/-/ioredis-5.11.1.tgz 0ms (cache hit)
1901 http cache class-validator@https://registry.npmjs.org/class-validator/-/class-validator-0.15.1.tgz 0ms (cache hit)
1902 http cache class-transformer@https://registry.npmjs.org/class-transformer/-/class-transformer-0.5.1.tgz 0ms (cache hit)
1903 http cache bullmq@https://registry.npmjs.org/bullmq/-/bullmq-5.78.0.tgz 0ms (cache hit)
1904 http cache bcrypt@https://registry.npmjs.org/bcrypt/-/bcrypt-6.0.0.tgz 0ms (cache hit)
1905 http cache @opentelemetry/sdk-node@https://registry.npmjs.org/@opentelemetry/sdk-node/-/sdk-node-0.218.0.tgz 0ms (cache hit)
1906 http cache @opentelemetry/exporter-trace-otlp-grpc@https://registry.npmjs.org/@opentelemetry/exporter-trace-otlp-grpc/-/exporter-trace-otlp-grpc-0.218.0.tgz 0ms (cache hit)
1907 http cache @opentelemetry/core@https://registry.npmjs.org/@opentelemetry/core/-/core-2.7.1.tgz 0ms (cache hit)
1908 http cache @opentelemetry/auto-instrumentations-node@https://registry.npmjs.org/@opentelemetry/auto-instrumentations-node/-/auto-instrumentations-node-0.76.0.tgz 0ms (cache hit)
1909 http cache @opentelemetry/api@https://registry.npmjs.org/@opentelemetry/api/-/api-1.9.1.tgz 0ms (cache hit)
1910 http cache @nestjs/typeorm@https://registry.npmjs.org/@nestjs/typeorm/-/typeorm-11.0.1.tgz 0ms (cache hit)
1911 http cache @nestjs/swagger@https://registry.npmjs.org/@nestjs/swagger/-/swagger-11.4.4.tgz 0ms (cache hit)
1912 http cache passport@https://registry.npmjs.org/passport/-/passport-0.7.0.tgz 0ms (cache hit)
1913 http cache @nestjs/jwt@https://registry.npmjs.org/@nestjs/jwt/-/jwt-11.0.2.tgz 0ms (cache hit)
1914 http cache @nestjs/config@https://registry.npmjs.org/@nestjs/config/-/config-4.0.4.tgz 0ms (cache hit)
1915 http cache @nestjs/bullmq@https://registry.npmjs.org/@nestjs/bullmq/-/bullmq-11.0.4.tgz 0ms (cache hit)
1916 http cache path-scurry@https://registry.npmjs.org/path-scurry/-/path-scurry-1.11.1.tgz 0ms (cache hit)
1917 http cache brace-expansion@https://registry.npmjs.org/brace-expansion/-/brace-expansion-2.1.1.tgz 0ms (cache hit)
1918 http cache minimatch@https://registry.npmjs.org/minimatch/-/minimatch-9.0.9.tgz 0ms (cache hit)
1919 http cache @nestjs/passport@https://registry.npmjs.org/@nestjs/passport/-/passport-11.0.5.tgz 0ms (cache hit)
1920 http cache lru-cache@https://registry.npmjs.org/lru-cache/-/lru-cache-10.4.3.tgz 0ms (cache hit)
1921 http cache glob@https://registry.npmjs.org/glob/-/glob-10.5.0.tgz 0ms (cache hit)
1922 http cache dotenv@https://registry.npmjs.org/dotenv/-/dotenv-16.6.1.tgz 0ms (cache hit)
1923 http cache ansi-styles@https://registry.npmjs.org/ansi-styles/-/ansi-styles-6.2.3.tgz 0ms (cache hit)
1924 http cache emoji-regex@https://registry.npmjs.org/emoji-regex/-/emoji-regex-10.6.0.tgz 0ms (cache hit)
1925 http cache wrap-ansi@https://registry.npmjs.org/wrap-ansi/-/wrap-ansi-9.0.2.tgz 0ms (cache hit)
1926 http cache strip-ansi@https://registry.npmjs.org/strip-ansi/-/strip-ansi-7.2.0.tgz 0ms (cache hit)
1927 http cache yargs-parser@https://registry.npmjs.org/yargs-parser/-/yargs-parser-22.0.0.tgz 0ms (cache hit)
1928 http cache string-width@https://registry.npmjs.org/string-width/-/string-width-7.2.0.tgz 0ms (cache hit)
1929 http cache yargs@https://registry.npmjs.org/yargs/-/yargs-18.0.0.tgz 0ms (cache hit)
1930 http cache cliui@https://registry.npmjs.org/cliui/-/cliui-9.0.1.tgz 0ms (cache hit)
1931 http cache @ioredis/commands@https://registry.npmjs.org/@ioredis/commands/-/commands-1.5.1.tgz 0ms (cache hit)
1932 http cache ansi-regex@https://registry.npmjs.org/ansi-regex/-/ansi-regex-6.2.2.tgz 0ms (cache hit)
1933 http cache semver@https://registry.npmjs.org/semver/-/semver-7.8.0.tgz 0ms (cache hit)
1934 silly tarball no local data for get-east-asian-width@https://registry.npmjs.org/get-east-asian-width/-/get-east-asian-width-1.6.0.tgz. Extracting by manifest.
1935 http cache js-yaml@https://registry.npmjs.org/js-yaml/-/js-yaml-4.1.1.tgz 0ms (cache hit)
1936 silly tarball no local data for lodash.isarguments@https://registry.npmjs.org/lodash.isarguments/-/lodash.isarguments-3.1.0.tgz. Extracting by manifest.
1937 silly tarball no local data for dayjs@https://registry.npmjs.org/dayjs/-/dayjs-1.11.21.tgz. Extracting by manifest.
1938 silly tarball no local data for lodash.defaults@https://registry.npmjs.org/lodash.defaults/-/lodash.defaults-4.2.0.tgz. Extracting by manifest.
1939 silly tarball no local data for @scarf/scarf@https://registry.npmjs.org/@scarf/scarf/-/scarf-1.4.0.tgz. Extracting by manifest.
1940 silly tarball no local data for @sqltools/formatter@https://registry.npmjs.org/@sqltools/formatter/-/formatter-1.2.5.tgz. Extracting by manifest.
1941 silly tarball no local data for sql-highlight@https://registry.npmjs.org/sql-highlight/-/sql-highlight-6.1.0.tgz. Extracting by manifest.
1942 http cache ioredis@https://registry.npmjs.org/ioredis/-/ioredis-5.10.1.tgz 0ms (cache hit)
1943 silly tarball no local data for @protobufjs/path@https://registry.npmjs.org/@protobufjs/path/-/path-1.1.2.tgz. Extracting by manifest.
1944 silly tarball no local data for @protobufjs/utf8@https://registry.npmjs.org/@protobufjs/utf8/-/utf8-1.1.1.tgz. Extracting by manifest.
1945 silly tarball no local data for @protobufjs/inquire@https://registry.npmjs.org/@protobufjs/inquire/-/inquire-1.1.2.tgz. Extracting by manifest.
1946 silly tarball no local data for @protobufjs/pool@https://registry.npmjs.org/@protobufjs/pool/-/pool-1.1.0.tgz. Extracting by manifest.
1947 http cache @aws-sdk/client-s3@https://registry.npmjs.org/@aws-sdk/client-s3/-/client-s3-3.1062.0.tgz 0ms (cache hit)
1948 silly tarball no local data for @protobufjs/eventemitter@https://registry.npmjs.org/@protobufjs/eventemitter/-/eventemitter-1.1.1.tgz. Extracting by manifest.
1949 silly tarball no local data for @protobufjs/fetch@https://registry.npmjs.org/@protobufjs/fetch/-/fetch-1.1.1.tgz. Extracting by manifest.
1950 silly tarball no local data for @protobufjs/codegen@https://registry.npmjs.org/@protobufjs/codegen/-/codegen-2.0.5.tgz. Extracting by manifest.
1951 silly tarball no local data for @protobufjs/float@https://registry.npmjs.org/@protobufjs/float/-/float-1.0.2.tgz. Extracting by manifest.
1952 silly tarball no local data for @protobufjs/base64@https://registry.npmjs.org/@protobufjs/base64/-/base64-1.1.2.tgz. Extracting by manifest.
1953 silly tarball no local data for @protobufjs/aspromise@https://registry.npmjs.org/@protobufjs/aspromise/-/aspromise-1.1.2.tgz. Extracting by manifest.
1954 silly tarball no local data for postgres-date@https://registry.npmjs.org/postgres-date/-/postgres-date-1.0.7.tgz. Extracting by manifest.
1955 silly tarball no local data for split2@https://registry.npmjs.org/split2/-/split2-4.2.0.tgz. Extracting by manifest.
1956 silly tarball no local data for postgres-interval@https://registry.npmjs.org/postgres-interval/-/postgres-interval-1.2.0.tgz. Extracting by manifest.
1957 silly tarball no local data for xtend@https://registry.npmjs.org/xtend/-/xtend-4.0.2.tgz. Extracting by manifest.
1958 silly tarball no local data for postgres-bytea@https://registry.npmjs.org/postgres-bytea/-/postgres-bytea-1.0.1.tgz. Extracting by manifest.
1959 silly tarball no local data for postgres-array@https://registry.npmjs.org/postgres-array/-/postgres-array-2.0.0.tgz. Extracting by manifest.
1960 silly tarball no local data for pg-int8@https://registry.npmjs.org/pg-int8/-/pg-int8-1.0.1.tgz. Extracting by manifest.
1961 silly tarball no local data for pg-cloudflare@https://registry.npmjs.org/pg-cloudflare/-/pg-cloudflare-1.4.0.tgz. Extracting by manifest.
1962 silly tarball no local data for pause@https://registry.npmjs.org/pause/-/pause-0.0.1.tgz. Extracting by manifest.
1963 silly tarball no local data for pg-connection-string@https://registry.npmjs.org/pg-connection-string/-/pg-connection-string-2.13.0.tgz. Extracting by manifest.
1964 silly tarball no local data for pg-pool@https://registry.npmjs.org/pg-pool/-/pg-pool-3.14.0.tgz. Extracting by manifest.
1965 silly tarball no local data for utils-merge@https://registry.npmjs.org/utils-merge/-/utils-merge-1.0.1.tgz. Extracting by manifest.
1966 silly tarball no local data for node-domexception@https://registry.npmjs.org/node-domexception/-/node-domexception-1.0.0.tgz. Extracting by manifest.
1967 silly tarball no local data for passport-strategy@https://registry.npmjs.org/passport-strategy/-/passport-strategy-1.0.0.tgz. Extracting by manifest.
1968 silly tarball no local data for web-streams-polyfill@https://registry.npmjs.org/web-streams-polyfill/-/web-streams-polyfill-3.3.3.tgz. Extracting by manifest.
1969 silly tarball no local data for formdata-polyfill@https://registry.npmjs.org/formdata-polyfill/-/formdata-polyfill-4.0.10.tgz. Extracting by manifest.
1970 silly tarball no local data for data-uri-to-buffer@https://registry.npmjs.org/data-uri-to-buffer/-/data-uri-to-buffer-4.0.1.tgz. Extracting by manifest.
1971 silly tarball no local data for detect-libc@https://registry.npmjs.org/detect-libc/-/detect-libc-2.1.2.tgz. Extracting by manifest.
1972 silly tarball no local data for fetch-blob@https://registry.npmjs.org/fetch-blob/-/fetch-blob-3.2.0.tgz. Extracting by manifest.
1973 silly tarball no local data for pgpass@https://registry.npmjs.org/pgpass/-/pgpass-1.0.5.tgz. Extracting by manifest.
1974 silly tarball no local data for buffer-equal-constant-time@https://registry.npmjs.org/buffer-equal-constant-time/-/buffer-equal-constant-time-1.0.1.tgz. Extracting by manifest.
1975 silly tarball no local data for msgpackr-extract@https://registry.npmjs.org/msgpackr-extract/-/msgpackr-extract-3.0.4.tgz. Extracting by manifest.
1976 silly tarball no local data for @msgpackr-extract/msgpackr-extract-darwin-arm64@https://registry.npmjs.org/@msgpackr-extract/msgpackr-extract-darwin-arm64/-/msgpackr-extract-darwin-arm64-3.0.4.tgz. Extracting by manifest.
1977 silly tarball no local data for node-gyp-build-optional-packages@https://registry.npmjs.org/node-gyp-build-optional-packages/-/node-gyp-build-optional-packages-5.2.2.tgz. Extracting by manifest.
1978 silly tarball no local data for ecdsa-sig-formatter@https://registry.npmjs.org/ecdsa-sig-formatter/-/ecdsa-sig-formatter-1.0.11.tgz. Extracting by manifest.
1979 silly tarball no local data for lodash.isstring@https://registry.npmjs.org/lodash.isstring/-/lodash.isstring-4.0.1.tgz. Extracting by manifest.
1980 silly tarball no local data for lodash.once@https://registry.npmjs.org/lodash.once/-/lodash.once-4.1.1.tgz. Extracting by manifest.
1981 silly tarball no local data for jwa@https://registry.npmjs.org/jwa/-/jwa-2.0.1.tgz. Extracting by manifest.
1982 silly tarball no local data for lodash.isplainobject@https://registry.npmjs.org/lodash.isplainobject/-/lodash.isplainobject-4.0.6.tgz. Extracting by manifest.
1983 silly tarball no local data for lodash.isboolean@https://registry.npmjs.org/lodash.isboolean/-/lodash.isboolean-3.0.3.tgz. Extracting by manifest.
1984 silly tarball no local data for lodash.isnumber@https://registry.npmjs.org/lodash.isnumber/-/lodash.isnumber-3.0.3.tgz. Extracting by manifest.
1985 silly tarball no local data for lodash.isinteger@https://registry.npmjs.org/lodash.isinteger/-/lodash.isinteger-4.0.4.tgz. Extracting by manifest.
1986 silly tarball no local data for jws@https://registry.npmjs.org/jws/-/jws-4.0.1.tgz. Extracting by manifest.
1987 silly tarball no local data for bignumber.js@https://registry.npmjs.org/bignumber.js/-/bignumber.js-9.3.1.tgz. Extracting by manifest.
1988 silly tarball no local data for redis-errors@https://registry.npmjs.org/redis-errors/-/redis-errors-1.2.0.tgz. Extracting by manifest.
1989 silly tarball no local data for standard-as-callback@https://registry.npmjs.org/standard-as-callback/-/standard-as-callback-2.1.0.tgz. Extracting by manifest.
1990 silly tarball no local data for redis-parser@https://registry.npmjs.org/redis-parser/-/redis-parser-3.0.0.tgz. Extracting by manifest.
1991 silly tarball no local data for lodash.includes@https://registry.npmjs.org/lodash.includes/-/lodash.includes-4.3.0.tgz. Extracting by manifest.
1992 silly tarball no local data for denque@https://registry.npmjs.org/denque/-/denque-2.1.0.tgz. Extracting by manifest.
1993 silly tarball no local data for cluster-key-slot@https://registry.npmjs.org/cluster-key-slot/-/cluster-key-slot-1.1.1.tgz. Extracting by manifest.
1994 silly tarball no local data for @ioredis/commands@https://registry.npmjs.org/@ioredis/commands/-/commands-1.10.0.tgz. Extracting by manifest.
1995 silly tarball no local data for module-details-from-path@https://registry.npmjs.org/module-details-from-path/-/module-details-from-path-1.0.4.tgz. Extracting by manifest.
1996 silly tarball no local data for node-fetch@https://registry.npmjs.org/node-fetch/-/node-fetch-3.3.2.tgz. Extracting by manifest.
1997 silly tarball no local data for agent-base@https://registry.npmjs.org/agent-base/-/agent-base-7.1.4.tgz. Extracting by manifest.
1998 silly tarball no local data for https-proxy-agent@https://registry.npmjs.org/https-proxy-agent/-/https-proxy-agent-7.0.6.tgz. Extracting by manifest.
1999 silly tarball no local data for acorn-import-attributes@https://registry.npmjs.org/acorn-import-attributes/-/acorn-import-attributes-1.9.5.tgz. Extracting by manifest.
2000 silly tarball no local data for extend@https://registry.npmjs.org/extend/-/extend-3.0.2.tgz. Extracting by manifest.
2001 silly tarball no local data for rimraf@https://registry.npmjs.org/rimraf/-/rimraf-5.0.10.tgz. Extracting by manifest.
2002 silly tarball no local data for xml-naming@https://registry.npmjs.org/xml-naming/-/xml-naming-0.1.0.tgz. Extracting by manifest.
2003 silly tarball no local data for strnum@https://registry.npmjs.org/strnum/-/strnum-2.3.0.tgz. Extracting by manifest.
2004 silly tarball no local data for gaxios@https://registry.npmjs.org/gaxios/-/gaxios-7.1.3.tgz. Extracting by manifest.
2005 silly tarball no local data for json-bigint@https://registry.npmjs.org/json-bigint/-/json-bigint-1.0.0.tgz. Extracting by manifest.
2006 silly tarball no local data for google-logging-utils@https://registry.npmjs.org/google-logging-utils/-/google-logging-utils-1.1.3.tgz. Extracting by manifest.
2007 silly tarball no local data for fast-xml-builder@https://registry.npmjs.org/fast-xml-builder/-/fast-xml-builder-1.2.0.tgz. Extracting by manifest.
2008 silly tarball no local data for path-expression-matcher@https://registry.npmjs.org/path-expression-matcher/-/path-expression-matcher-1.5.0.tgz. Extracting by manifest.
2009 silly tarball no local data for luxon@https://registry.npmjs.org/luxon/-/luxon-3.7.2.tgz. Extracting by manifest.
2010 silly tarball no local data for validator@https://registry.npmjs.org/validator/-/validator-13.15.35.tgz. Extracting by manifest.
2011 silly tarball no local data for @types/validator@https://registry.npmjs.org/@types/validator/-/validator-13.15.10.tgz. Extracting by manifest.
2012 silly tarball no local data for libphonenumber-js@https://registry.npmjs.org/libphonenumber-js/-/libphonenumber-js-1.13.5.tgz. Extracting by manifest.
2013 silly tarball no local data for node-gyp-build@https://registry.npmjs.org/node-gyp-build/-/node-gyp-build-4.8.4.tgz. Extracting by manifest.
2014 silly tarball no local data for cron-parser@https://registry.npmjs.org/cron-parser/-/cron-parser-4.9.0.tgz. Extracting by manifest.
2015 silly tarball no local data for msgpackr@https://registry.npmjs.org/msgpackr/-/msgpackr-2.0.2.tgz. Extracting by manifest.
2016 silly tarball no local data for @nodable/entities@https://registry.npmjs.org/@nodable/entities/-/entities-2.1.1.tgz. Extracting by manifest.
2017 silly tarball no local data for node-addon-api@https://registry.npmjs.org/node-addon-api/-/node-addon-api-8.8.0.tgz. Extracting by manifest.
2018 silly tarball no local data for pg-protocol@https://registry.npmjs.org/pg-protocol/-/pg-protocol-1.14.0.tgz. Extracting by manifest.
2019 silly tarball no local data for @smithy/is-array-buffer@https://registry.npmjs.org/@smithy/is-array-buffer/-/is-array-buffer-2.2.0.tgz. Extracting by manifest.
2020 silly tarball no local data for yaml@https://registry.npmjs.org/yaml/-/yaml-2.9.0.tgz. Extracting by manifest.
2021 silly tarball no local data for @opentelemetry/propagator-jaeger@https://registry.npmjs.org/@opentelemetry/propagator-jaeger/-/propagator-jaeger-2.7.1.tgz. Extracting by manifest.
2022 silly tarball no local data for @smithy/util-buffer-from@https://registry.npmjs.org/@smithy/util-buffer-from/-/util-buffer-from-2.2.0.tgz. Extracting by manifest.
2023 silly tarball no local data for @opentelemetry/sdk-trace-node@https://registry.npmjs.org/@opentelemetry/sdk-trace-node/-/sdk-trace-node-2.7.1.tgz. Extracting by manifest.
2024 silly tarball no local data for @opentelemetry/propagator-b3@https://registry.npmjs.org/@opentelemetry/propagator-b3/-/propagator-b3-2.7.1.tgz. Extracting by manifest.
2025 silly tarball no local data for @opentelemetry/exporter-trace-otlp-http@https://registry.npmjs.org/@opentelemetry/exporter-trace-otlp-http/-/exporter-trace-otlp-http-0.218.0.tgz. Extracting by manifest.
2026 silly tarball no local data for @opentelemetry/exporter-trace-otlp-proto@https://registry.npmjs.org/@opentelemetry/exporter-trace-otlp-proto/-/exporter-trace-otlp-proto-0.218.0.tgz. Extracting by manifest.
2027 silly tarball no local data for @opentelemetry/exporter-zipkin@https://registry.npmjs.org/@opentelemetry/exporter-zipkin/-/exporter-zipkin-2.7.1.tgz. Extracting by manifest.
2028 silly tarball no local data for pg-types@https://registry.npmjs.org/pg-types/-/pg-types-2.2.0.tgz. Extracting by manifest.
2029 silly tarball no local data for @opentelemetry/exporter-metrics-otlp-proto@https://registry.npmjs.org/@opentelemetry/exporter-metrics-otlp-proto/-/exporter-metrics-otlp-proto-0.218.0.tgz. Extracting by manifest.
2030 silly tarball no local data for @opentelemetry/exporter-prometheus@https://registry.npmjs.org/@opentelemetry/exporter-prometheus/-/exporter-prometheus-0.218.0.tgz. Extracting by manifest.
2031 silly tarball no local data for @opentelemetry/exporter-metrics-otlp-grpc@https://registry.npmjs.org/@opentelemetry/exporter-metrics-otlp-grpc/-/exporter-metrics-otlp-grpc-0.218.0.tgz. Extracting by manifest.
2032 silly tarball no local data for @opentelemetry/exporter-metrics-otlp-http@https://registry.npmjs.org/@opentelemetry/exporter-metrics-otlp-http/-/exporter-metrics-otlp-http-0.218.0.tgz. Extracting by manifest.
2033 silly tarball no local data for @opentelemetry/exporter-logs-otlp-grpc@https://registry.npmjs.org/@opentelemetry/exporter-logs-otlp-grpc/-/exporter-logs-otlp-grpc-0.218.0.tgz. Extracting by manifest.
2034 silly tarball no local data for @opentelemetry/exporter-logs-otlp-proto@https://registry.npmjs.org/@opentelemetry/exporter-logs-otlp-proto/-/exporter-logs-otlp-proto-0.218.0.tgz. Extracting by manifest.
2035 silly tarball no local data for @opentelemetry/configuration@https://registry.npmjs.org/@opentelemetry/configuration/-/configuration-0.218.0.tgz. Extracting by manifest.
2036 silly tarball no local data for @opentelemetry/sdk-metrics@https://registry.npmjs.org/@opentelemetry/sdk-metrics/-/sdk-metrics-2.7.1.tgz. Extracting by manifest.
2037 silly tarball no local data for @opentelemetry/exporter-logs-otlp-http@https://registry.npmjs.org/@opentelemetry/exporter-logs-otlp-http/-/exporter-logs-otlp-http-0.218.0.tgz. Extracting by manifest.
2038 silly tarball no local data for @types/tedious@https://registry.npmjs.org/@types/tedious/-/tedious-4.0.14.tgz. Extracting by manifest.
2039 silly tarball no local data for @opentelemetry/sdk-logs@https://registry.npmjs.org/@opentelemetry/sdk-logs/-/sdk-logs-0.218.0.tgz. Extracting by manifest.
2040 silly tarball no local data for gcp-metadata@https://registry.npmjs.org/gcp-metadata/-/gcp-metadata-8.1.3.tgz. Extracting by manifest.
2041 silly tarball no local data for @types/pg-pool@https://registry.npmjs.org/@types/pg-pool/-/pg-pool-2.0.7.tgz. Extracting by manifest.
2042 silly tarball no local data for @types/pg@https://registry.npmjs.org/@types/pg/-/pg-8.15.6.tgz. Extracting by manifest.
2043 silly tarball no local data for @types/oracledb@https://registry.npmjs.org/@types/oracledb/-/oracledb-6.5.2.tgz. Extracting by manifest.
2044 silly tarball no local data for @opentelemetry/sql-common@https://registry.npmjs.org/@opentelemetry/sql-common/-/sql-common-0.41.2.tgz. Extracting by manifest.
2045 silly tarball no local data for @types/memcached@https://registry.npmjs.org/@types/memcached/-/memcached-2.2.10.tgz. Extracting by manifest.
2046 silly tarball no local data for @opentelemetry/redis-common@https://registry.npmjs.org/@opentelemetry/redis-common/-/redis-common-0.38.3.tgz. Extracting by manifest.
2047 silly tarball no local data for forwarded-parse@https://registry.npmjs.org/forwarded-parse/-/forwarded-parse-2.1.2.tgz. Extracting by manifest.
2048 silly tarball no local data for @types/mysql@https://registry.npmjs.org/@types/mysql/-/mysql-2.15.27.tgz. Extracting by manifest.
2049 silly tarball no local data for require-in-the-middle@https://registry.npmjs.org/require-in-the-middle/-/require-in-the-middle-8.0.1.tgz. Extracting by manifest.
2050 silly tarball no local data for @types/bunyan@https://registry.npmjs.org/@types/bunyan/-/bunyan-1.8.11.tgz. Extracting by manifest.
2051 silly tarball no local data for @types/aws-lambda@https://registry.npmjs.org/@types/aws-lambda/-/aws-lambda-8.10.161.tgz. Extracting by manifest.
2052 silly tarball no local data for @opentelemetry/api-logs@https://registry.npmjs.org/@opentelemetry/api-logs/-/api-logs-0.218.0.tgz. Extracting by manifest.
2053 silly tarball no local data for import-in-the-middle@https://registry.npmjs.org/import-in-the-middle/-/import-in-the-middle-3.0.1.tgz. Extracting by manifest.
2054 silly tarball no local data for long@https://registry.npmjs.org/long/-/long-5.3.2.tgz. Extracting by manifest.
2055 silly tarball no local data for protobufjs@https://registry.npmjs.org/protobufjs/-/protobufjs-7.6.2.tgz. Extracting by manifest.
2056 silly tarball no local data for lodash.camelcase@https://registry.npmjs.org/lodash.camelcase/-/lodash.camelcase-4.3.0.tgz. Extracting by manifest.
2057 silly tarball no local data for @opentelemetry/otlp-transformer@https://registry.npmjs.org/@opentelemetry/otlp-transformer/-/otlp-transformer-0.218.0.tgz. Extracting by manifest.
2058 silly tarball no local data for @grpc/proto-loader@https://registry.npmjs.org/@grpc/proto-loader/-/proto-loader-0.8.1.tgz. Extracting by manifest.
2059 silly tarball no local data for @js-sdsl/ordered-map@https://registry.npmjs.org/@js-sdsl/ordered-map/-/ordered-map-4.4.2.tgz. Extracting by manifest.
2060 silly tarball no local data for @opentelemetry/sdk-trace-base@https://registry.npmjs.org/@opentelemetry/sdk-trace-base/-/sdk-trace-base-2.7.1.tgz. Extracting by manifest.
2061 silly tarball no local data for @opentelemetry/otlp-grpc-exporter-base@https://registry.npmjs.org/@opentelemetry/otlp-grpc-exporter-base/-/otlp-grpc-exporter-base-0.218.0.tgz. Extracting by manifest.
2062 silly tarball no local data for @opentelemetry/context-async-hooks@https://registry.npmjs.org/@opentelemetry/context-async-hooks/-/context-async-hooks-2.7.1.tgz. Extracting by manifest.
2063 silly tarball no local data for @opentelemetry/otlp-exporter-base@https://registry.npmjs.org/@opentelemetry/otlp-exporter-base/-/otlp-exporter-base-0.218.0.tgz. Extracting by manifest.
2064 silly tarball no local data for @grpc/grpc-js@https://registry.npmjs.org/@grpc/grpc-js/-/grpc-js-1.14.4.tgz. Extracting by manifest.
2065 silly tarball no local data for @opentelemetry/semantic-conventions@https://registry.npmjs.org/@opentelemetry/semantic-conventions/-/semantic-conventions-1.41.1.tgz. Extracting by manifest.
2066 silly tarball no local data for @opentelemetry/resources@https://registry.npmjs.org/@opentelemetry/resources/-/resources-2.7.1.tgz. Extracting by manifest.
2067 silly tarball no local data for @opentelemetry/resource-detector-gcp@https://registry.npmjs.org/@opentelemetry/resource-detector-gcp/-/resource-detector-gcp-0.53.0.tgz. Extracting by manifest.
2068 silly tarball no local data for @opentelemetry/resource-detector-container@https://registry.npmjs.org/@opentelemetry/resource-detector-container/-/resource-detector-container-0.8.9.tgz. Extracting by manifest.
2069 silly tarball no local data for @opentelemetry/resource-detector-azure@https://registry.npmjs.org/@opentelemetry/resource-detector-azure/-/resource-detector-azure-0.26.0.tgz. Extracting by manifest.
2070 silly tarball no local data for @opentelemetry/resource-detector-alibaba-cloud@https://registry.npmjs.org/@opentelemetry/resource-detector-alibaba-cloud/-/resource-detector-alibaba-cloud-0.33.8.tgz. Extracting by manifest.
2071 silly tarball no local data for @opentelemetry/resource-detector-aws@https://registry.npmjs.org/@opentelemetry/resource-detector-aws/-/resource-detector-aws-2.18.0.tgz. Extracting by manifest.
2072 silly tarball no local data for @opentelemetry/instrumentation-winston@https://registry.npmjs.org/@opentelemetry/instrumentation-winston/-/instrumentation-winston-0.62.0.tgz. Extracting by manifest.
2073 silly tarball no local data for @opentelemetry/instrumentation-undici@https://registry.npmjs.org/@opentelemetry/instrumentation-undici/-/instrumentation-undici-0.28.0.tgz. Extracting by manifest.
2074 silly tarball no local data for @opentelemetry/instrumentation-tedious@https://registry.npmjs.org/@opentelemetry/instrumentation-tedious/-/instrumentation-tedious-0.37.0.tgz. Extracting by manifest.
2075 silly tarball no local data for @opentelemetry/instrumentation-runtime-node@https://registry.npmjs.org/@opentelemetry/instrumentation-runtime-node/-/instrumentation-runtime-node-0.31.0.tgz. Extracting by manifest.
2076 silly tarball no local data for @opentelemetry/instrumentation-socket.io@https://registry.npmjs.org/@opentelemetry/instrumentation-socket.io/-/instrumentation-socket.io-0.65.0.tgz. Extracting by manifest.
2077 silly tarball no local data for @opentelemetry/instrumentation-router@https://registry.npmjs.org/@opentelemetry/instrumentation-router/-/instrumentation-router-0.62.0.tgz. Extracting by manifest.
2078 silly tarball no local data for @opentelemetry/instrumentation-restify@https://registry.npmjs.org/@opentelemetry/instrumentation-restify/-/instrumentation-restify-0.63.0.tgz. Extracting by manifest.
2079 silly tarball no local data for @opentelemetry/instrumentation-pino@https://registry.npmjs.org/@opentelemetry/instrumentation-pino/-/instrumentation-pino-0.64.0.tgz. Extracting by manifest.
2080 silly tarball no local data for @opentelemetry/instrumentation-pg@https://registry.npmjs.org/@opentelemetry/instrumentation-pg/-/instrumentation-pg-0.70.0.tgz. Extracting by manifest.
2081 silly tarball no local data for @opentelemetry/instrumentation-oracledb@https://registry.npmjs.org/@opentelemetry/instrumentation-oracledb/-/instrumentation-oracledb-0.43.0.tgz. Extracting by manifest.
2082 silly tarball no local data for @opentelemetry/instrumentation-openai@https://registry.npmjs.org/@opentelemetry/instrumentation-openai/-/instrumentation-openai-0.16.0.tgz. Extracting by manifest.
2083 silly tarball no local data for @opentelemetry/instrumentation-net@https://registry.npmjs.org/@opentelemetry/instrumentation-net/-/instrumentation-net-0.62.0.tgz. Extracting by manifest.
2084 silly tarball no local data for @opentelemetry/instrumentation-nestjs-core@https://registry.npmjs.org/@opentelemetry/instrumentation-nestjs-core/-/instrumentation-nestjs-core-0.64.0.tgz. Extracting by manifest.
2085 silly tarball no local data for @opentelemetry/instrumentation-mysql2@https://registry.npmjs.org/@opentelemetry/instrumentation-mysql2/-/instrumentation-mysql2-0.64.0.tgz. Extracting by manifest.
2086 silly tarball no local data for @opentelemetry/instrumentation-mysql@https://registry.npmjs.org/@opentelemetry/instrumentation-mysql/-/instrumentation-mysql-0.64.0.tgz. Extracting by manifest.
2087 silly tarball no local data for @opentelemetry/instrumentation-mongoose@https://registry.npmjs.org/@opentelemetry/instrumentation-mongoose/-/instrumentation-mongoose-0.64.0.tgz. Extracting by manifest.
2088 silly tarball no local data for @opentelemetry/instrumentation-mongodb@https://registry.npmjs.org/@opentelemetry/instrumentation-mongodb/-/instrumentation-mongodb-0.71.0.tgz. Extracting by manifest.
2089 silly tarball no local data for @opentelemetry/instrumentation-memcached@https://registry.npmjs.org/@opentelemetry/instrumentation-memcached/-/instrumentation-memcached-0.61.0.tgz. Extracting by manifest.
2090 silly tarball no local data for @opentelemetry/instrumentation-lru-memoizer@https://registry.npmjs.org/@opentelemetry/instrumentation-lru-memoizer/-/instrumentation-lru-memoizer-0.62.0.tgz. Extracting by manifest.
2091 silly tarball no local data for @opentelemetry/instrumentation-koa@https://registry.npmjs.org/@opentelemetry/instrumentation-koa/-/instrumentation-koa-0.66.0.tgz. Extracting by manifest.
2092 silly tarball no local data for @opentelemetry/instrumentation-knex@https://registry.npmjs.org/@opentelemetry/instrumentation-knex/-/instrumentation-knex-0.62.0.tgz. Extracting by manifest.
2093 silly tarball no local data for @opentelemetry/instrumentation-kafkajs@https://registry.npmjs.org/@opentelemetry/instrumentation-kafkajs/-/instrumentation-kafkajs-0.27.0.tgz. Extracting by manifest.
2094 silly tarball no local data for @opentelemetry/instrumentation-ioredis@https://registry.npmjs.org/@opentelemetry/instrumentation-ioredis/-/instrumentation-ioredis-0.66.0.tgz. Extracting by manifest.
2095 silly tarball no local data for @opentelemetry/instrumentation-http@https://registry.npmjs.org/@opentelemetry/instrumentation-http/-/instrumentation-http-0.218.0.tgz. Extracting by manifest.
2096 silly tarball no local data for @opentelemetry/instrumentation-hapi@https://registry.npmjs.org/@opentelemetry/instrumentation-hapi/-/instrumentation-hapi-0.64.0.tgz. Extracting by manifest.
2097 silly tarball no local data for @opentelemetry/instrumentation-grpc@https://registry.npmjs.org/@opentelemetry/instrumentation-grpc/-/instrumentation-grpc-0.218.0.tgz. Extracting by manifest.
2098 silly tarball no local data for @opentelemetry/instrumentation-graphql@https://registry.npmjs.org/@opentelemetry/instrumentation-graphql/-/instrumentation-graphql-0.66.0.tgz. Extracting by manifest.
2099 silly tarball no local data for @opentelemetry/instrumentation-generic-pool@https://registry.npmjs.org/@opentelemetry/instrumentation-generic-pool/-/instrumentation-generic-pool-0.61.0.tgz. Extracting by manifest.
2100 silly tarball no local data for @opentelemetry/instrumentation-fs@https://registry.npmjs.org/@opentelemetry/instrumentation-fs/-/instrumentation-fs-0.37.0.tgz. Extracting by manifest.
2101 silly tarball no local data for @opentelemetry/instrumentation-express@https://registry.npmjs.org/@opentelemetry/instrumentation-express/-/instrumentation-express-0.66.0.tgz. Extracting by manifest.
2102 silly tarball no local data for @opentelemetry/instrumentation-dns@https://registry.npmjs.org/@opentelemetry/instrumentation-dns/-/instrumentation-dns-0.61.0.tgz. Extracting by manifest.
2103 silly tarball no local data for @opentelemetry/instrumentation-dataloader@https://registry.npmjs.org/@opentelemetry/instrumentation-dataloader/-/instrumentation-dataloader-0.35.0.tgz. Extracting by manifest.
2104 silly tarball no local data for @opentelemetry/instrumentation-redis@https://registry.npmjs.org/@opentelemetry/instrumentation-redis/-/instrumentation-redis-0.66.0.tgz. Extracting by manifest.
2105 silly tarball no local data for @opentelemetry/instrumentation-connect@https://registry.npmjs.org/@opentelemetry/instrumentation-connect/-/instrumentation-connect-0.61.0.tgz. Extracting by manifest.
2106 silly tarball no local data for @opentelemetry/instrumentation-cucumber@https://registry.npmjs.org/@opentelemetry/instrumentation-cucumber/-/instrumentation-cucumber-0.34.0.tgz. Extracting by manifest.
2107 silly tarball no local data for @opentelemetry/instrumentation-cassandra-driver@https://registry.npmjs.org/@opentelemetry/instrumentation-cassandra-driver/-/instrumentation-cassandra-driver-0.63.0.tgz. Extracting by manifest.
2108 silly tarball no local data for @opentelemetry/instrumentation-bunyan@https://registry.npmjs.org/@opentelemetry/instrumentation-bunyan/-/instrumentation-bunyan-0.63.0.tgz. Extracting by manifest.
2109 silly tarball no local data for @opentelemetry/instrumentation-aws-sdk@https://registry.npmjs.org/@opentelemetry/instrumentation-aws-sdk/-/instrumentation-aws-sdk-0.73.0.tgz. Extracting by manifest.
2110 silly tarball no local data for @opentelemetry/instrumentation-amqplib@https://registry.npmjs.org/@opentelemetry/instrumentation-amqplib/-/instrumentation-amqplib-0.65.0.tgz. Extracting by manifest.
2111 silly tarball no local data for @opentelemetry/instrumentation-aws-lambda@https://registry.npmjs.org/@opentelemetry/instrumentation-aws-lambda/-/instrumentation-aws-lambda-0.70.0.tgz. Extracting by manifest.
2112 silly tarball no local data for @opentelemetry/instrumentation@https://registry.npmjs.org/@opentelemetry/instrumentation/-/instrumentation-0.218.0.tgz. Extracting by manifest.
2113 silly tarball no local data for swagger-ui-dist@https://registry.npmjs.org/swagger-ui-dist/-/swagger-ui-dist-5.32.6.tgz. Extracting by manifest.
2114 silly tarball no local data for @microsoft/tsdoc@https://registry.npmjs.org/@microsoft/tsdoc/-/tsdoc-0.16.0.tgz. Extracting by manifest.
2115 silly tarball no local data for @nestjs/mapped-types@https://registry.npmjs.org/@nestjs/mapped-types/-/mapped-types-2.1.1.tgz. Extracting by manifest.
2116 silly tarball no local data for jsonwebtoken@https://registry.npmjs.org/jsonwebtoken/-/jsonwebtoken-9.0.3.tgz. Extracting by manifest.
2117 silly tarball no local data for dotenv-expand@https://registry.npmjs.org/dotenv-expand/-/dotenv-expand-12.0.3.tgz. Extracting by manifest.
2118 silly tarball no local data for dotenv@https://registry.npmjs.org/dotenv/-/dotenv-17.4.1.tgz. Extracting by manifest.
2119 silly tarball no local data for fast-xml-parser@https://registry.npmjs.org/fast-xml-parser/-/fast-xml-parser-5.7.3.tgz. Extracting by manifest.
2120 silly tarball no local data for @nestjs/bull-shared@https://registry.npmjs.org/@nestjs/bull-shared/-/bull-shared-11.0.4.tgz. Extracting by manifest.
2121 silly tarball no local data for @aws-crypto/crc32c@https://registry.npmjs.org/@aws-crypto/crc32c/-/crc32c-5.2.0.tgz. Extracting by manifest.
2122 silly tarball no local data for @aws-crypto/crc32@https://registry.npmjs.org/@aws-crypto/crc32/-/crc32-5.2.0.tgz. Extracting by manifest.
2123 silly tarball no local data for @aws-sdk/checksums@https://registry.npmjs.org/@aws-sdk/checksums/-/checksums-3.1000.1.tgz. Extracting by manifest.
2124 silly tarball no local data for @aws-sdk/token-providers@https://registry.npmjs.org/@aws-sdk/token-providers/-/token-providers-3.1062.0.tgz. Extracting by manifest.
2125 silly tarball no local data for @aws-sdk/nested-clients@https://registry.npmjs.org/@aws-sdk/nested-clients/-/nested-clients-3.997.16.tgz. Extracting by manifest.
2126 silly tarball no local data for @aws-sdk/credential-provider-login@https://registry.npmjs.org/@aws-sdk/credential-provider-login/-/credential-provider-login-3.972.48.tgz. Extracting by manifest.
2127 silly tarball no local data for @smithy/credential-provider-imds@https://registry.npmjs.org/@smithy/credential-provider-imds/-/credential-provider-imds-4.3.8.tgz. Extracting by manifest.
2128 silly tarball no local data for @aws-sdk/credential-provider-sso@https://registry.npmjs.org/@aws-sdk/credential-provider-sso/-/credential-provider-sso-3.972.48.tgz. Extracting by manifest.
2129 silly tarball no local data for @aws-sdk/credential-provider-web-identity@https://registry.npmjs.org/@aws-sdk/credential-provider-web-identity/-/credential-provider-web-identity-3.972.48.tgz. Extracting by manifest.
2130 silly tarball no local data for @aws-sdk/credential-provider-process@https://registry.npmjs.org/@aws-sdk/credential-provider-process/-/credential-provider-process-3.972.43.tgz. Extracting by manifest.
2131 silly tarball no local data for @aws-sdk/credential-provider-ini@https://registry.npmjs.org/@aws-sdk/credential-provider-ini/-/credential-provider-ini-3.972.49.tgz. Extracting by manifest.
2132 silly tarball no local data for @aws-sdk/credential-provider-http@https://registry.npmjs.org/@aws-sdk/credential-provider-http/-/credential-provider-http-3.972.45.tgz. Extracting by manifest.
2133 silly tarball no local data for @aws-sdk/credential-provider-env@https://registry.npmjs.org/@aws-sdk/credential-provider-env/-/credential-provider-env-3.972.43.tgz. Extracting by manifest.
2134 silly tarball no local data for bowser@https://registry.npmjs.org/bowser/-/bowser-2.14.1.tgz. Extracting by manifest.
2135 silly tarball no local data for @smithy/signature-v4@https://registry.npmjs.org/@smithy/signature-v4/-/signature-v4-5.4.6.tgz. Extracting by manifest.
2136 silly tarball no local data for @aws/lambda-invoke-store@https://registry.npmjs.org/@aws/lambda-invoke-store/-/lambda-invoke-store-0.2.4.tgz. Extracting by manifest.
2137 silly tarball no local data for @smithy/util-utf8@https://registry.npmjs.org/@smithy/util-utf8/-/util-utf8-2.3.0.tgz. Extracting by manifest.
2138 silly tarball no local data for @aws-sdk/xml-builder@https://registry.npmjs.org/@aws-sdk/xml-builder/-/xml-builder-3.972.27.tgz. Extracting by manifest.
2139 silly tarball no local data for @aws-sdk/util-locate-window@https://registry.npmjs.org/@aws-sdk/util-locate-window/-/util-locate-window-3.965.5.tgz. Extracting by manifest.
2140 silly tarball no local data for @aws-crypto/util@https://registry.npmjs.org/@aws-crypto/util/-/util-5.2.0.tgz. Extracting by manifest.
2141 silly tarball no local data for @aws-crypto/supports-web-crypto@https://registry.npmjs.org/@aws-crypto/supports-web-crypto/-/supports-web-crypto-5.2.0.tgz. Extracting by manifest.
2142 silly tarball no local data for @smithy/types@https://registry.npmjs.org/@smithy/types/-/types-4.14.3.tgz. Extracting by manifest.
2143 silly tarball no local data for @smithy/node-http-handler@https://registry.npmjs.org/@smithy/node-http-handler/-/node-http-handler-4.7.7.tgz. Extracting by manifest.
2144 silly tarball no local data for @smithy/fetch-http-handler@https://registry.npmjs.org/@smithy/fetch-http-handler/-/fetch-http-handler-5.4.6.tgz. Extracting by manifest.
2145 silly tarball no local data for @smithy/core@https://registry.npmjs.org/@smithy/core/-/core-3.24.6.tgz. Extracting by manifest.
2146 silly tarball no local data for @aws-sdk/types@https://registry.npmjs.org/@aws-sdk/types/-/types-3.973.10.tgz. Extracting by manifest.
2147 silly tarball no local data for @aws-sdk/middleware-sdk-s3@https://registry.npmjs.org/@aws-sdk/middleware-sdk-s3/-/middleware-sdk-s3-3.972.47.tgz. Extracting by manifest.
2148 silly tarball no local data for @aws-sdk/credential-provider-node@https://registry.npmjs.org/@aws-sdk/credential-provider-node/-/credential-provider-node-3.972.51.tgz. Extracting by manifest.
2149 silly tarball no local data for @aws-sdk/signature-v4-multi-region@https://registry.npmjs.org/@aws-sdk/signature-v4-multi-region/-/signature-v4-multi-region-3.996.31.tgz. Extracting by manifest.
2150 silly tarball no local data for @aws-sdk/middleware-flexible-checksums@https://registry.npmjs.org/@aws-sdk/middleware-flexible-checksums/-/middleware-flexible-checksums-3.974.26.tgz. Extracting by manifest.
2151 silly tarball no local data for @aws-sdk/core@https://registry.npmjs.org/@aws-sdk/core/-/core-3.974.17.tgz. Extracting by manifest.
2152 silly tarball no local data for @aws-crypto/sha256-js@https://registry.npmjs.org/@aws-crypto/sha256-js/-/sha256-js-5.2.0.tgz. Extracting by manifest.
2153 silly tarball no local data for @aws-crypto/sha256-browser@https://registry.npmjs.org/@aws-crypto/sha256-browser/-/sha256-browser-5.2.0.tgz. Extracting by manifest.
2154 silly tarball no local data for @aws-crypto/sha1-browser@https://registry.npmjs.org/@aws-crypto/sha1-browser/-/sha1-browser-5.2.0.tgz. Extracting by manifest.
2155 silly tarball no local data for typeorm@https://registry.npmjs.org/typeorm/-/typeorm-1.0.0.tgz. Extracting by manifest.
2156 silly tarball no local data for pg@https://registry.npmjs.org/pg/-/pg-8.21.0.tgz. Extracting by manifest.
2157 silly tarball no local data for passport-jwt@https://registry.npmjs.org/passport-jwt/-/passport-jwt-4.0.1.tgz. Extracting by manifest.
2158 silly tarball no local data for ioredis@https://registry.npmjs.org/ioredis/-/ioredis-5.11.1.tgz. Extracting by manifest.
2159 silly tarball no local data for class-validator@https://registry.npmjs.org/class-validator/-/class-validator-0.15.1.tgz. Extracting by manifest.
2160 silly tarball no local data for class-transformer@https://registry.npmjs.org/class-transformer/-/class-transformer-0.5.1.tgz. Extracting by manifest.
2161 silly tarball no local data for bullmq@https://registry.npmjs.org/bullmq/-/bullmq-5.78.0.tgz. Extracting by manifest.
2162 silly tarball no local data for bcrypt@https://registry.npmjs.org/bcrypt/-/bcrypt-6.0.0.tgz. Extracting by manifest.
2163 silly tarball no local data for @opentelemetry/sdk-node@https://registry.npmjs.org/@opentelemetry/sdk-node/-/sdk-node-0.218.0.tgz. Extracting by manifest.
2164 silly tarball no local data for @opentelemetry/exporter-trace-otlp-grpc@https://registry.npmjs.org/@opentelemetry/exporter-trace-otlp-grpc/-/exporter-trace-otlp-grpc-0.218.0.tgz. Extracting by manifest.
2165 silly tarball no local data for @opentelemetry/core@https://registry.npmjs.org/@opentelemetry/core/-/core-2.7.1.tgz. Extracting by manifest.
2166 silly tarball no local data for @opentelemetry/auto-instrumentations-node@https://registry.npmjs.org/@opentelemetry/auto-instrumentations-node/-/auto-instrumentations-node-0.76.0.tgz. Extracting by manifest.
2167 silly tarball no local data for @opentelemetry/api@https://registry.npmjs.org/@opentelemetry/api/-/api-1.9.1.tgz. Extracting by manifest.
2168 silly tarball no local data for @nestjs/typeorm@https://registry.npmjs.org/@nestjs/typeorm/-/typeorm-11.0.1.tgz. Extracting by manifest.
2169 silly tarball no local data for @nestjs/swagger@https://registry.npmjs.org/@nestjs/swagger/-/swagger-11.4.4.tgz. Extracting by manifest.
2170 silly tarball no local data for passport@https://registry.npmjs.org/passport/-/passport-0.7.0.tgz. Extracting by manifest.
2171 silly tarball no local data for @nestjs/jwt@https://registry.npmjs.org/@nestjs/jwt/-/jwt-11.0.2.tgz. Extracting by manifest.
2172 silly tarball no local data for @nestjs/config@https://registry.npmjs.org/@nestjs/config/-/config-4.0.4.tgz. Extracting by manifest.
2173 silly tarball no local data for @nestjs/bullmq@https://registry.npmjs.org/@nestjs/bullmq/-/bullmq-11.0.4.tgz. Extracting by manifest.
2174 silly tarball no local data for @nestjs/passport@https://registry.npmjs.org/@nestjs/passport/-/passport-11.0.5.tgz. Extracting by manifest.
2175 silly tarball no local data for dotenv@https://registry.npmjs.org/dotenv/-/dotenv-16.6.1.tgz. Extracting by manifest.
2176 silly tarball no local data for emoji-regex@https://registry.npmjs.org/emoji-regex/-/emoji-regex-10.6.0.tgz. Extracting by manifest.
2177 silly tarball no local data for wrap-ansi@https://registry.npmjs.org/wrap-ansi/-/wrap-ansi-9.0.2.tgz. Extracting by manifest.
2178 silly tarball no local data for yargs-parser@https://registry.npmjs.org/yargs-parser/-/yargs-parser-22.0.0.tgz. Extracting by manifest.
2179 silly tarball no local data for string-width@https://registry.npmjs.org/string-width/-/string-width-7.2.0.tgz. Extracting by manifest.
2180 silly tarball no local data for yargs@https://registry.npmjs.org/yargs/-/yargs-18.0.0.tgz. Extracting by manifest.
2181 silly tarball no local data for cliui@https://registry.npmjs.org/cliui/-/cliui-9.0.1.tgz. Extracting by manifest.
2182 silly tarball no local data for @ioredis/commands@https://registry.npmjs.org/@ioredis/commands/-/commands-1.5.1.tgz. Extracting by manifest.
2183 silly tarball no local data for semver@https://registry.npmjs.org/semver/-/semver-7.8.0.tgz. Extracting by manifest.
2184 silly tarball no local data for js-yaml@https://registry.npmjs.org/js-yaml/-/js-yaml-4.1.1.tgz. Extracting by manifest.
2185 silly tarball no local data for ioredis@https://registry.npmjs.org/ioredis/-/ioredis-5.10.1.tgz. Extracting by manifest.
2186 silly tarball no local data for @aws-sdk/client-s3@https://registry.npmjs.org/@aws-sdk/client-s3/-/client-s3-3.1062.0.tgz. Extracting by manifest.
2187 http cache @types/ms@https://registry.npmjs.org/@types/ms/-/ms-2.1.0.tgz 0ms (cache hit)
2188 http cache @types/jsonwebtoken@https://registry.npmjs.org/@types/jsonwebtoken/-/jsonwebtoken-9.0.10.tgz 0ms (cache hit)
2189 http fetch GET 200 https://registry.npmjs.org/lodash.isarguments/-/lodash.isarguments-3.1.0.tgz 125ms (cache miss)
2190 http fetch GET 200 https://registry.npmjs.org/get-east-asian-width/-/get-east-asian-width-1.6.0.tgz 126ms (cache miss)
2191 http fetch GET 200 https://registry.npmjs.org/lodash.defaults/-/lodash.defaults-4.2.0.tgz 125ms (cache miss)
2192 http fetch GET 200 https://registry.npmjs.org/@scarf/scarf/-/scarf-1.4.0.tgz 125ms (cache miss)
2193 http fetch GET 200 https://registry.npmjs.org/@sqltools/formatter/-/formatter-1.2.5.tgz 134ms (cache miss)
2194 warn deprecated glob@10.5.0: Old versions of glob are not supported, and contain widely publicized security vulnerabilities, which have been fixed in the current version. Please update. Support for old versions may be purchased (at exorbitant rates) by contacting i@izs.me
2195 http fetch GET 200 https://registry.npmjs.org/postgres-date/-/postgres-date-1.0.7.tgz 173ms (cache miss)
2196 http fetch GET 200 https://registry.npmjs.org/@protobufjs/float/-/float-1.0.2.tgz 174ms (cache miss)
2197 http fetch GET 200 https://registry.npmjs.org/@protobufjs/base64/-/base64-1.1.2.tgz 174ms (cache miss)
2198 http fetch GET 200 https://registry.npmjs.org/postgres-interval/-/postgres-interval-1.2.0.tgz 173ms (cache miss)
2199 http fetch GET 200 https://registry.npmjs.org/split2/-/split2-4.2.0.tgz 174ms (cache miss)
2200 http fetch GET 200 https://registry.npmjs.org/@protobufjs/aspromise/-/aspromise-1.1.2.tgz 174ms (cache miss)
2201 http fetch GET 200 https://registry.npmjs.org/xtend/-/xtend-4.0.2.tgz 192ms (cache miss)
2202 http fetch GET 200 https://registry.npmjs.org/pg-cloudflare/-/pg-cloudflare-1.4.0.tgz 198ms (cache miss)
2203 http fetch GET 200 https://registry.npmjs.org/postgres-array/-/postgres-array-2.0.0.tgz 204ms (cache miss)
2204 http fetch GET 200 https://registry.npmjs.org/postgres-bytea/-/postgres-bytea-1.0.1.tgz 204ms (cache miss)
2205 http fetch GET 200 https://registry.npmjs.org/pg-int8/-/pg-int8-1.0.1.tgz 204ms (cache miss)
2206 http fetch GET 200 https://registry.npmjs.org/sql-highlight/-/sql-highlight-6.1.0.tgz 207ms (cache miss)
2207 http fetch GET 200 https://registry.npmjs.org/pause/-/pause-0.0.1.tgz 212ms (cache miss)
2208 http fetch GET 200 https://registry.npmjs.org/@protobufjs/eventemitter/-/eventemitter-1.1.1.tgz 214ms (cache miss)
2209 http fetch GET 200 https://registry.npmjs.org/@protobufjs/fetch/-/fetch-1.1.1.tgz 213ms (cache miss)
2210 http fetch GET 200 https://registry.npmjs.org/@protobufjs/inquire/-/inquire-1.1.2.tgz 215ms (cache miss)
2211 http fetch GET 200 https://registry.npmjs.org/@protobufjs/utf8/-/utf8-1.1.1.tgz 216ms (cache miss)
2212 http fetch GET 200 https://registry.npmjs.org/@protobufjs/pool/-/pool-1.1.0.tgz 224ms (cache miss)
2213 http fetch GET 200 https://registry.npmjs.org/pg-connection-string/-/pg-connection-string-2.13.0.tgz 221ms (cache miss)
2214 http fetch GET 200 https://registry.npmjs.org/dayjs/-/dayjs-1.11.21.tgz 226ms (cache miss)
2215 http fetch POST 200 https://registry.npmjs.org/-/npm/v1/security/advisories/bulk 270ms
2216 silly audit report {}
2217 http fetch GET 200 https://registry.npmjs.org/@protobufjs/path/-/path-1.1.2.tgz 232ms (cache miss)
2218 http fetch GET 200 https://registry.npmjs.org/pg-pool/-/pg-pool-3.14.0.tgz 229ms (cache miss)
2219 http fetch GET 200 https://registry.npmjs.org/@protobufjs/codegen/-/codegen-2.0.5.tgz 231ms (cache miss)
2220 http fetch GET 200 https://registry.npmjs.org/formdata-polyfill/-/formdata-polyfill-4.0.10.tgz 240ms (cache miss)
2221 http fetch GET 200 https://registry.npmjs.org/passport-strategy/-/passport-strategy-1.0.0.tgz 240ms (cache miss)
2222 http fetch GET 200 https://registry.npmjs.org/node-domexception/-/node-domexception-1.0.0.tgz 240ms (cache miss)
2223 warn deprecated node-domexception@1.0.0: Use your platform's native DOMException instead
2224 http fetch GET 200 https://registry.npmjs.org/data-uri-to-buffer/-/data-uri-to-buffer-4.0.1.tgz 245ms (cache miss)
2225 http fetch GET 200 https://registry.npmjs.org/pgpass/-/pgpass-1.0.5.tgz 245ms (cache miss)
2226 http fetch GET 200 https://registry.npmjs.org/utils-merge/-/utils-merge-1.0.1.tgz 246ms (cache miss)
2227 http fetch GET 200 https://registry.npmjs.org/detect-libc/-/detect-libc-2.1.2.tgz 245ms (cache miss)
2228 http fetch GET 200 https://registry.npmjs.org/fetch-blob/-/fetch-blob-3.2.0.tgz 277ms (cache miss)
2229 http fetch GET 200 https://registry.npmjs.org/msgpackr-extract/-/msgpackr-extract-3.0.4.tgz 277ms (cache miss)
2230 http fetch GET 200 https://registry.npmjs.org/buffer-equal-constant-time/-/buffer-equal-constant-time-1.0.1.tgz 277ms (cache miss)
2231 http fetch GET 200 https://registry.npmjs.org/lodash.isstring/-/lodash.isstring-4.0.1.tgz 276ms (cache miss)
2232 http fetch GET 200 https://registry.npmjs.org/jwa/-/jwa-2.0.1.tgz 275ms (cache miss)
2233 http fetch GET 200 https://registry.npmjs.org/node-gyp-build-optional-packages/-/node-gyp-build-optional-packages-5.2.2.tgz 277ms (cache miss)
2234 http fetch GET 200 https://registry.npmjs.org/lodash.once/-/lodash.once-4.1.1.tgz 277ms (cache miss)
2235 http fetch GET 200 https://registry.npmjs.org/ecdsa-sig-formatter/-/ecdsa-sig-formatter-1.0.11.tgz 277ms (cache miss)
2236 http fetch GET 200 https://registry.npmjs.org/lodash.isboolean/-/lodash.isboolean-3.0.3.tgz 277ms (cache miss)
2237 http fetch GET 200 https://registry.npmjs.org/lodash.isnumber/-/lodash.isnumber-3.0.3.tgz 277ms (cache miss)
2238 http fetch GET 200 https://registry.npmjs.org/jws/-/jws-4.0.1.tgz 278ms (cache miss)
2239 http fetch GET 200 https://registry.npmjs.org/lodash.isinteger/-/lodash.isinteger-4.0.4.tgz 280ms (cache miss)
2240 http fetch GET 200 https://registry.npmjs.org/standard-as-callback/-/standard-as-callback-2.1.0.tgz 305ms (cache miss)
2241 http fetch GET 200 https://registry.npmjs.org/redis-parser/-/redis-parser-3.0.0.tgz 305ms (cache miss)
2242 http fetch GET 200 https://registry.npmjs.org/lodash.includes/-/lodash.includes-4.3.0.tgz 306ms (cache miss)
2243 http fetch GET 200 https://registry.npmjs.org/bignumber.js/-/bignumber.js-9.3.1.tgz 318ms (cache miss)
2244 http fetch GET 200 https://registry.npmjs.org/cluster-key-slot/-/cluster-key-slot-1.1.1.tgz 322ms (cache miss)
2245 http fetch GET 200 https://registry.npmjs.org/redis-errors/-/redis-errors-1.2.0.tgz 327ms (cache miss)
2246 http fetch GET 200 https://registry.npmjs.org/module-details-from-path/-/module-details-from-path-1.0.4.tgz 327ms (cache miss)
2247 http fetch GET 200 https://registry.npmjs.org/denque/-/denque-2.1.0.tgz 332ms (cache miss)
2248 http fetch GET 200 https://registry.npmjs.org/node-fetch/-/node-fetch-3.3.2.tgz 332ms (cache miss)
2249 http fetch GET 200 https://registry.npmjs.org/https-proxy-agent/-/https-proxy-agent-7.0.6.tgz 339ms (cache miss)
2250 http fetch GET 200 https://registry.npmjs.org/@ioredis/commands/-/commands-1.10.0.tgz 344ms (cache miss)
2251 http fetch GET 200 https://registry.npmjs.org/acorn-import-attributes/-/acorn-import-attributes-1.9.5.tgz 344ms (cache miss)
2252 http fetch GET 200 https://registry.npmjs.org/web-streams-polyfill/-/web-streams-polyfill-3.3.3.tgz 350ms (cache miss)
2253 http fetch GET 200 https://registry.npmjs.org/agent-base/-/agent-base-7.1.4.tgz 370ms (cache miss)
2254 http fetch GET 200 https://registry.npmjs.org/extend/-/extend-3.0.2.tgz 370ms (cache miss)
2255 http fetch GET 200 https://registry.npmjs.org/lodash.isplainobject/-/lodash.isplainobject-4.0.6.tgz 372ms (cache miss)
2256 http fetch GET 200 https://registry.npmjs.org/xml-naming/-/xml-naming-0.1.0.tgz 369ms (cache miss)
2257 http fetch GET 200 https://registry.npmjs.org/strnum/-/strnum-2.3.0.tgz 370ms (cache miss)
2258 http fetch GET 200 https://registry.npmjs.org/json-bigint/-/json-bigint-1.0.0.tgz 402ms (cache miss)
2259 http fetch GET 200 https://registry.npmjs.org/path-expression-matcher/-/path-expression-matcher-1.5.0.tgz 407ms (cache miss)
2260 http fetch GET 200 https://registry.npmjs.org/google-logging-utils/-/google-logging-utils-1.1.3.tgz 409ms (cache miss)
2261 http fetch GET 200 https://registry.npmjs.org/fast-xml-builder/-/fast-xml-builder-1.2.0.tgz 435ms (cache miss)
2262 http fetch GET 200 https://registry.npmjs.org/node-gyp-build/-/node-gyp-build-4.8.4.tgz 465ms (cache miss)
2263 http fetch GET 200 https://registry.npmjs.org/cron-parser/-/cron-parser-4.9.0.tgz 473ms (cache miss)
2264 http fetch GET 200 https://registry.npmjs.org/luxon/-/luxon-3.7.2.tgz 476ms (cache miss)
2265 http fetch GET 200 https://registry.npmjs.org/node-addon-api/-/node-addon-api-8.8.0.tgz 481ms (cache miss)
2266 http fetch GET 200 https://registry.npmjs.org/@smithy/is-array-buffer/-/is-array-buffer-2.2.0.tgz 481ms (cache miss)
2267 http fetch GET 200 https://registry.npmjs.org/@nodable/entities/-/entities-2.1.1.tgz 486ms (cache miss)
2268 http fetch GET 200 https://registry.npmjs.org/@msgpackr-extract/msgpackr-extract-darwin-arm64/-/msgpackr-extract-darwin-arm64-3.0.4.tgz 498ms (cache miss)
2269 http fetch GET 200 https://registry.npmjs.org/rimraf/-/rimraf-5.0.10.tgz 498ms (cache miss)
2270 http fetch GET 200 https://registry.npmjs.org/pg-protocol/-/pg-protocol-1.14.0.tgz 501ms (cache miss)
2271 http fetch GET 200 https://registry.npmjs.org/@smithy/util-buffer-from/-/util-buffer-from-2.2.0.tgz 503ms (cache miss)
2272 http fetch GET 200 https://registry.npmjs.org/gaxios/-/gaxios-7.1.3.tgz 508ms (cache miss)
2273 http fetch GET 200 https://registry.npmjs.org/msgpackr/-/msgpackr-2.0.2.tgz 508ms (cache miss)
2274 http fetch GET 200 https://registry.npmjs.org/@types/validator/-/validator-13.15.10.tgz 511ms (cache miss)
2275 http fetch GET 200 https://registry.npmjs.org/pg-types/-/pg-types-2.2.0.tgz 514ms (cache miss)
2276 http fetch GET 200 https://registry.npmjs.org/validator/-/validator-13.15.35.tgz 528ms (cache miss)
2277 http fetch GET 200 https://registry.npmjs.org/yaml/-/yaml-2.9.0.tgz 570ms (cache miss)
2278 http fetch GET 200 https://registry.npmjs.org/@types/tedious/-/tedious-4.0.14.tgz 633ms (cache miss)
2279 http fetch GET 200 https://registry.npmjs.org/@opentelemetry/configuration/-/configuration-0.218.0.tgz 706ms (cache miss)
2280 http fetch GET 200 https://registry.npmjs.org/@opentelemetry/propagator-b3/-/propagator-b3-2.7.1.tgz 734ms (cache miss)
2281 http fetch GET 200 https://registry.npmjs.org/libphonenumber-js/-/libphonenumber-js-1.13.5.tgz 737ms (cache miss)
2282 http fetch GET 200 https://registry.npmjs.org/@opentelemetry/exporter-trace-otlp-proto/-/exporter-trace-otlp-proto-0.218.0.tgz 742ms (cache miss)
2283 http fetch GET 200 https://registry.npmjs.org/gcp-metadata/-/gcp-metadata-8.1.3.tgz 743ms (cache miss)
2284 http fetch GET 200 https://registry.npmjs.org/@opentelemetry/exporter-metrics-otlp-grpc/-/exporter-metrics-otlp-grpc-0.218.0.tgz 749ms (cache miss)
2285 http fetch GET 200 https://registry.npmjs.org/@opentelemetry/sdk-metrics/-/sdk-metrics-2.7.1.tgz 759ms (cache miss)
2286 http fetch GET 200 https://registry.npmjs.org/@opentelemetry/exporter-zipkin/-/exporter-zipkin-2.7.1.tgz 767ms (cache miss)
2287 http fetch GET 200 https://registry.npmjs.org/@opentelemetry/exporter-logs-otlp-proto/-/exporter-logs-otlp-proto-0.218.0.tgz 766ms (cache miss)
2288 http fetch GET 200 https://registry.npmjs.org/@types/pg-pool/-/pg-pool-2.0.7.tgz 765ms (cache miss)
2289 http fetch GET 200 https://registry.npmjs.org/@types/pg/-/pg-8.15.6.tgz 772ms (cache miss)
2290 http fetch GET 200 https://registry.npmjs.org/@types/memcached/-/memcached-2.2.10.tgz 781ms (cache miss)
2291 http fetch GET 200 https://registry.npmjs.org/@types/mysql/-/mysql-2.15.27.tgz 893ms (cache miss)
2292 http fetch GET 200 https://registry.npmjs.org/forwarded-parse/-/forwarded-parse-2.1.2.tgz 909ms (cache miss)
2293 http fetch GET 200 https://registry.npmjs.org/@opentelemetry/exporter-logs-otlp-http/-/exporter-logs-otlp-http-0.218.0.tgz 911ms (cache miss)
2294 http fetch GET 200 https://registry.npmjs.org/@opentelemetry/sql-common/-/sql-common-0.41.2.tgz 922ms (cache miss)
2295 http fetch GET 200 https://registry.npmjs.org/require-in-the-middle/-/require-in-the-middle-8.0.1.tgz 921ms (cache miss)
2296 http fetch GET 200 https://registry.npmjs.org/@opentelemetry/redis-common/-/redis-common-0.38.3.tgz 925ms (cache miss)
2297 http fetch GET 200 https://registry.npmjs.org/@types/bunyan/-/bunyan-1.8.11.tgz 925ms (cache miss)
2298 http fetch GET 200 https://registry.npmjs.org/lodash.camelcase/-/lodash.camelcase-4.3.0.tgz 929ms (cache miss)
2299 http fetch GET 200 https://registry.npmjs.org/import-in-the-middle/-/import-in-the-middle-3.0.1.tgz 931ms (cache miss)
2300 http fetch GET 200 https://registry.npmjs.org/@opentelemetry/sdk-trace-node/-/sdk-trace-node-2.7.1.tgz 938ms (cache miss)
2301 http fetch GET 200 https://registry.npmjs.org/@opentelemetry/exporter-prometheus/-/exporter-prometheus-0.218.0.tgz 940ms (cache miss)
2302 http fetch GET 200 https://registry.npmjs.org/@opentelemetry/propagator-jaeger/-/propagator-jaeger-2.7.1.tgz 947ms (cache miss)
2303 http fetch GET 200 https://registry.npmjs.org/long/-/long-5.3.2.tgz 944ms (cache miss)
2304 http fetch GET 200 https://registry.npmjs.org/@opentelemetry/exporter-logs-otlp-grpc/-/exporter-logs-otlp-grpc-0.218.0.tgz 976ms (cache miss)
2305 http fetch GET 200 https://registry.npmjs.org/@grpc/proto-loader/-/proto-loader-0.8.1.tgz 973ms (cache miss)
2306 http fetch GET 200 https://registry.npmjs.org/@opentelemetry/exporter-metrics-otlp-proto/-/exporter-metrics-otlp-proto-0.218.0.tgz 987ms (cache miss)
2307 http fetch GET 200 https://registry.npmjs.org/@js-sdsl/ordered-map/-/ordered-map-4.4.2.tgz 987ms (cache miss)
2308 http fetch GET 200 https://registry.npmjs.org/protobufjs/-/protobufjs-7.6.2.tgz 993ms (cache miss)
2309 http fetch GET 200 https://registry.npmjs.org/@opentelemetry/api-logs/-/api-logs-0.218.0.tgz 1003ms (cache miss)
2310 http fetch GET 200 https://registry.npmjs.org/@opentelemetry/context-async-hooks/-/context-async-hooks-2.7.1.tgz 1033ms (cache miss)
2311 http fetch GET 200 https://registry.npmjs.org/@types/oracledb/-/oracledb-6.5.2.tgz 1038ms (cache miss)
2312 http fetch GET 200 https://registry.npmjs.org/@opentelemetry/exporter-trace-otlp-http/-/exporter-trace-otlp-http-0.218.0.tgz 1047ms (cache miss)
2313 http fetch GET 200 https://registry.npmjs.org/@opentelemetry/exporter-metrics-otlp-http/-/exporter-metrics-otlp-http-0.218.0.tgz 1067ms (cache miss)
2314 http fetch GET 200 https://registry.npmjs.org/@opentelemetry/sdk-logs/-/sdk-logs-0.218.0.tgz 1073ms (cache miss)
2315 http fetch GET 200 https://registry.npmjs.org/@opentelemetry/instrumentation-undici/-/instrumentation-undici-0.28.0.tgz 1073ms (cache miss)
2316 http fetch GET 200 https://registry.npmjs.org/@types/aws-lambda/-/aws-lambda-8.10.161.tgz 1109ms (cache miss)
2317 http fetch GET 200 https://registry.npmjs.org/@opentelemetry/resources/-/resources-2.7.1.tgz 1117ms (cache miss)
2318 http fetch GET 200 https://registry.npmjs.org/@opentelemetry/otlp-grpc-exporter-base/-/otlp-grpc-exporter-base-0.218.0.tgz 1195ms (cache miss)
2319 http fetch GET 200 https://registry.npmjs.org/@opentelemetry/instrumentation-winston/-/instrumentation-winston-0.62.0.tgz 1306ms (cache miss)
2320 http fetch GET 200 https://registry.npmjs.org/@opentelemetry/resource-detector-alibaba-cloud/-/resource-detector-alibaba-cloud-0.33.8.tgz 1307ms (cache miss)
2321 http fetch GET 200 https://registry.npmjs.org/@opentelemetry/instrumentation-tedious/-/instrumentation-tedious-0.37.0.tgz 1307ms (cache miss)
2322 http fetch GET 200 https://registry.npmjs.org/@opentelemetry/resource-detector-gcp/-/resource-detector-gcp-0.53.0.tgz 1322ms (cache miss)
2323 http fetch GET 200 https://registry.npmjs.org/@opentelemetry/resource-detector-azure/-/resource-detector-azure-0.26.0.tgz 1330ms (cache miss)
2324 http fetch GET 200 https://registry.npmjs.org/@opentelemetry/resource-detector-aws/-/resource-detector-aws-2.18.0.tgz 1331ms (cache miss)
2325 http fetch GET 200 https://registry.npmjs.org/@opentelemetry/otlp-exporter-base/-/otlp-exporter-base-0.218.0.tgz 1345ms (cache miss)
2326 http fetch GET 200 https://registry.npmjs.org/@opentelemetry/sdk-trace-base/-/sdk-trace-base-2.7.1.tgz 1360ms (cache miss)
2327 http fetch GET 200 https://registry.npmjs.org/@opentelemetry/instrumentation-runtime-node/-/instrumentation-runtime-node-0.31.0.tgz 1359ms (cache miss)
2328 http fetch GET 200 https://registry.npmjs.org/@opentelemetry/semantic-conventions/-/semantic-conventions-1.41.1.tgz 1380ms (cache miss)
2329 http fetch GET 200 https://registry.npmjs.org/@opentelemetry/instrumentation-socket.io/-/instrumentation-socket.io-0.65.0.tgz 1385ms (cache miss)
2330 http fetch GET 200 https://registry.npmjs.org/@opentelemetry/otlp-transformer/-/otlp-transformer-0.218.0.tgz 1409ms (cache miss)
2331 http fetch GET 200 https://registry.npmjs.org/@opentelemetry/resource-detector-container/-/resource-detector-container-0.8.9.tgz 1411ms (cache miss)
2332 http fetch GET 200 https://registry.npmjs.org/@opentelemetry/instrumentation-restify/-/instrumentation-restify-0.63.0.tgz 1439ms (cache miss)
2333 http fetch GET 200 https://registry.npmjs.org/@opentelemetry/instrumentation-router/-/instrumentation-router-0.62.0.tgz 1446ms (cache miss)
2334 http fetch GET 200 https://registry.npmjs.org/@opentelemetry/instrumentation-pg/-/instrumentation-pg-0.70.0.tgz 1480ms (cache miss)
2335 http fetch GET 200 https://registry.npmjs.org/@opentelemetry/instrumentation-knex/-/instrumentation-knex-0.62.0.tgz 1479ms (cache miss)
2336 http fetch GET 200 https://registry.npmjs.org/@grpc/grpc-js/-/grpc-js-1.14.4.tgz 1496ms (cache miss)
2337 http fetch GET 200 https://registry.npmjs.org/@opentelemetry/instrumentation-pino/-/instrumentation-pino-0.64.0.tgz 1552ms (cache miss)
2338 http fetch GET 200 https://registry.npmjs.org/@opentelemetry/instrumentation-openai/-/instrumentation-openai-0.16.0.tgz 1558ms (cache miss)
2339 http fetch GET 200 https://registry.npmjs.org/@opentelemetry/instrumentation-nestjs-core/-/instrumentation-nestjs-core-0.64.0.tgz 1559ms (cache miss)
2340 http fetch GET 200 https://registry.npmjs.org/@opentelemetry/instrumentation-mysql/-/instrumentation-mysql-0.64.0.tgz 1559ms (cache miss)
2341 http fetch GET 200 https://registry.npmjs.org/@opentelemetry/instrumentation-mongoose/-/instrumentation-mongoose-0.64.0.tgz 1583ms (cache miss)
2342 http fetch GET 200 https://registry.npmjs.org/@opentelemetry/instrumentation-mysql2/-/instrumentation-mysql2-0.64.0.tgz 1583ms (cache miss)
2343 http fetch GET 200 https://registry.npmjs.org/@opentelemetry/instrumentation-mongodb/-/instrumentation-mongodb-0.71.0.tgz 1588ms (cache miss)
2344 http fetch GET 200 https://registry.npmjs.org/@opentelemetry/instrumentation-memcached/-/instrumentation-memcached-0.61.0.tgz 1611ms (cache miss)
2345 http fetch GET 200 https://registry.npmjs.org/@opentelemetry/instrumentation-express/-/instrumentation-express-0.66.0.tgz 1635ms (cache miss)
2346 http fetch GET 200 https://registry.npmjs.org/@opentelemetry/instrumentation-dataloader/-/instrumentation-dataloader-0.35.0.tgz 1659ms (cache miss)
2347 http fetch GET 200 https://registry.npmjs.org/@opentelemetry/instrumentation-koa/-/instrumentation-koa-0.66.0.tgz 1686ms (cache miss)
2348 http fetch GET 200 https://registry.npmjs.org/@opentelemetry/instrumentation-oracledb/-/instrumentation-oracledb-0.43.0.tgz 1688ms (cache miss)
2349 http fetch GET 200 https://registry.npmjs.org/@opentelemetry/instrumentation-kafkajs/-/instrumentation-kafkajs-0.27.0.tgz 1693ms (cache miss)
2350 http fetch GET 200 https://registry.npmjs.org/@opentelemetry/instrumentation-ioredis/-/instrumentation-ioredis-0.66.0.tgz 1766ms (cache miss)
2351 http fetch GET 200 https://registry.npmjs.org/@opentelemetry/instrumentation-net/-/instrumentation-net-0.62.0.tgz 1794ms (cache miss)
2352 http fetch GET 200 https://registry.npmjs.org/@opentelemetry/instrumentation-hapi/-/instrumentation-hapi-0.64.0.tgz 1803ms (cache miss)
2353 http fetch GET 200 https://registry.npmjs.org/@opentelemetry/instrumentation-grpc/-/instrumentation-grpc-0.218.0.tgz 1812ms (cache miss)
2354 http fetch GET 200 https://registry.npmjs.org/@opentelemetry/instrumentation-lru-memoizer/-/instrumentation-lru-memoizer-0.62.0.tgz 1815ms (cache miss)
2355 http fetch GET 200 https://registry.npmjs.org/@opentelemetry/instrumentation-generic-pool/-/instrumentation-generic-pool-0.61.0.tgz 1824ms (cache miss)
2356 http fetch GET 200 https://registry.npmjs.org/@opentelemetry/instrumentation-graphql/-/instrumentation-graphql-0.66.0.tgz 1826ms (cache miss)
2357 http fetch GET 200 https://registry.npmjs.org/@opentelemetry/instrumentation-fs/-/instrumentation-fs-0.37.0.tgz 1834ms (cache miss)
2358 http fetch GET 200 https://registry.npmjs.org/@opentelemetry/instrumentation-dns/-/instrumentation-dns-0.61.0.tgz 1855ms (cache miss)
2359 http fetch GET 200 https://registry.npmjs.org/jsonwebtoken/-/jsonwebtoken-9.0.3.tgz 1881ms (cache miss)
2360 http fetch GET 200 https://registry.npmjs.org/dotenv-expand/-/dotenv-expand-12.0.3.tgz 1889ms (cache miss)
2361 http fetch GET 200 https://registry.npmjs.org/@opentelemetry/instrumentation-redis/-/instrumentation-redis-0.66.0.tgz 1903ms (cache miss)
2362 http fetch GET 200 https://registry.npmjs.org/dotenv/-/dotenv-17.4.1.tgz 1934ms (cache miss)
2363 http fetch GET 200 https://registry.npmjs.org/@opentelemetry/instrumentation-connect/-/instrumentation-connect-0.61.0.tgz 1961ms (cache miss)
2364 http fetch GET 200 https://registry.npmjs.org/@opentelemetry/instrumentation-cucumber/-/instrumentation-cucumber-0.34.0.tgz 1994ms (cache miss)
2365 http fetch GET 200 https://registry.npmjs.org/@opentelemetry/instrumentation-cassandra-driver/-/instrumentation-cassandra-driver-0.63.0.tgz 2004ms (cache miss)
2366 http fetch GET 200 https://registry.npmjs.org/@opentelemetry/instrumentation-http/-/instrumentation-http-0.218.0.tgz 2010ms (cache miss)
2367 http fetch GET 200 https://registry.npmjs.org/fast-xml-parser/-/fast-xml-parser-5.7.3.tgz 2008ms (cache miss)
2368 http fetch GET 200 https://registry.npmjs.org/@aws-crypto/crc32/-/crc32-5.2.0.tgz 2041ms (cache miss)
2369 http fetch GET 200 https://registry.npmjs.org/swagger-ui-dist/-/swagger-ui-dist-5.32.6.tgz 2046ms (cache miss)
2370 http fetch GET 200 https://registry.npmjs.org/@aws-sdk/token-providers/-/token-providers-3.1062.0.tgz 2054ms (cache miss)
2371 http fetch GET 200 https://registry.npmjs.org/@opentelemetry/instrumentation-amqplib/-/instrumentation-amqplib-0.65.0.tgz 2056ms (cache miss)
2372 http fetch GET 200 https://registry.npmjs.org/@aws-sdk/checksums/-/checksums-3.1000.1.tgz 2064ms (cache miss)
2373 http fetch GET 200 https://registry.npmjs.org/@opentelemetry/instrumentation-aws-lambda/-/instrumentation-aws-lambda-0.70.0.tgz 2067ms (cache miss)
2374 http fetch GET 200 https://registry.npmjs.org/@aws-sdk/credential-provider-sso/-/credential-provider-sso-3.972.48.tgz 2093ms (cache miss)
2375 http fetch GET 200 https://registry.npmjs.org/@nestjs/mapped-types/-/mapped-types-2.1.1.tgz 2095ms (cache miss)
2376 http fetch GET 200 https://registry.npmjs.org/@aws-sdk/credential-provider-web-identity/-/credential-provider-web-identity-3.972.48.tgz 2095ms (cache miss)
2377 http fetch GET 200 https://registry.npmjs.org/@aws-sdk/credential-provider-process/-/credential-provider-process-3.972.43.tgz 2106ms (cache miss)
2378 http fetch GET 200 https://registry.npmjs.org/@smithy/credential-provider-imds/-/credential-provider-imds-4.3.8.tgz 2113ms (cache miss)
2379 http fetch GET 200 https://registry.npmjs.org/bowser/-/bowser-2.14.1.tgz 2125ms (cache miss)
2380 http fetch GET 200 https://registry.npmjs.org/@aws-sdk/credential-provider-env/-/credential-provider-env-3.972.43.tgz 2126ms (cache miss)
2381 http fetch GET 200 https://registry.npmjs.org/@smithy/signature-v4/-/signature-v4-5.4.6.tgz 2158ms (cache miss)
2382 http fetch GET 200 https://registry.npmjs.org/@aws/lambda-invoke-store/-/lambda-invoke-store-0.2.4.tgz 2160ms (cache miss)
2383 http fetch GET 200 https://registry.npmjs.org/@aws-sdk/xml-builder/-/xml-builder-3.972.27.tgz 2162ms (cache miss)
2384 http fetch GET 200 https://registry.npmjs.org/@smithy/util-utf8/-/util-utf8-2.3.0.tgz 2163ms (cache miss)
2385 http fetch GET 200 https://registry.npmjs.org/@aws-crypto/supports-web-crypto/-/supports-web-crypto-5.2.0.tgz 2187ms (cache miss)
2386 http fetch GET 200 https://registry.npmjs.org/@aws-crypto/util/-/util-5.2.0.tgz 2187ms (cache miss)
2387 http fetch GET 200 https://registry.npmjs.org/@aws-sdk/util-locate-window/-/util-locate-window-3.965.5.tgz 2187ms (cache miss)
2388 http fetch GET 200 https://registry.npmjs.org/@smithy/fetch-http-handler/-/fetch-http-handler-5.4.6.tgz 2196ms (cache miss)
2389 http fetch GET 200 https://registry.npmjs.org/@aws-crypto/crc32c/-/crc32c-5.2.0.tgz 2200ms (cache miss)
2390 http fetch GET 200 https://registry.npmjs.org/@opentelemetry/instrumentation-bunyan/-/instrumentation-bunyan-0.63.0.tgz 2213ms (cache miss)
2391 http fetch GET 200 https://registry.npmjs.org/@smithy/node-http-handler/-/node-http-handler-4.7.7.tgz 2213ms (cache miss)
2392 http fetch GET 200 https://registry.npmjs.org/@opentelemetry/instrumentation-aws-sdk/-/instrumentation-aws-sdk-0.73.0.tgz 2222ms (cache miss)
2393 http fetch GET 200 https://registry.npmjs.org/@opentelemetry/instrumentation/-/instrumentation-0.218.0.tgz 2222ms (cache miss)
2394 http fetch GET 200 https://registry.npmjs.org/@aws-sdk/signature-v4-multi-region/-/signature-v4-multi-region-3.996.31.tgz 2235ms (cache miss)
2395 http fetch GET 200 https://registry.npmjs.org/@smithy/types/-/types-4.14.3.tgz 2240ms (cache miss)
2396 http fetch GET 200 https://registry.npmjs.org/@aws-sdk/credential-provider-login/-/credential-provider-login-3.972.48.tgz 2253ms (cache miss)
2397 http fetch GET 200 https://registry.npmjs.org/@aws-crypto/sha256-browser/-/sha256-browser-5.2.0.tgz 2256ms (cache miss)
2398 http fetch GET 200 https://registry.npmjs.org/@aws-crypto/sha1-browser/-/sha1-browser-5.2.0.tgz 2264ms (cache miss)
2399 http fetch GET 200 https://registry.npmjs.org/@aws-crypto/sha256-js/-/sha256-js-5.2.0.tgz 2266ms (cache miss)
2400 http fetch GET 200 https://registry.npmjs.org/@microsoft/tsdoc/-/tsdoc-0.16.0.tgz 2281ms (cache miss)
2401 http fetch GET 200 https://registry.npmjs.org/pg/-/pg-8.21.0.tgz 2303ms (cache miss)
2402 http fetch GET 200 https://registry.npmjs.org/passport-jwt/-/passport-jwt-4.0.1.tgz 2306ms (cache miss)
2403 http fetch GET 200 https://registry.npmjs.org/@aws-sdk/credential-provider-ini/-/credential-provider-ini-3.972.49.tgz 2318ms (cache miss)
2404 http fetch GET 200 https://registry.npmjs.org/@aws-sdk/credential-provider-http/-/credential-provider-http-3.972.45.tgz 2345ms (cache miss)
2405 http fetch GET 200 https://registry.npmjs.org/bcrypt/-/bcrypt-6.0.0.tgz 2355ms (cache miss)
2406 http fetch GET 200 https://registry.npmjs.org/ioredis/-/ioredis-5.11.1.tgz 2357ms (cache miss)
2407 http fetch GET 200 https://registry.npmjs.org/@nestjs/bull-shared/-/bull-shared-11.0.4.tgz 2372ms (cache miss)
2408 http fetch GET 200 https://registry.npmjs.org/@nestjs/typeorm/-/typeorm-11.0.1.tgz 2407ms (cache miss)
2409 http fetch GET 200 https://registry.npmjs.org/passport/-/passport-0.7.0.tgz 2415ms (cache miss)
2410 http fetch GET 200 https://registry.npmjs.org/dotenv/-/dotenv-16.6.1.tgz 2444ms (cache miss)
2411 http fetch GET 200 https://registry.npmjs.org/@aws-sdk/credential-provider-node/-/credential-provider-node-3.972.51.tgz 2458ms (cache miss)
2412 http fetch GET 200 https://registry.npmjs.org/emoji-regex/-/emoji-regex-10.6.0.tgz 2456ms (cache miss)
2413 http fetch GET 200 https://registry.npmjs.org/@aws-sdk/middleware-flexible-checksums/-/middleware-flexible-checksums-3.974.26.tgz 2462ms (cache miss)
2414 http fetch GET 200 https://registry.npmjs.org/wrap-ansi/-/wrap-ansi-9.0.2.tgz 2470ms (cache miss)
2415 http fetch GET 200 https://registry.npmjs.org/yargs-parser/-/yargs-parser-22.0.0.tgz 2473ms (cache miss)
2416 http fetch GET 200 https://registry.npmjs.org/string-width/-/string-width-7.2.0.tgz 2491ms (cache miss)
2417 http fetch GET 200 https://registry.npmjs.org/cliui/-/cliui-9.0.1.tgz 2492ms (cache miss)
2418 http fetch GET 200 https://registry.npmjs.org/@nestjs/config/-/config-4.0.4.tgz 2497ms (cache miss)
2419 http fetch GET 200 https://registry.npmjs.org/@ioredis/commands/-/commands-1.5.1.tgz 2507ms (cache miss)
2420 http fetch GET 200 https://registry.npmjs.org/class-transformer/-/class-transformer-0.5.1.tgz 2525ms (cache miss)
2421 http fetch GET 200 https://registry.npmjs.org/js-yaml/-/js-yaml-4.1.1.tgz 2536ms (cache miss)
2422 http fetch GET 200 https://registry.npmjs.org/yargs/-/yargs-18.0.0.tgz 2538ms (cache miss)
2423 http fetch GET 200 https://registry.npmjs.org/semver/-/semver-7.8.0.tgz 2540ms (cache miss)
2424 http fetch GET 200 https://registry.npmjs.org/ioredis/-/ioredis-5.10.1.tgz 2591ms (cache miss)
2425 http fetch GET 200 https://registry.npmjs.org/@opentelemetry/exporter-trace-otlp-grpc/-/exporter-trace-otlp-grpc-0.218.0.tgz 2606ms (cache miss)
2426 http fetch GET 200 https://registry.npmjs.org/@aws-sdk/types/-/types-3.973.10.tgz 2616ms (cache miss)
2427 http fetch GET 200 https://registry.npmjs.org/@nestjs/jwt/-/jwt-11.0.2.tgz 2622ms (cache miss)
2428 http fetch GET 200 https://registry.npmjs.org/@opentelemetry/sdk-node/-/sdk-node-0.218.0.tgz 2625ms (cache miss)
2429 http fetch GET 200 https://registry.npmjs.org/@aws-sdk/middleware-sdk-s3/-/middleware-sdk-s3-3.972.47.tgz 2686ms (cache miss)
2430 http fetch GET 200 https://registry.npmjs.org/@nestjs/passport/-/passport-11.0.5.tgz 2692ms (cache miss)
2431 http fetch GET 200 https://registry.npmjs.org/@aws-sdk/nested-clients/-/nested-clients-3.997.16.tgz 2723ms (cache miss)
2432 http fetch GET 200 https://registry.npmjs.org/@aws-sdk/core/-/core-3.974.17.tgz 2726ms (cache miss)
2433 http fetch GET 200 https://registry.npmjs.org/@opentelemetry/core/-/core-2.7.1.tgz 2746ms (cache miss)
2434 http fetch GET 200 https://registry.npmjs.org/@opentelemetry/auto-instrumentations-node/-/auto-instrumentations-node-0.76.0.tgz 2763ms (cache miss)
2435 http fetch GET 200 https://registry.npmjs.org/@nestjs/bullmq/-/bullmq-11.0.4.tgz 2915ms (cache miss)
2436 http fetch GET 200 https://registry.npmjs.org/@nestjs/swagger/-/swagger-11.4.4.tgz 2951ms (cache miss)
2437 http fetch GET 200 https://registry.npmjs.org/@opentelemetry/api/-/api-1.9.1.tgz 2970ms (cache miss)
2438 http fetch GET 200 https://registry.npmjs.org/bullmq/-/bullmq-5.78.0.tgz 2996ms (cache miss)
2439 http fetch GET 200 https://registry.npmjs.org/@aws-sdk/client-s3/-/client-s3-3.1062.0.tgz 3023ms (cache miss)
2440 http fetch GET 200 https://registry.npmjs.org/class-validator/-/class-validator-0.15.1.tgz 3077ms (cache miss)
2441 http fetch GET 200 https://registry.npmjs.org/@smithy/core/-/core-3.24.6.tgz 3088ms (cache miss)
2442 http fetch GET 200 https://registry.npmjs.org/typeorm/-/typeorm-1.0.0.tgz 3365ms (cache miss)
2443 info run bcrypt@6.0.0 install node_modules/bcrypt node-gyp-build
2444 info run msgpackr-extract@3.0.4 install node_modules/msgpackr-extract node-gyp-build-optional-packages
2445 info run bcrypt@6.0.0 install { code: 0, signal: null }
2446 info run msgpackr-extract@3.0.4 install { code: 0, signal: null }
2447 info run @scarf/scarf@1.4.0 postinstall node_modules/@scarf/scarf node ./report.js
2448 info run protobufjs@7.6.2 postinstall node_modules/protobufjs node scripts/postinstall
2449 info run protobufjs@7.6.2 postinstall { code: 0, signal: null }
2450 info run @scarf/scarf@1.4.0 postinstall { code: 0, signal: null }
2451 silly ADD node_modules/get-east-asian-width
2452 silly ADD node_modules/lodash.isarguments
2453 silly ADD node_modules/lodash.defaults
2454 silly ADD node_modules/sql-highlight
2455 silly ADD node_modules/dayjs
2456 silly ADD node_modules/@sqltools/formatter
2457 silly ADD node_modules/@scarf/scarf
2458 silly ADD node_modules/@protobufjs/utf8
2459 silly ADD node_modules/@protobufjs/pool
2460 silly ADD node_modules/@protobufjs/path
2461 silly ADD node_modules/@protobufjs/inquire
2462 silly ADD node_modules/@protobufjs/float
2463 silly ADD node_modules/@protobufjs/fetch
2464 silly ADD node_modules/@protobufjs/eventemitter
2465 silly ADD node_modules/@protobufjs/codegen
2466 silly ADD node_modules/@protobufjs/base64
2467 silly ADD node_modules/@protobufjs/aspromise
2468 silly ADD node_modules/xtend
2469 silly ADD node_modules/split2
2470 silly ADD node_modules/postgres-interval
2471 silly ADD node_modules/postgres-date
2472 silly ADD node_modules/postgres-bytea
2473 silly ADD node_modules/postgres-array
2474 silly ADD node_modules/pg-int8
2475 silly ADD node_modules/pgpass
2476 silly ADD node_modules/pg-pool
2477 silly ADD node_modules/pg-connection-string
2478 silly ADD node_modules/pg-cloudflare
2479 silly ADD node_modules/utils-merge
2480 silly ADD node_modules/pause
2481 silly ADD node_modules/passport-strategy
2482 silly ADD node_modules/detect-libc
2483 silly ADD node_modules/web-streams-polyfill
2484 silly ADD node_modules/node-domexception
2485 silly ADD node_modules/formdata-polyfill
2486 silly ADD node_modules/fetch-blob
2487 silly ADD node_modules/data-uri-to-buffer
2488 silly ADD node_modules/node-gyp-build-optional-packages
2489 silly ADD node_modules/@msgpackr-extract/msgpackr-extract-darwin-arm64
2490 silly ADD node_modules/msgpackr-extract
2491 silly ADD node_modules/ecdsa-sig-formatter
2492 silly ADD node_modules/buffer-equal-constant-time
2493 silly ADD node_modules/jwa
2494 silly ADD node_modules/lodash.once
2495 silly ADD node_modules/lodash.isstring
2496 silly ADD node_modules/lodash.isplainobject
2497 silly ADD node_modules/lodash.isnumber
2498 silly ADD node_modules/lodash.isinteger
2499 silly ADD node_modules/lodash.isboolean
2500 silly ADD node_modules/lodash.includes
2501 silly ADD node_modules/jws
2502 silly ADD node_modules/bignumber.js
2503 silly ADD node_modules/standard-as-callback
2504 silly ADD node_modules/redis-parser
2505 silly ADD node_modules/redis-errors
2506 silly ADD node_modules/denque
2507 silly ADD node_modules/cluster-key-slot
2508 silly ADD node_modules/@ioredis/commands
2509 silly ADD node_modules/module-details-from-path
2510 silly ADD node_modules/acorn-import-attributes
2511 silly ADD node_modules/agent-base
2512 silly ADD node_modules/rimraf
2513 silly ADD node_modules/rimraf/node_modules/lru-cache
2514 silly ADD node_modules/rimraf/node_modules/brace-expansion
2515 silly ADD node_modules/rimraf/node_modules/path-scurry
2516 silly ADD node_modules/rimraf/node_modules/minimatch
2517 silly ADD node_modules/rimraf/node_modules/glob
2518 silly ADD node_modules/node-fetch
2519 silly ADD node_modules/https-proxy-agent
2520 silly ADD node_modules/extend
2521 silly ADD node_modules/json-bigint
2522 silly ADD node_modules/google-logging-utils
2523 silly ADD node_modules/gaxios
2524 silly ADD node_modules/xml-naming
2525 silly ADD node_modules/strnum
2526 silly ADD node_modules/path-expression-matcher
2527 silly ADD node_modules/fast-xml-builder
2528 silly ADD node_modules/@nodable/entities
2529 silly ADD node_modules/luxon
2530 silly ADD node_modules/validator
2531 silly ADD node_modules/libphonenumber-js
2532 silly ADD node_modules/@types/validator
2533 silly ADD node_modules/msgpackr
2534 silly ADD node_modules/cron-parser
2535 silly ADD node_modules/node-gyp-build
2536 silly ADD node_modules/node-addon-api
2537 silly ADD node_modules/pg-types
2538 silly ADD node_modules/pg-protocol
2539 silly ADD node_modules/@types/ms
2540 silly ADD node_modules/@smithy/is-array-buffer
2541 silly ADD node_modules/@smithy/util-buffer-from
2542 silly ADD node_modules/yaml
2543 silly ADD node_modules/@opentelemetry/sdk-trace-node
2544 silly ADD node_modules/@opentelemetry/propagator-jaeger
2545 silly ADD node_modules/@opentelemetry/propagator-b3
2546 silly ADD node_modules/@opentelemetry/exporter-zipkin
2547 silly ADD node_modules/@opentelemetry/exporter-trace-otlp-proto
2548 silly ADD node_modules/@opentelemetry/exporter-trace-otlp-http
2549 silly ADD node_modules/@opentelemetry/exporter-prometheus
2550 silly ADD node_modules/@opentelemetry/exporter-metrics-otlp-proto
2551 silly ADD node_modules/@opentelemetry/exporter-metrics-otlp-http
2552 silly ADD node_modules/@opentelemetry/exporter-metrics-otlp-grpc
2553 silly ADD node_modules/@opentelemetry/exporter-logs-otlp-proto
2554 silly ADD node_modules/@opentelemetry/exporter-logs-otlp-http
2555 silly ADD node_modules/@opentelemetry/exporter-logs-otlp-grpc
2556 silly ADD node_modules/@opentelemetry/context-async-hooks
2557 silly ADD node_modules/@opentelemetry/configuration
2558 silly ADD node_modules/gcp-metadata
2559 silly ADD node_modules/@opentelemetry/sdk-metrics
2560 silly ADD node_modules/@opentelemetry/sdk-logs
2561 silly ADD node_modules/@types/tedious
2562 silly ADD node_modules/@types/pg-pool
2563 silly ADD node_modules/@types/pg
2564 silly ADD node_modules/@types/oracledb
2565 silly ADD node_modules/@opentelemetry/sql-common
2566 silly ADD node_modules/@types/mysql
2567 silly ADD node_modules/@types/memcached
2568 silly ADD node_modules/@opentelemetry/redis-common
2569 silly ADD node_modules/forwarded-parse
2570 silly ADD node_modules/@types/bunyan
2571 silly ADD node_modules/@types/aws-lambda
2572 silly ADD node_modules/require-in-the-middle
2573 silly ADD node_modules/import-in-the-middle
2574 silly ADD node_modules/@opentelemetry/api-logs
2575 silly ADD node_modules/protobufjs
2576 silly ADD node_modules/long
2577 silly ADD node_modules/lodash.camelcase
2578 silly ADD node_modules/@js-sdsl/ordered-map
2579 silly ADD node_modules/@grpc/proto-loader
2580 silly ADD node_modules/@opentelemetry/sdk-trace-base
2581 silly ADD node_modules/@opentelemetry/otlp-transformer
2582 silly ADD node_modules/@opentelemetry/otlp-grpc-exporter-base
2583 silly ADD node_modules/@opentelemetry/otlp-exporter-base
2584 silly ADD node_modules/@grpc/grpc-js
2585 silly ADD node_modules/@opentelemetry/semantic-conventions
2586 silly ADD node_modules/@opentelemetry/resources
2587 silly ADD node_modules/@opentelemetry/resource-detector-gcp
2588 silly ADD node_modules/@opentelemetry/resource-detector-container
2589 silly ADD node_modules/@opentelemetry/resource-detector-azure
2590 silly ADD node_modules/@opentelemetry/resource-detector-aws
2591 silly ADD node_modules/@opentelemetry/resource-detector-alibaba-cloud
2592 silly ADD node_modules/@opentelemetry/instrumentation-winston
2593 silly ADD node_modules/@opentelemetry/instrumentation-undici
2594 silly ADD node_modules/@opentelemetry/instrumentation-tedious
2595 silly ADD node_modules/@opentelemetry/instrumentation-socket.io
2596 silly ADD node_modules/@opentelemetry/instrumentation-runtime-node
2597 silly ADD node_modules/@opentelemetry/instrumentation-router
2598 silly ADD node_modules/@opentelemetry/instrumentation-restify
2599 silly ADD node_modules/@opentelemetry/instrumentation-redis
2600 silly ADD node_modules/@opentelemetry/instrumentation-pino
2601 silly ADD node_modules/@opentelemetry/instrumentation-pg
2602 silly ADD node_modules/@opentelemetry/instrumentation-oracledb
2603 silly ADD node_modules/@opentelemetry/instrumentation-openai
2604 silly ADD node_modules/@opentelemetry/instrumentation-net
2605 silly ADD node_modules/@opentelemetry/instrumentation-nestjs-core
2606 silly ADD node_modules/@opentelemetry/instrumentation-mysql2
2607 silly ADD node_modules/@opentelemetry/instrumentation-mysql
2608 silly ADD node_modules/@opentelemetry/instrumentation-mongoose
2609 silly ADD node_modules/@opentelemetry/instrumentation-mongodb
2610 silly ADD node_modules/@opentelemetry/instrumentation-memcached
2611 silly ADD node_modules/@opentelemetry/instrumentation-lru-memoizer
2612 silly ADD node_modules/@opentelemetry/instrumentation-koa
2613 silly ADD node_modules/@opentelemetry/instrumentation-knex
2614 silly ADD node_modules/@opentelemetry/instrumentation-kafkajs
2615 silly ADD node_modules/@opentelemetry/instrumentation-ioredis
2616 silly ADD node_modules/@opentelemetry/instrumentation-http
2617 silly ADD node_modules/@opentelemetry/instrumentation-hapi
2618 silly ADD node_modules/@opentelemetry/instrumentation-grpc
2619 silly ADD node_modules/@opentelemetry/instrumentation-graphql
2620 silly ADD node_modules/@opentelemetry/instrumentation-generic-pool
2621 silly ADD node_modules/@opentelemetry/instrumentation-fs
2622 silly ADD node_modules/@opentelemetry/instrumentation-express
2623 silly ADD node_modules/@opentelemetry/instrumentation-dns
2624 silly ADD node_modules/@opentelemetry/instrumentation-dataloader
2625 silly ADD node_modules/@opentelemetry/instrumentation-cucumber
2626 silly ADD node_modules/@opentelemetry/instrumentation-connect
2627 silly ADD node_modules/@opentelemetry/instrumentation-cassandra-driver
2628 silly ADD node_modules/@opentelemetry/instrumentation-bunyan
2629 silly ADD node_modules/@opentelemetry/instrumentation-aws-sdk
2630 silly ADD node_modules/@opentelemetry/instrumentation-aws-lambda
2631 silly ADD node_modules/@opentelemetry/instrumentation-amqplib
2632 silly ADD node_modules/@opentelemetry/instrumentation
2633 silly ADD node_modules/swagger-ui-dist
2634 silly ADD node_modules/@nestjs/mapped-types
2635 silly ADD node_modules/@microsoft/tsdoc
2636 silly ADD node_modules/jsonwebtoken
2637 silly ADD node_modules/@types/jsonwebtoken
2638 silly ADD node_modules/dotenv-expand
2639 silly ADD node_modules/dotenv-expand/node_modules/dotenv
2640 silly ADD node_modules/dotenv
2641 silly ADD node_modules/@nestjs/bull-shared
2642 silly ADD node_modules/fast-xml-parser
2643 silly ADD node_modules/@aws-crypto/crc32c
2644 silly ADD node_modules/@aws-crypto/crc32
2645 silly ADD node_modules/@aws-sdk/checksums
2646 silly ADD node_modules/@aws-sdk/token-providers
2647 silly ADD node_modules/@aws-sdk/nested-clients
2648 silly ADD node_modules/@aws-sdk/credential-provider-login
2649 silly ADD node_modules/@smithy/credential-provider-imds
2650 silly ADD node_modules/@aws-sdk/credential-provider-web-identity
2651 silly ADD node_modules/@aws-sdk/credential-provider-sso
2652 silly ADD node_modules/@aws-sdk/credential-provider-process
2653 silly ADD node_modules/@aws-sdk/credential-provider-ini
2654 silly ADD node_modules/@aws-sdk/credential-provider-http
2655 silly ADD node_modules/@aws-sdk/credential-provider-env
2656 silly ADD node_modules/bowser
2657 silly ADD node_modules/@smithy/signature-v4
2658 silly ADD node_modules/@aws/lambda-invoke-store
2659 silly ADD node_modules/@aws-sdk/xml-builder
2660 silly ADD node_modules/@smithy/util-utf8
2661 silly ADD node_modules/@aws-sdk/util-locate-window
2662 silly ADD node_modules/@aws-crypto/util
2663 silly ADD node_modules/@aws-crypto/supports-web-crypto
2664 silly ADD node_modules/@smithy/types
2665 silly ADD node_modules/@smithy/node-http-handler
2666 silly ADD node_modules/@smithy/fetch-http-handler
2667 silly ADD node_modules/@smithy/core
2668 silly ADD node_modules/@aws-sdk/types
2669 silly ADD node_modules/@aws-sdk/signature-v4-multi-region
2670 silly ADD node_modules/@aws-sdk/middleware-sdk-s3
2671 silly ADD node_modules/@aws-sdk/middleware-flexible-checksums
2672 silly ADD node_modules/@aws-sdk/credential-provider-node
2673 silly ADD node_modules/@aws-sdk/core
2674 silly ADD node_modules/@aws-crypto/sha256-js
2675 silly ADD node_modules/@aws-crypto/sha256-browser
2676 silly ADD node_modules/@aws-crypto/sha1-browser
2677 silly ADD node_modules/typeorm
2678 silly ADD node_modules/typeorm/node_modules/ansi-styles
2679 silly ADD node_modules/typeorm/node_modules/ansi-regex
2680 silly ADD node_modules/typeorm/node_modules/emoji-regex
2681 silly ADD node_modules/typeorm/node_modules/wrap-ansi
2682 silly ADD node_modules/typeorm/node_modules/strip-ansi
2683 silly ADD node_modules/typeorm/node_modules/yargs-parser
2684 silly ADD node_modules/typeorm/node_modules/string-width
2685 silly ADD node_modules/typeorm/node_modules/cliui
2686 silly ADD node_modules/typeorm/node_modules/yargs
2687 silly ADD node_modules/pg
2688 silly ADD node_modules/passport-jwt
2689 silly ADD node_modules/ioredis
2690 silly ADD node_modules/class-validator
2691 silly ADD node_modules/class-transformer
2692 silly ADD node_modules/bullmq
2693 silly ADD node_modules/bullmq/node_modules/@ioredis/commands
2694 silly ADD node_modules/bullmq/node_modules/semver
2695 silly ADD node_modules/bullmq/node_modules/ioredis
2696 silly ADD node_modules/bcrypt
2697 silly ADD node_modules/@opentelemetry/sdk-node
2698 silly ADD node_modules/@opentelemetry/exporter-trace-otlp-grpc
2699 silly ADD node_modules/@opentelemetry/core
2700 silly ADD node_modules/@opentelemetry/auto-instrumentations-node
2701 silly ADD node_modules/@opentelemetry/api
2702 silly ADD node_modules/@nestjs/typeorm
2703 silly ADD node_modules/@nestjs/swagger
2704 silly ADD node_modules/@nestjs/swagger/node_modules/js-yaml
2705 silly ADD node_modules/passport
2706 silly ADD node_modules/@nestjs/passport
2707 silly ADD node_modules/@nestjs/jwt
2708 silly ADD node_modules/@nestjs/config
2709 silly ADD node_modules/@nestjs/bullmq
2710 silly ADD node_modules/@aws-sdk/client-s3
2711 verbose cwd /Users/neosoft/StudioProjects/vibe coding/travel_expense_backend
2712 verbose os Darwin 25.1.0
2713 verbose node v24.13.0
2714 verbose npm  v11.6.2
2715 verbose exit 0
2716 info ok
